variant,swaps_done,gini_pool,gini_all53,top3_all53,overlap5,n_nonzero_pool
degree-preserving,430,0.8397529132510613,0.8291997947202407,0.5045857170824966,2,14
degree-preserving,430,0.8200137486593049,0.7665333448641447,0.39799774370032504,2,14
degree-preserving,430,0.8178590610832308,0.7822130853120064,0.4158318148782237,4,12
degree-preserving,430,0.8064072122220798,0.7622597658517851,0.4129920516359192,3,16
degree-preserving,430,0.8091120929353646,0.814019761681285,0.48837005367045233,3,15
degree-preserving,430,0.8473658340094905,0.8273249754421197,0.4953768126807309,5,13
degree-preserving,430,0.8554772716416175,0.8158322338852915,0.5142255390129626,2,16
degree-preserving,430,0.7748114899622196,0.8050408688265909,0.46175244931075815,2,16
degree-preserving,430,0.8620476899503817,0.8428363615399876,0.5463252842706136,3,16
degree-preserving,430,0.8161755947967086,0.8181533396097076,0.4327080427954056,4,16
degree-preserving,430,0.8150037894408202,0.8144229735931021,0.44045115803539114,3,15
degree-preserving,430,0.7932112834220446,0.8083474687620835,0.4258018054489637,3,14
degree-preserving,430,0.8213721544130301,0.8138267405256634,0.4588647278280888,3,15
degree-preserving,430,0.844540742079406,0.8344151905732486,0.5241543032206948,3,15
degree-preserving,430,0.8468049561148454,0.7929424017843492,0.383557332822017,5,17
degree-preserving,430,0.8042672047700319,0.8106365090637901,0.4248476384607062,3,16
degree-preserving,430,0.74840694735379,0.7812147411799859,0.43816267207040005,3,15
degree-preserving,430,0.8258531853177247,0.8193244358532419,0.48506605049158236,2,13
degree-preserving,430,0.7688130796369741,0.8014889253428878,0.4323493800763874,3,17
degree-preserving,430,0.8120392696274419,0.8317967175168017,0.5150167215016568,3,15
degree-preserving,430,0.7866865229635611,0.7997285538193162,0.4638457760937143,3,12
degree-preserving,430,0.8618349715606763,0.841166358378767,0.5234461988759269,2,9
degree-preserving,430,0.814236444699594,0.7872916830501331,0.4705590821906194,3,14
degree-preserving,430,0.7776399286309548,0.8332407007750122,0.5487688986925032,2,13
degree-preserving,430,0.8363599271594833,0.8471822500498867,0.5326809754338063,3,13
degree-preserving,430,0.7974120737113037,0.816025644562693,0.504880700267594,2,15
degree-preserving,430,0.8278670599374875,0.7890883129681205,0.4428651186234577,2,12
degree-preserving,430,0.7975066494313552,0.7962077959678,0.4273902222011757,2,12
degree-preserving,430,0.8323851168428811,0.7981488858937942,0.4540132032940285,4,14
degree-preserving,430,0.7753626355088215,0.7734468059962905,0.3670032978223457,3,16
degree-preserving,430,0.843551682187857,0.8223098604065928,0.49743524412642304,3,13
degree-preserving,430,0.8071053701522408,0.8089697759370094,0.49119044273716267,2,13
degree-preserving,430,0.8666993209459621,0.8301832454496187,0.48187774567422265,3,12
degree-preserving,430,0.8289844456475808,0.7886639026728184,0.36992939185838936,3,14
degree-preserving,430,0.8352071935034127,0.798911072660595,0.4373596025988128,4,12
degree-preserving,430,0.8444474947179603,0.8610527908780901,0.5830347033153395,2,13
degree-preserving,430,0.7939535065133416,0.7930934060856436,0.43627668513585094,2,16
degree-preserving,430,0.8222653762550107,0.8406163602891703,0.5519370211451499,2,17
degree-preserving,430,0.8032230496668187,0.8279062995656308,0.4837944666785872,2,15
degree-preserving,430,0.8457485066015966,0.8323198837781687,0.5059181390471433,2,17
degree-preserving,430,0.8577345785504875,0.7848130773832083,0.4493740102629847,3,13
degree-preserving,430,0.8758521180367598,0.8553611690955667,0.5778142019143374,3,13
degree-preserving,430,0.774050551940032,0.7969118046480688,0.45568619609743677,3,16
degree-preserving,430,0.8281977603892039,0.8080236047164449,0.42694704514440485,2,16
degree-preserving,430,0.788255405361191,0.798758535695461,0.41619566389651236,2,16
degree-preserving,430,0.8661662351104624,0.8485468292354779,0.5345709655543512,3,12
degree-preserving,430,0.876192926522964,0.8320094100073838,0.4766702650982681,2,15
degree-preserving,430,0.8109334704231157,0.8079591218781448,0.4827712060378159,3,13
degree-preserving,430,0.8889285977525732,0.8120563733609016,0.4782115924898504,3,10
degree-preserving,430,0.8620483148715976,0.8382491764942483,0.4877775733136815,3,13
degree-preserving,430,0.8572658515626868,0.8196177432625154,0.4657665408145296,3,14
degree-preserving,430,0.8062168865812489,0.8056410736692752,0.4904227167411095,2,15
degree-preserving,430,0.8486251070773536,0.8064088083616154,0.44955989924791373,2,13
degree-preserving,430,0.8336217493825073,0.8175814370063046,0.5047674140109196,3,14
degree-preserving,430,0.7920339373855387,0.7873239046287364,0.5009139156622899,2,15
degree-preserving,430,0.8591262191901596,0.8389950613717019,0.4931021610493007,3,11
degree-preserving,430,0.8123153684446693,0.7580887360498603,0.38137618175664506,3,13
degree-preserving,430,0.8765368321777849,0.828343753869762,0.47754255892285963,3,12
degree-preserving,430,0.8221666692183276,0.8116634397617701,0.4542503682989823,3,12
degree-preserving,430,0.7809540402912616,0.7923638092044174,0.3687039353041643,3,14
degree-preserving,430,0.792285947276234,0.7580965599761635,0.3218516491393212,3,15
degree-preserving,430,0.794686991909384,0.7924886003792866,0.43309104151239225,3,15
degree-preserving,430,0.8052309762977095,0.7991354501112988,0.4296982985037496,3,14
degree-preserving,430,0.8107924790257452,0.7765133610566195,0.4036539650814041,2,12
degree-preserving,430,0.7976703859360998,0.7942278682173596,0.40755530594170924,3,15
degree-preserving,430,0.8186435106101131,0.8244248877886353,0.4762982906655938,3,14
degree-preserving,430,0.7877029422436113,0.8121747750011803,0.47046482479701446,4,14
degree-preserving,430,0.8542613825529346,0.8256818118528895,0.4995780308217554,3,13
degree-preserving,430,0.8108749892903231,0.784354890737432,0.39338959256773093,3,14
degree-preserving,430,0.8294568242238121,0.8306820869045668,0.4286489777447928,2,13
degree-preserving,430,0.8297692252966422,0.8234624448051027,0.46875613997286564,3,15
degree-preserving,430,0.8466144679734438,0.8188539471811009,0.4532584368588014,3,13
degree-preserving,430,0.8054924207388008,0.8070518843846299,0.4629129798490484,3,15
degree-preserving,430,0.851613871409828,0.8325062660261413,0.44828766312890056,3,13
degree-preserving,430,0.872103572727084,0.8453181344820972,0.5336397156711778,4,12
degree-preserving,430,0.863411429362078,0.8023579074640685,0.4770242840764597,3,15
degree-preserving,430,0.8690726872096752,0.8293666749131101,0.4840254595816169,3,15
degree-preserving,430,0.87602862655023,0.8408733903597667,0.4627842111366774,4,14
degree-preserving,430,0.8436502353090427,0.8029210485772333,0.4602927364487589,2,16
degree-preserving,430,0.8253220939376296,0.8366456221424472,0.5261591596048673,4,14
degree-preserving,430,0.8653571620611429,0.8624541369565812,0.6270493511716524,3,12
degree-preserving,430,0.8379685890863957,0.8336299539629108,0.5273792911894912,2,12
degree-preserving,430,0.7116703156583926,0.7341669791814056,0.3081070278129909,2,17
degree-preserving,430,0.8169363558838223,0.7796983377344844,0.38676797111976186,3,16
degree-preserving,430,0.8153452569955806,0.7970812517720953,0.4126558985220209,2,15
degree-preserving,430,0.8479251710672915,0.8136338491048338,0.517420346607926,2,16
degree-preserving,430,0.7217137654149335,0.7691009946783989,0.4645265825575652,1,16
degree-preserving,430,0.7991098972375357,0.7791556370012427,0.4047353566091786,3,18
degree-preserving,430,0.8114886632858136,0.809907683103303,0.44343072230828723,3,14
degree-preserving,430,0.8016933857619901,0.8159361569374546,0.45013377183192044,3,16
degree-preserving,430,0.805743266162736,0.7710452293389047,0.3812449787317939,2,17
degree-preserving,430,0.7580967075197274,0.8024991437361535,0.48157788972215904,2,14
degree-preserving,430,0.7991147396557818,0.8244137754732437,0.5553818936631824,3,17
degree-preserving,430,0.7844728458191901,0.7573305669230823,0.34990029545542434,2,15
degree-preserving,430,0.8511539311296745,0.8086631783162463,0.4180880928986832,3,12
degree-preserving,430,0.8610746039937776,0.8226701330860542,0.4336022976862225,4,14
degree-preserving,430,0.8532335650840106,0.8211792054018996,0.46768193898361254,3,13
degree-preserving,430,0.824219984427216,0.7927851159441317,0.44273280173913,2,13
degree-preserving,430,0.8170478884963013,0.8030925273097984,0.4038290969846969,3,14
degree-preserving,430,0.8414961759978816,0.8494514347308955,0.558771247843637,4,17
degree-preserving,430,0.851778156465226,0.8439323229939792,0.5213143528315305,3,15
degree-preserving,430,0.8650123886193366,0.8248905785293101,0.4589735132329191,4,13
degree-preserving,430,0.8684055067450385,0.8266277653505645,0.4167742880653243,3,13
degree-preserving,430,0.8236258060314572,0.8151125993880237,0.4627534694416579,4,15
degree-preserving,430,0.7889380745935288,0.7918743479070571,0.4488262920584573,3,15
degree-preserving,430,0.8396021191780918,0.8340896011768544,0.5246190489408252,3,14
degree-preserving,430,0.8284192085154665,0.78655739800036,0.44097712722438387,2,14
degree-preserving,430,0.7901452365063972,0.7889807020371467,0.40331417024962934,3,13
degree-preserving,430,0.7993408934149002,0.798988983657317,0.4632874875039908,2,15
degree-preserving,430,0.8493289172991774,0.8128080813400846,0.4629680989118058,3,15
degree-preserving,430,0.8434570525070966,0.8377690121652388,0.5297604450247891,3,13
degree-preserving,430,0.7476914865189104,0.7218834260230484,0.3315587498371142,2,15
degree-preserving,430,0.8721134149193832,0.8162136593371574,0.4665142391937084,3,14
degree-preserving,430,0.8225285363491526,0.8260635478591631,0.49459729997187624,4,15
degree-preserving,430,0.8410690597065511,0.8258100762775475,0.5236416317908232,2,17
degree-preserving,430,0.8352112104155909,0.8072596576039337,0.4128357398909041,3,14
degree-preserving,430,0.8788710601745939,0.8564542447030268,0.5193162564601636,3,13
degree-preserving,430,0.8301031510457639,0.8115527733500807,0.41860488106475663,3,16
degree-preserving,430,0.8441241607839907,0.8021553766369021,0.40945537873983034,3,14
degree-preserving,430,0.8049458043734996,0.7899783445372419,0.38050237786950913,3,15
degree-preserving,430,0.7520129096732073,0.7584704116516798,0.3975338663185998,3,13
degree-preserving,430,0.8852885940358004,0.8460582528587257,0.5300913351064935,3,12
degree-preserving,430,0.8164062791909836,0.7748524852663723,0.38881374469609387,2,15
degree-preserving,430,0.8424867844384465,0.8622494454874086,0.5906215531840424,4,14
degree-preserving,430,0.8515659528907722,0.8380030880469029,0.48101223622737665,3,10
degree-preserving,430,0.8432624308894967,0.8157512103491416,0.48295835516766594,3,13
degree-preserving,430,0.876835716962538,0.8625083010276184,0.5760175613909176,4,16
degree-preserving,430,0.8605811852120824,0.8126205056947298,0.4214713896540391,4,10
degree-preserving,430,0.8003697213722616,0.7925550960575969,0.48019449731474656,4,15
degree-preserving,430,0.8267061872921873,0.7969978937931423,0.425390838461947,3,14
degree-preserving,430,0.8151935891203801,0.7879551351084157,0.3885468308278959,3,13
degree-preserving,430,0.8815881136925408,0.8384524962262196,0.5107035266692305,3,14
degree-preserving,430,0.8315958977187445,0.8133605624580063,0.4643647287386566,2,15
degree-preserving,430,0.8195045369068428,0.7920611556134172,0.4692063094997172,3,14
degree-preserving,430,0.7737961659132995,0.799193548346322,0.4537777915537406,3,13
degree-preserving,430,0.8494325102836024,0.8292963513266978,0.47376946191945446,2,11
degree-preserving,430,0.8358751648583349,0.7896028179312633,0.4587479593928425,2,12
degree-preserving,430,0.7744454477680467,0.7193308349092375,0.36182385453636906,3,14
degree-preserving,430,0.8344981810295684,0.8197344070283148,0.5196471667439191,2,16
degree-preserving,430,0.8689866938765212,0.8521117078174203,0.5521137003527594,3,14
degree-preserving,430,0.8293124660614415,0.806112597075346,0.43206298134476046,3,12
degree-preserving,430,0.8267275651197319,0.8163229185512895,0.5075321072941172,2,16
degree-preserving,430,0.8153792152901504,0.8202423612606227,0.4711990929733054,3,15
degree-preserving,430,0.8729052155009009,0.8231402763849345,0.4491521055958469,3,13
degree-preserving,430,0.8170995684859601,0.8002345693238493,0.3935210534005255,3,13
degree-preserving,430,0.8161221184802847,0.8316472602331628,0.5048270484482419,4,13
degree-preserving,430,0.8334452574860962,0.8266799660721162,0.47013408577611077,3,12
degree-preserving,430,0.8080561392085708,0.798909697214945,0.4416337797185537,3,14
degree-preserving,430,0.8669374215858607,0.8405092131582743,0.49553664813695253,3,12
degree-preserving,430,0.7773418826583762,0.7732919763862491,0.39017520433134906,3,14
degree-preserving,430,0.7973502322862105,0.7885568069916895,0.4065531566255207,3,13
degree-preserving,430,0.869019322893795,0.8387804869022593,0.4916070544321972,4,11
degree-preserving,430,0.8689468983412041,0.8072360099267353,0.4541163118676327,3,13
degree-preserving,430,0.8125029548713665,0.7864144323045996,0.383155393573539,3,13
degree-preserving,430,0.7798918015544398,0.7599263472291853,0.3060721114679814,3,13
degree-preserving,430,0.8543496178053374,0.8179831207025758,0.46701271434616254,2,11
degree-preserving,430,0.7867990226644692,0.766286052515234,0.4139079806225763,3,16
degree-preserving,430,0.8417450597414486,0.8428959498499649,0.4958919815722731,4,13
degree-preserving,430,0.8158500769010992,0.8143269852308335,0.451940627051481,3,11
degree-preserving,430,0.7564490513112718,0.8139385807008519,0.487352746773908,3,16
degree-preserving,430,0.8809197959544421,0.8156273983729714,0.45035353982244,3,12
degree-preserving,430,0.8522049425719069,0.8435887854313375,0.5241217193225232,3,17
degree-preserving,430,0.798001236648106,0.7443426890560043,0.30725970222472904,4,15
degree-preserving,430,0.8665846252995835,0.8449205081789615,0.49955113457955375,3,15
degree-preserving,430,0.8237171125067884,0.8126490384166078,0.44312079029155016,3,13
degree-preserving,430,0.7936415177701606,0.7943528111751059,0.42838282671734695,3,15
degree-preserving,430,0.848333044223635,0.8366311637034654,0.47682583492834285,3,14
degree-preserving,430,0.8655143435206005,0.8449020331986588,0.5513300854318758,4,15
degree-preserving,430,0.8501518191601474,0.817850635605011,0.5084541468014774,2,14
degree-preserving,430,0.8255262798508891,0.8262496510291135,0.507582357645616,3,17
degree-preserving,430,0.8111778748459151,0.7943782498519614,0.3918546227787311,2,12
degree-preserving,430,0.7213751022542303,0.7685788656248278,0.42322002064270053,2,15
degree-preserving,430,0.7826867100429451,0.7767127433297152,0.37146614053507027,4,16
degree-preserving,430,0.8349152213705013,0.8142630399255193,0.4394617967258552,3,18
degree-preserving,430,0.8341237254312834,0.815945144498391,0.5287054286938383,3,14
degree-preserving,430,0.7568099134376864,0.7640691098909895,0.35880177794834234,3,17
degree-preserving,430,0.8313113615278287,0.7944640702728452,0.3834713760854469,2,12
degree-preserving,430,0.8208610238013698,0.832302424513623,0.4852232076359414,3,15
degree-preserving,430,0.8046047641949552,0.776788366451046,0.36574440283693105,4,14
degree-preserving,430,0.8160730296574674,0.7931757147285066,0.4369720019723839,3,12
degree-preserving,430,0.8467916086181382,0.7983011725175717,0.4442637274453344,3,16
degree-preserving,430,0.8320839978986849,0.8315510302451621,0.5417539933493224,3,17
degree-preserving,430,0.8444348723198427,0.8567931208782469,0.570061009375999,3,12
degree-preserving,430,0.7759487007841743,0.7651683341375914,0.3910485395960549,3,18
degree-preserving,430,0.8086917342330537,0.8085437233398194,0.4370196493831753,3,13
degree-preserving,430,0.8057790151844981,0.8149664763109814,0.48844959810599675,3,15
degree-preserving,430,0.8344331163810867,0.8362533624485087,0.5375771519010086,2,14
degree-preserving,430,0.8172757034595475,0.8247876356871788,0.4672409726830658,3,12
degree-preserving,430,0.8825125735678572,0.8550177206099627,0.5816180036527142,3,13
degree-preserving,430,0.708200471929362,0.7473697973835847,0.35751940704774315,2,15
degree-preserving,430,0.8090090423907839,0.8319283486523923,0.5218399517024236,3,17
degree-preserving,430,0.8109248937607589,0.8272675443949917,0.49450609093640263,3,15
degree-preserving,430,0.825996432482035,0.8227036297849,0.4742189631306823,3,13
degree-preserving,430,0.8773753654450562,0.8421754285125007,0.5386684759522339,3,14
degree-preserving,430,0.8378282632018763,0.7999552887051771,0.44147205346808194,2,13
degree-preserving,430,0.8526949641293022,0.7935827968858644,0.41574472003277285,4,13
degree-preserving,430,0.7463114776312294,0.7663282264414712,0.37213213331960776,3,16
degree-preserving,430,0.8214367856808562,0.8437579793249381,0.4800012382066998,3,14
degree-preserving,430,0.8402242326953486,0.8027579848751767,0.46865132274533267,3,14
degree-preserving,430,0.8146798539815068,0.8383375616595876,0.5067267807863398,4,15
degree-preserving,430,0.7258196099258885,0.7725986885991596,0.4095004569055799,2,15
degree-preserving,430,0.7764645129240384,0.792889842951825,0.46055511863638254,2,15
degree-preserving,430,0.8546866277958338,0.8436578087126558,0.5043953866224723,4,14
degree-preserving,430,0.8433711733389557,0.8135734626130253,0.4477254951012577,3,16
degree-preserving,430,0.8292256993546403,0.8052239026900538,0.4478366395663601,2,14
degree-preserving,430,0.8528756638173447,0.8464719405683743,0.5414099461140527,3,15
degree-preserving,430,0.8296873577077186,0.8359051506513879,0.5241926006183388,2,14
degree-preserving,430,0.7968168713679229,0.8218233971041919,0.5102193444745248,3,15
degree-preserving,430,0.8451975122639119,0.8326385044784508,0.5094616652435203,2,12
degree-preserving,430,0.8517150440619845,0.8364839173093455,0.5115651635258958,3,15
degree-preserving,430,0.837255303904568,0.7995341380770384,0.4097708995155999,3,11
degree-preserving,430,0.8222113275595464,0.8081317950704445,0.4679616597866902,3,13
degree-preserving,430,0.8162837014556987,0.8130803767904262,0.4956523580894599,3,12
degree-preserving,430,0.8317614577232189,0.8432175102439026,0.4531909250924466,3,15
degree-preserving,430,0.8174038334657538,0.8186729559055337,0.4756406823662577,2,15
degree-preserving,430,0.8656920288688947,0.8272168815989307,0.45806066661989153,3,12
degree-preserving,430,0.7956274823313036,0.7798572111368374,0.4095871441246123,3,13
degree-preserving,430,0.8497636605885575,0.8302622699962323,0.5036329965959195,2,14
degree-preserving,430,0.8375900653141595,0.8133074659131512,0.4490698235662217,3,11
degree-preserving,430,0.8242127173933118,0.8216058390643517,0.45576896379005866,3,15
degree-preserving,430,0.798757094898741,0.8452835310470281,0.5265155533544765,3,18
degree-preserving,430,0.8627631098120929,0.8208801708630449,0.47914749700684683,2,12
degree-preserving,430,0.7687909188590063,0.8182435322491826,0.4875145974989847,2,17
degree-preserving,430,0.7909897460447102,0.8087828931042143,0.46422505236595846,3,12
degree-preserving,430,0.8108793716314007,0.8160116394415546,0.46675682287479753,3,14
degree-preserving,430,0.8096649874819091,0.8142595396641974,0.47890335122568173,2,14
degree-preserving,430,0.7642921737367099,0.776232883527807,0.4046785290949043,3,16
degree-preserving,430,0.8577636498277652,0.8198944626679618,0.4154582875509414,3,11
degree-preserving,430,0.825072410377355,0.8069776948075393,0.3945829007788518,3,15
degree-preserving,430,0.7728305254756904,0.7854644776593107,0.4293399129055718,2,15
degree-preserving,430,0.7372784589544408,0.7372955439852968,0.3356373256816999,3,14
degree-preserving,430,0.8343715138914358,0.8453867603302172,0.5132571645248315,2,15
degree-preserving,430,0.7667884391284736,0.7797581026365161,0.4055004011350074,3,12
degree-preserving,430,0.8686534216685964,0.8462979582019359,0.49135929011499824,2,13
degree-preserving,430,0.7865516838078181,0.7986497689744996,0.5028827140939517,2,15
degree-preserving,430,0.8200049754230458,0.8113472157809487,0.47520944182389635,3,13
degree-preserving,430,0.6858049251512683,0.7281527088050108,0.34062852832466467,2,16
degree-preserving,430,0.8252525737586693,0.7956318115057861,0.4261009243063061,3,13
degree-preserving,430,0.8237583307839154,0.7877832891678942,0.41361137539516213,3,16
degree-preserving,430,0.8711209354888645,0.8367584551663312,0.5794392946529523,4,14
degree-preserving,430,0.7712539573779402,0.8051077047416157,0.47371369516380585,2,17
degree-preserving,430,0.8336618217070164,0.7923723220752019,0.4106698270553756,3,15
degree-preserving,430,0.7884493256998415,0.7898946706337004,0.38137427534952134,3,16
degree-preserving,430,0.8323689427972993,0.8218650598729311,0.48486680594994397,3,12
degree-preserving,430,0.8458829565594113,0.8068679251080069,0.45043693100116466,3,12
degree-preserving,430,0.8068915058825703,0.8077997192849091,0.4299771848517015,2,14
degree-preserving,430,0.8226453278580286,0.8137023540168107,0.45547216025863596,3,13
degree-preserving,430,0.8087061756367475,0.7690894313568375,0.3349883315142925,3,10
degree-preserving,430,0.8217050919868261,0.796759078348648,0.3554212274682715,3,12
degree-preserving,430,0.8668135185363262,0.83898897734511,0.5104198269647905,3,15
degree-preserving,430,0.8447380002268712,0.8526579536720218,0.5873870936780878,4,12
degree-preserving,430,0.6934493280248986,0.7322252079693188,0.367068164907696,1,15
degree-preserving,430,0.860465639803101,0.8459636227673946,0.48493070332391947,3,15
degree-preserving,430,0.8539929486709292,0.8035741969801391,0.4074081406827035,2,14
degree-preserving,430,0.8250551024540482,0.7984420833700638,0.4663590403234049,4,13
degree-preserving,430,0.8146616652754908,0.7917274635400333,0.42808666056903893,2,14
degree-preserving,430,0.8727217361518871,0.8358130573675189,0.47436207694434257,3,11
degree-preserving,430,0.7945512560718153,0.7770029992254988,0.35872499722094237,3,14
degree-preserving,430,0.753063129912954,0.8356110047248397,0.5048131343619822,3,13
degree-preserving,430,0.8576878484268398,0.8388061058816128,0.5149785305309963,3,14
degree-preserving,430,0.861311951194967,0.8318783631009208,0.5171034901599064,3,16
degree-preserving,430,0.8473090682244493,0.8358292117304602,0.5624706422789838,2,13
degree-preserving,430,0.8439662862882185,0.8578651839521254,0.5450301439638541,2,13
degree-preserving,430,0.7831927810797517,0.8030510836978213,0.42617671281503683,3,15
degree-preserving,430,0.8454694382004384,0.842872537461981,0.5058723029612732,3,14
degree-preserving,430,0.7883404430453385,0.8002405293204575,0.40867185940459094,3,15
degree-preserving,430,0.8321314998630043,0.822658473341723,0.49870452462321585,3,17
degree-preserving,430,0.7838925061907096,0.794050504655307,0.42761073642482605,3,13
degree-preserving,430,0.8309817738682392,0.8263767862658213,0.4732942685167812,3,14
degree-preserving,430,0.8176964716440738,0.8255341666853417,0.48978394028976396,3,15
degree-preserving,430,0.8443887188738826,0.7796810852722833,0.40231339102216446,2,13
degree-preserving,430,0.8818524115871318,0.8362464307335529,0.47863421570476467,3,13
degree-preserving,430,0.8220136233251549,0.7952844342523209,0.45129212992158707,3,13
degree-preserving,430,0.8531561307758271,0.8364774073595265,0.48774467849381586,4,16
degree-preserving,430,0.8083507183748779,0.8101076383355246,0.48336089318491754,2,16
degree-preserving,430,0.8059252558579999,0.7910702070351754,0.40388601152299874,3,16
degree-preserving,430,0.7780855395004136,0.7599911427058204,0.39105304823306325,2,16
degree-preserving,430,0.8364558460257183,0.8073192066403041,0.5228178146847796,2,14
degree-preserving,430,0.827639806018178,0.7751802071371015,0.3908782526111738,2,12
degree-preserving,430,0.8410241027937202,0.8079566785321863,0.4361764862617207,2,15
degree-preserving,430,0.8261365856827776,0.8399330001809144,0.5125728432521544,3,15
degree-preserving,430,0.8201885352653739,0.826454604628605,0.4814299530715497,4,17
degree-preserving,430,0.774631668237614,0.8179026890730552,0.48198770507737754,3,15
degree-preserving,430,0.8808231704401821,0.8290678343963716,0.5007456782359246,3,12
degree-preserving,430,0.8302632103646896,0.783315857752698,0.4163477638900456,3,14
degree-preserving,430,0.8010008340888568,0.8198520170021673,0.5242999163168482,2,15
degree-preserving,430,0.8084024368472429,0.7978523787891671,0.4468950516946959,4,15
degree-preserving,430,0.8268951421151378,0.817562466891782,0.47652361844723723,3,13
degree-preserving,430,0.8333305940919056,0.8206440971138047,0.5040159479489021,3,11
degree-preserving,430,0.8579570281781523,0.8425586094494071,0.5424851565923734,3,16
degree-preserving,430,0.8216179918311928,0.7790044222522616,0.43211123321793443,3,14
degree-preserving,430,0.8459221357797462,0.8174261971331582,0.4114201822089613,4,14
degree-preserving,430,0.7692036817046042,0.7651807664026515,0.41991049990490037,3,15
degree-preserving,430,0.8238136135555261,0.7897913553344722,0.4363511321891275,2,14
degree-preserving,430,0.7988372785241435,0.7716803886833814,0.3665711474643026,3,14
degree-preserving,430,0.7797942271494662,0.7813921861283188,0.38538610241796806,5,15
degree-preserving,430,0.7696460812964394,0.7574128184390925,0.35864471122903496,3,14
degree-preserving,430,0.777178289074133,0.7911709239454676,0.4616710123157541,2,14
degree-preserving,430,0.8340024430808781,0.7811640382557317,0.38382300117014695,3,13
degree-preserving,430,0.8309744969236954,0.7974060207515423,0.406759332306119,4,11
degree-preserving,430,0.7950112013389234,0.8179560323815478,0.4509873757564272,2,13
degree-preserving,430,0.8650457993422918,0.833356001711183,0.5718523431080191,1,16
degree-preserving,430,0.8656038137358488,0.8350723254818562,0.5947256171911373,2,15
degree-preserving,430,0.7793281388595901,0.7610237525996697,0.36989695526629207,2,14
degree-preserving,430,0.8743691325582323,0.8272381353688916,0.5035288433984448,4,11
degree-preserving,430,0.789239495464918,0.8041588193958686,0.4166778501723756,3,15
degree-preserving,430,0.782610528208838,0.8130165820288044,0.5199923120131247,3,15
degree-preserving,430,0.8404773025414685,0.8079232600319575,0.5018304961095846,2,16
degree-preserving,430,0.8119318131984181,0.8103695075632247,0.47317912612234825,4,17
degree-preserving,430,0.817630216106322,0.7895344572972121,0.4146668458779463,4,17
degree-preserving,430,0.8505188650193991,0.8318774200977492,0.4637977034532314,3,15
degree-preserving,430,0.8317916506638179,0.8309090249517415,0.4936179801448169,4,15
degree-preserving,430,0.8333515525680417,0.8116452795932545,0.434286231988593,3,14
degree-preserving,430,0.8275186347672072,0.7950000762853848,0.43655495090708507,3,11
degree-preserving,430,0.8635737892223716,0.798254404230371,0.386440275632869,3,11
degree-preserving,430,0.8685721928754104,0.8386700474573845,0.5242626295312661,3,11
degree-preserving,430,0.8321992279209205,0.8298567956917013,0.4986383547208683,3,16
degree-preserving,430,0.8291465746387252,0.7845497980986917,0.3408254311817315,3,13
degree-preserving,430,0.8237418486850323,0.848545650053995,0.5909852506424585,2,16
degree-preserving,430,0.8140331144199358,0.801293356774837,0.42245998058835366,1,17
degree-preserving,430,0.8053936247866311,0.8272605070838286,0.5384589591306116,3,18
degree-preserving,430,0.8343056084373082,0.795822868726491,0.39750115348871246,3,14
degree-preserving,430,0.8417262003308184,0.8163355535255108,0.418400275471651,3,16
degree-preserving,430,0.855566474239861,0.835139241687725,0.552511983544455,2,12
degree-preserving,430,0.795756799522964,0.7840531891000451,0.47478465423629956,2,16
degree-preserving,430,0.8204701742765972,0.7776303154078474,0.3939108015935477,4,15
degree-preserving,430,0.8138800676284477,0.7818827532682304,0.4848629360845479,2,14
degree-preserving,430,0.8152851873379068,0.8045172852203071,0.440468577243493,3,14
degree-preserving,430,0.8458700312342926,0.8365286075734633,0.4774267088179946,2,14
degree-preserving,430,0.8354921059645208,0.8248394480130163,0.47688256841947213,3,12
degree-preserving,430,0.876743950722175,0.8330426987763648,0.5069874541144168,3,11
degree-preserving,430,0.8339290707535412,0.832424507092322,0.48215706098459,3,13
degree-preserving,430,0.8141430782360839,0.7902794206170629,0.42720618386651793,4,13
degree-preserving,430,0.8124646377134097,0.7848350095112173,0.40886713818354137,3,14
degree-preserving,430,0.8011631653312135,0.7760912506649409,0.42538779151098105,3,14
degree-preserving,430,0.8548768707461731,0.8167409696604822,0.5179896268660942,2,12
degree-preserving,430,0.8811409968389792,0.8102508100864725,0.4406567249566268,3,11
degree-preserving,430,0.7531575522264236,0.7716997035954283,0.39934237493079733,2,15
degree-preserving,430,0.7856063148234085,0.7705981547708609,0.4076241356737738,4,15
degree-preserving,430,0.8037707232654914,0.8073411465884051,0.48368105757441815,2,17
degree-preserving,430,0.8568491665922429,0.8463956989482608,0.5462106778002519,4,14
degree-preserving,430,0.8295241427680311,0.8511037107504025,0.5870100625738367,2,14
degree-preserving,430,0.8292421772747687,0.8144628366785502,0.44737457166923544,4,15
degree-preserving,430,0.8628119576315354,0.832561945201042,0.450162697111917,3,13
degree-preserving,430,0.9078972104482277,0.8615840941236346,0.5592755599679137,3,11
degree-preserving,430,0.8450612164823545,0.8431813493123288,0.4832744893926212,3,14
degree-preserving,430,0.8280705940188822,0.8101076822664144,0.45014390208237237,2,15
degree-preserving,430,0.8624574245832801,0.8276114313019973,0.49400277404148674,3,14
degree-preserving,430,0.7940212685277233,0.8004743460567956,0.3932749522985788,3,15
degree-preserving,430,0.8000198443827742,0.7582580168706143,0.38312635126305034,2,13
degree-preserving,430,0.7977864530560772,0.786567087454572,0.4385372952957463,3,16
degree-preserving,430,0.8567816478648833,0.8164746938803171,0.38927426118520325,3,13
degree-preserving,430,0.8208073483390848,0.8083273745354502,0.4412854734983068,3,15
degree-preserving,430,0.8215362637288586,0.8097607759943746,0.44973992563471865,3,14
degree-preserving,430,0.7608283458292018,0.7972275583294979,0.4586877857913525,2,16
degree-preserving,430,0.7815581389586768,0.7957046860444656,0.40009125252954286,2,15
degree-preserving,430,0.8512932855723854,0.8527980100529897,0.5392366968118248,2,13
degree-preserving,430,0.8200059236000441,0.8350138503617093,0.5072541344016753,4,15
degree-preserving,430,0.778984971018426,0.7889042586691168,0.4035734522618227,2,14
degree-preserving,430,0.7826592890907642,0.7856863731223627,0.4438436319681835,3,18
degree-preserving,430,0.8740952931242612,0.8491794166307598,0.5577780688127175,2,12
degree-preserving,430,0.78874301102337,0.7667998713965525,0.4026854398739099,3,13
degree-preserving,430,0.7953204867601484,0.799003556071985,0.45796459746621676,3,16
degree-preserving,430,0.820907033690446,0.7860469379775068,0.38896534988891673,3,13
degree-preserving,430,0.8182153384339894,0.7965970087023275,0.41247832663005896,3,13
degree-preserving,430,0.8119144561628238,0.8113778740050248,0.4394753318039282,2,13
degree-preserving,430,0.8296265607190061,0.8051591661998536,0.4361279310770462,3,11
degree-preserving,430,0.8682734328864454,0.8433226948530399,0.4928858577741965,2,13
degree-preserving,430,0.7822059457894668,0.7940456426685287,0.3591686754005357,3,13
degree-preserving,430,0.8174097151395132,0.8279051632884533,0.5288807136010387,3,16
degree-preserving,430,0.8105996054454618,0.7865981448688182,0.4291913528223171,4,16
degree-preserving,430,0.8082086299022841,0.8039466628995218,0.4229448663858807,2,14
degree-preserving,430,0.8688953632775833,0.8047154574688666,0.4089559992212774,3,16
degree-preserving,430,0.8414689028184816,0.7925813440578209,0.40560489439127195,3,12
degree-preserving,430,0.7767475763374974,0.8502390588357109,0.6302717304116388,1,16
degree-preserving,430,0.8352353523368903,0.8126279138153707,0.44914565160076686,3,14
degree-preserving,430,0.7784944053139227,0.7808786943900075,0.36604368763052547,3,14
degree-preserving,430,0.7786115977962651,0.7823528747341382,0.4197975302924769,4,15
degree-preserving,430,0.812994869772953,0.787614564001522,0.3828756191263682,2,12
degree-preserving,430,0.8161579412647673,0.8062024568080239,0.4026261856759632,3,16
degree-preserving,430,0.8162706394869435,0.8174291521259298,0.49975989828650563,3,14
degree-preserving,430,0.8728461130138818,0.8385017799558012,0.544310396364111,2,13
degree-preserving,430,0.7403128717567515,0.765983015566635,0.4249989933116555,2,13
degree-preserving,430,0.8423210567216721,0.7703257697871653,0.3735103165824385,4,15
degree-preserving,430,0.7786761380338536,0.7830557716685052,0.39984979193241116,4,15
degree-preserving,430,0.8844401573807075,0.8342418859169032,0.4677758886412913,3,12
degree-preserving,430,0.8634960109644283,0.8285144867489429,0.4397459009182139,3,15
degree-preserving,430,0.7776861925125242,0.7844650156344686,0.41124091352097636,4,14
degree-preserving,430,0.8050348581629103,0.8116252502687855,0.4732193771496337,2,16
degree-preserving,430,0.7869963225948142,0.7911480460235083,0.4353779593140919,2,15
degree-preserving,430,0.785459479854369,0.7739231372615116,0.3941476146329076,3,15
degree-preserving,430,0.849020714037666,0.8246390189093766,0.4683697383580945,3,15
degree-preserving,430,0.7879485112122082,0.8177718028525398,0.472945916467815,4,18
degree-preserving,430,0.888143706859476,0.8344339290205978,0.5686454399448622,4,13
degree-preserving,430,0.84748680968438,0.8342038076861766,0.5032127097024501,4,14
degree-preserving,430,0.7714661298567411,0.7956592707321,0.44180456524984263,3,15
degree-preserving,430,0.886646842853487,0.8529843929074055,0.5481218475595171,3,12
degree-preserving,430,0.8331132391279548,0.8233453770138539,0.4885615012978562,2,14
degree-preserving,430,0.8278935491471842,0.8328506155721251,0.4721887788262379,2,13
degree-preserving,430,0.8484916791544221,0.788061451525055,0.43974003602306705,3,13
degree-preserving,430,0.8328173235369605,0.824394962250006,0.45129225051432353,2,12
degree-preserving,430,0.8458290690073451,0.8210427233259578,0.44805047435100054,3,14
degree-preserving,430,0.7951454716229067,0.783223241953237,0.4087344628840872,3,13
degree-preserving,430,0.7577438221747475,0.7699262869897625,0.39971511115366815,3,15
degree-preserving,430,0.8539921290883474,0.8248755236059513,0.47711699127309554,3,14
degree-preserving,430,0.8341635764386659,0.8309629465052781,0.4890049363022357,4,15
degree-preserving,430,0.8529569790250002,0.8475087831792543,0.5481932348263535,3,11
degree-preserving,430,0.8120464749630019,0.8051298684236905,0.4456435748075041,3,15
degree-preserving,430,0.8240683371587396,0.8098819264939301,0.4909443151245791,3,14
degree-preserving,430,0.7984070191442947,0.8234177793565993,0.4754653783280051,3,19
degree-preserving,430,0.7802221245070389,0.7400686254995379,0.312708586805928,2,14
degree-preserving,430,0.8197760361076678,0.7990917833059326,0.4009908256431355,2,14
degree-preserving,430,0.8134299040234052,0.8012691687979654,0.4423770409343867,2,15
degree-preserving,430,0.858130462859575,0.843615933237698,0.47744695337766546,3,14
degree-preserving,430,0.7928279349176841,0.831415718812142,0.48040154297051724,3,16
degree-preserving,430,0.8473837731451928,0.8155060058153913,0.4492705085580982,2,12
degree-preserving,430,0.8003234181670422,0.8115416709077214,0.43288076671099524,3,15
degree-preserving,430,0.8101093750769646,0.8096525248802053,0.4227669526276752,2,14
degree-preserving,430,0.8528230440499611,0.8349882443724441,0.5089746839703326,4,16
degree-preserving,430,0.8550585151038756,0.8329920333123404,0.47968002779021673,2,15
degree-preserving,430,0.8407837952550115,0.8100446879630179,0.4771430651844672,2,13
degree-preserving,430,0.8771279879957299,0.8215941967783087,0.5130294181745839,2,12
degree-preserving,430,0.7514134370400698,0.7489076469968297,0.35292148743661594,3,15
degree-preserving,430,0.7923095157195506,0.7980087510452845,0.44743008355665953,3,16
degree-preserving,430,0.8052521279729068,0.7820894389791135,0.3774304475999991,3,13
degree-preserving,430,0.8073679935983924,0.8221299969870559,0.5098274956965864,3,19
degree-preserving,430,0.8649972920297411,0.8677366546432919,0.598353975691774,3,13
degree-preserving,430,0.8508551870501235,0.818302439512842,0.49671158616918765,3,15
degree-preserving,430,0.8131356149922597,0.7755589661234428,0.4013674741324013,3,14
degree-preserving,430,0.8291294275573395,0.8212252164159397,0.45414695337763283,3,13
degree-preserving,430,0.7049119395159291,0.7325021403576717,0.3416941025511986,4,14
degree-preserving,430,0.8278348299957308,0.8299363401123137,0.45010655276563843,3,12
degree-preserving,430,0.7886095203002264,0.7856486335419233,0.38976947915957727,2,17
degree-preserving,430,0.8481832441334236,0.810431248112117,0.45696120549786545,2,14
degree-preserving,430,0.7745091332112861,0.789940293480146,0.43927979584234833,4,17
degree-preserving,430,0.8353039559629445,0.8324120001595847,0.5163538750112145,4,16
degree-preserving,430,0.8377424995077096,0.814211872028662,0.41905104414803385,2,16
degree-preserving,430,0.8280243722783496,0.8114081830555189,0.4702452691243546,3,15
degree-preserving,430,0.8048120702606052,0.8438256655945704,0.5540259730131702,3,17
degree-preserving,430,0.8343501908724154,0.8025998306714186,0.4073247139431757,4,13
degree-preserving,430,0.885304089673812,0.8571924809915799,0.5787605062072586,4,13
degree-preserving,430,0.8507633604929166,0.8142089086205857,0.4430756966697298,3,13
degree-preserving,430,0.8470571396668996,0.8286313667628418,0.5660667483210488,2,14
degree-preserving,430,0.8061663262401975,0.7767314229136542,0.39879425243658095,2,15
degree-preserving,430,0.8378339046574272,0.8204923934912158,0.42344635223163735,3,13
degree-preserving,430,0.8843327526677023,0.8349116257390887,0.49964030794161185,2,12
degree-preserving,430,0.7456163827189275,0.8027404809524978,0.45795902005376343,2,16
degree-preserving,430,0.7782803690565072,0.7754255163567985,0.3909670275837419,2,15
degree-preserving,430,0.8362825251718511,0.8509371192810962,0.56676912519294,4,14
degree-preserving,430,0.8089488431756615,0.8094107377408719,0.46655173379788173,2,18
degree-preserving,430,0.8163826712547542,0.8007647284366903,0.4617278437203959,2,16
degree-preserving,430,0.871468050639405,0.8591118478571296,0.5364652586931351,3,13
degree-preserving,430,0.830095656296322,0.8413059649787413,0.48328815157281396,3,16
degree-preserving,430,0.8580788729816502,0.8271078904948859,0.476529071043641,3,15
degree-preserving,430,0.8386717623633209,0.8228492829229215,0.4436874834353417,3,15
degree-preserving,430,0.835250693389997,0.8192704232902124,0.5350975214680497,2,15
degree-preserving,430,0.8625623252390993,0.8497129276759507,0.5648448090101593,4,14
degree-preserving,430,0.7949083625023701,0.7883153368598743,0.42804671515651166,3,12
degree-preserving,430,0.8019711327745414,0.7748014074643794,0.3904798204570897,3,12
degree-preserving,430,0.851763934611574,0.8330430843441314,0.48280157065476675,3,15
degree-preserving,430,0.7928320148998551,0.7978454093404197,0.43590014006467304,3,13
degree-preserving,430,0.8153209180796528,0.8082930839054911,0.4083129450998536,4,12
degree-preserving,430,0.8106217760878676,0.8023374880759675,0.42766427744110924,3,14
degree-preserving,430,0.783196097432932,0.7918884608167465,0.42626846143725333,3,15
degree-preserving,430,0.7616309402655888,0.7624120771279461,0.3992287206308319,4,17
degree-preserving,430,0.8692224640850006,0.8424495628760307,0.487892532356163,3,14
degree-preserving,430,0.8565292099342563,0.8243930921414913,0.5098360489453576,2,16
degree-preserving,430,0.8164283558377288,0.8005504742311389,0.43896566687851546,4,16
degree-preserving,430,0.8249072541161906,0.8094261710180377,0.4631055568794047,3,15
degree-preserving,430,0.8081302198128169,0.8092122905086796,0.4260965992993113,2,16
degree-preserving,430,0.8390577802826502,0.8058823673488338,0.4576994883259968,3,15
degree-preserving,430,0.7899260418422842,0.8183160964457337,0.5169416915621419,3,14
degree-preserving,430,0.8546129852834581,0.8519918404272369,0.5676046537243952,3,14
degree-preserving,430,0.810217540526849,0.7994696427177359,0.452880819011421,2,14
degree-preserving,430,0.8164557749510641,0.8378957910378322,0.5253324529850554,3,14
degree-preserving,430,0.7517263333605897,0.8135872792322665,0.5044799733190581,3,18
degree-preserving,430,0.8418002262418909,0.8365171291424132,0.5136797751552455,4,15
degree-preserving,430,0.8195222709165098,0.8031111130617099,0.4413767148576508,3,15
degree-preserving,430,0.8732099472400896,0.8213497078196297,0.46402976604652096,3,15
degree-preserving,430,0.7678521415620079,0.7951496660183577,0.3929574390958691,4,16
degree-preserving,430,0.7794385793940708,0.7928734383674061,0.4516835815666684,3,15
degree-preserving,430,0.7783443262216077,0.7513316239755736,0.3889730108333572,3,15
degree-preserving,430,0.8149794420808218,0.8411154846648063,0.5369889037292497,2,13
degree-preserving,430,0.828576588466901,0.8153973825994392,0.4569435913234942,4,18
degree-preserving,430,0.8076585781210568,0.7838881330319127,0.39968830849939696,3,17
degree-preserving,430,0.8529824612789321,0.8145439741587883,0.44740829590279185,2,15
degree-preserving,430,0.8494252842664953,0.8075092858582242,0.42803196389466386,3,12
degree-preserving,430,0.7951221311582299,0.7963845946178827,0.44296846621968144,4,15
degree-preserving,430,0.8003775151503145,0.7815734035940376,0.3804940250035317,3,16
degree-preserving,430,0.8834792654087513,0.843338278353394,0.5113242666808592,3,12
degree-preserving,430,0.7948339163438765,0.7592168107308062,0.39090283123168773,2,14
degree-preserving,430,0.8770004160680371,0.8389336212202065,0.5203664033226362,3,12
degree-preserving,430,0.8032892599488455,0.8135999388761095,0.5240691789078123,2,14
degree-preserving,430,0.8227916574431375,0.7736213351290075,0.33129366281814193,2,11
degree-preserving,430,0.7895325639668791,0.8222271195751221,0.4853876175501287,3,14
degree-preserving,430,0.8141378783441471,0.8053565354020975,0.475562195574055,2,13
degree-preserving,430,0.8154292068846725,0.7883012423513993,0.39096637494530734,2,16
degree-preserving,430,0.8782515541209357,0.831744155869665,0.5188081803600816,2,15
degree-preserving,430,0.8228959020539028,0.8066917180373254,0.4693844041110925,3,15
degree-preserving,430,0.7614257547316403,0.7889020961847513,0.41395794414397974,3,14
degree-preserving,430,0.8510763687152982,0.7838317838498778,0.4062864725291354,1,13
degree-preserving,430,0.8505528490247436,0.8363314398347974,0.5212810670534477,3,15
degree-preserving,430,0.7649453468500036,0.7382927996915627,0.30411421026014984,3,14
degree-preserving,430,0.8478881829732627,0.809050103835858,0.472610561746419,2,15
degree-preserving,430,0.7851785821997008,0.7989412771471538,0.4668650535718226,2,17
degree-preserving,430,0.7642534856281098,0.8158315653489243,0.49738390200284716,3,13
degree-preserving,430,0.8195909596892397,0.8287137913494385,0.497580511691549,3,15
degree-preserving,430,0.8315914365193744,0.8234848986864607,0.5009851634138651,3,15
degree-preserving,430,0.8030589357547055,0.7945040051168641,0.42111076745643583,2,12
degree-preserving,430,0.8242774810477382,0.7635165074831414,0.36236066442077736,3,13
degree-preserving,430,0.8000977621849223,0.7956476236382921,0.4555611789243444,3,15
degree-preserving,430,0.8420337702389984,0.8473534607458209,0.5137665449944875,2,15
degree-preserving,430,0.8179368787403996,0.7957251364501747,0.426285263514289,3,11
degree-preserving,430,0.7633228295872123,0.7679709152408492,0.3249791764339886,2,14
degree-preserving,430,0.7639372097560388,0.7839503975209783,0.3914998058951142,2,16
degree-preserving,430,0.847035330097158,0.8212414271087098,0.5041959521404084,3,12
degree-preserving,430,0.8179617413740625,0.8145615581607872,0.4696075419694801,4,15
degree-preserving,430,0.787648027664313,0.7858613479394367,0.41462552662190016,4,16
degree-preserving,430,0.8684782574287924,0.8377350304793174,0.4803907208999239,3,11
degree-preserving,430,0.8650166488566164,0.8267591599183515,0.5053779684896035,4,14
degree-preserving,430,0.803021336544661,0.7861741960645048,0.4420071475327206,3,13
degree-preserving,430,0.8513068940742454,0.7955575335968348,0.3916951803516842,3,14
degree-preserving,430,0.8367722691880215,0.815021672772017,0.436884993705233,4,11
degree-preserving,430,0.7798780830135394,0.8099850863486566,0.46874579014565443,3,13
degree-preserving,430,0.8438301460538669,0.8358716831465423,0.465761809156137,3,14
degree-preserving,430,0.7864689904622482,0.7795162731114966,0.38498938406142835,3,14
degree-preserving,430,0.8292427234698925,0.8113868434799743,0.42060475433730454,4,14
degree-preserving,430,0.8104087753794589,0.7818289231070354,0.417194320525362,2,15
degree-preserving,430,0.823562257664026,0.835871212160826,0.49699622801646337,3,15
degree-preserving,430,0.8260934328710496,0.8332422103329462,0.5328492245711474,3,14
degree-preserving,430,0.8245631700824172,0.8085304951265526,0.47432873374405593,3,12
degree-preserving,430,0.848508969985561,0.8217629225612955,0.4222698680184501,3,14
degree-preserving,430,0.8366253977068729,0.8335293718613002,0.5267106627672292,2,13
degree-preserving,430,0.8004862667118693,0.7795820262014028,0.40842829479078746,4,15
degree-preserving,430,0.7819920017875368,0.7405762420935462,0.323661050163891,2,13
degree-preserving,430,0.8173496081779337,0.818985323480862,0.47743942257000854,4,16
degree-preserving,430,0.8422744991860249,0.830401304165246,0.500912190430377,3,12
degree-preserving,430,0.8393826290173816,0.8162677358237509,0.5262642900303242,2,15
degree-preserving,430,0.8080923258103645,0.7902845099912765,0.4416862254381234,4,14
degree-preserving,430,0.840142852294653,0.8407090652145977,0.5556433584651879,3,15
degree-preserving,430,0.8151244772107147,0.7867486516013893,0.4021591300968113,2,13
degree-preserving,430,0.8525959728633825,0.8260552634206366,0.46469057448684936,4,14
degree-preserving,430,0.7896919828100482,0.7747891769030137,0.3851906335483514,2,14
degree-preserving,430,0.8469276806203847,0.7862576719619603,0.3786856228915291,4,13
degree-preserving,430,0.8054846489577681,0.80154570939113,0.41719054921329324,1,13
degree-preserving,430,0.8148166083400437,0.8007465739648871,0.4259704845903356,3,15
degree-preserving,430,0.8451684584171368,0.8192457285185519,0.4852770983186187,3,15
degree-preserving,430,0.8419996145799056,0.8262803754162524,0.4714676661347629,1,13
degree-preserving,430,0.8115662102322283,0.7995062906855845,0.38642999707830306,4,14
degree-preserving,430,0.8049786825237701,0.7966925206460049,0.4178539590288739,3,16
degree-preserving,430,0.7960461691780321,0.7944302075093532,0.417042587864256,3,15
degree-preserving,430,0.8308507450572842,0.7984528329788569,0.40304611185062805,3,15
degree-preserving,430,0.8181783096557766,0.8122267122012277,0.45486808374796533,3,14
degree-preserving,430,0.8800115769856272,0.841791068771121,0.5771249867403863,3,15
degree-preserving,430,0.8137495578497487,0.809221965851256,0.47398233127950834,4,13
degree-preserving,430,0.8608829297306833,0.8411637797600358,0.5332119925871123,3,14
degree-preserving,430,0.789995630896533,0.7647295629055848,0.38006861732010466,3,13
degree-preserving,430,0.8573156864366693,0.8418968585837656,0.520036728449619,2,12
degree-preserving,430,0.8339437387569837,0.807211854570753,0.45951827746999474,3,14
degree-preserving,430,0.7891218144327927,0.7803581565483393,0.3905121779891167,2,14
degree-preserving,430,0.8462972747084183,0.7649786568206602,0.36771187464863664,3,11
degree-preserving,430,0.8392978504883342,0.8043952690588831,0.4469582933388694,3,14
degree-preserving,430,0.8735775595181694,0.8549420235451324,0.6036424562275509,2,13
degree-preserving,430,0.810536459344996,0.8161672279053032,0.4817450139716125,4,15
degree-preserving,430,0.8152267455091025,0.783768667680421,0.4281349206662712,2,13
degree-preserving,430,0.8385975120442337,0.8186679669465591,0.46165847084081474,3,13
degree-preserving,430,0.8218982399579449,0.7910821128378163,0.46715616995216536,3,12
degree-preserving,430,0.7353662951763353,0.781114697592552,0.41891292012323067,2,14
degree-preserving,430,0.8277631063166475,0.8144893292347617,0.45192848653085665,2,14
degree-preserving,430,0.8284204380317031,0.8428138394730025,0.5011672322257735,2,14
degree-preserving,430,0.8467809218683018,0.8563217704349086,0.5804769372816235,3,15
degree-preserving,430,0.8526909317644276,0.8366255221810972,0.5183003689392266,3,11
degree-preserving,430,0.8006396510100302,0.8079024256115188,0.4340474960573007,3,15
degree-preserving,430,0.8463169846556697,0.8121749859862755,0.4185579191935265,3,15
degree-preserving,430,0.8463558098427668,0.8128154441587394,0.4818595638362573,2,10
degree-preserving,430,0.7856983185890734,0.7996172447899368,0.45114922565251225,3,16
degree-preserving,430,0.8438674453445858,0.846956361743705,0.5062974865598204,3,17
degree-preserving,430,0.850818641271851,0.8288651850634616,0.47922455396847863,2,15
degree-preserving,430,0.8032489793962707,0.7885339331095553,0.3899643171920906,4,14
degree-preserving,430,0.8552450453522511,0.8393604582944638,0.48033234739697445,3,17
degree-preserving,430,0.8258664260102273,0.8094246193222376,0.4005761749179516,3,13
degree-preserving,430,0.8678897336039508,0.8459932909207901,0.508880230666535,4,16
degree-preserving,430,0.8416824355582038,0.8378472938093349,0.4704235088282998,3,14
degree-preserving,430,0.7341184026055607,0.7694542134570577,0.3896432285017916,3,14
degree-preserving,430,0.8120320528082168,0.8006299291573356,0.42817449657001927,2,14
degree-preserving,430,0.8143613246962425,0.8093806135612753,0.5070694254224118,3,17
degree-preserving,430,0.8305670429623868,0.7856302301502587,0.3863991214211837,3,17
degree-preserving,430,0.8426809250353033,0.8191231107114634,0.5051226029527563,3,17
degree-preserving,430,0.8193147740607958,0.8119884635523171,0.43075040352388433,3,13
degree-preserving,430,0.820194358122482,0.8049016032177181,0.4467441701317912,3,14
degree-preserving,430,0.7646456668232082,0.7878763658951935,0.42943670433782916,3,17
degree-preserving,430,0.7653269084500642,0.7561000816492447,0.34982002186944827,5,16
degree-preserving,430,0.7989082895235187,0.8127036411065158,0.4637747239891295,2,13
degree-preserving,430,0.8283967831487975,0.8045435984548384,0.4149466075803161,3,12
degree-preserving,430,0.823480543581447,0.8119396166517092,0.45812129775734595,3,13
degree-preserving,430,0.8482997943775437,0.8296811199660321,0.5169902496898857,2,14
degree-preserving,430,0.7115103469741073,0.7733887638953159,0.4287529431351844,3,15
degree-preserving,430,0.805508632906748,0.8072874123002933,0.42408131491680806,3,13
degree-preserving,430,0.8023007981314552,0.7764877146969584,0.34929790392389004,3,14
degree-preserving,430,0.8332309665071032,0.7861319908467106,0.3935318402008482,2,11
degree-preserving,430,0.808087053248647,0.8107741311955721,0.45295889915875104,4,12
degree-preserving,430,0.8463050027329697,0.8072753186957313,0.4554530653345731,4,16
degree-preserving,430,0.8140112487675597,0.8057212422549298,0.4361426709550141,2,16
degree-preserving,430,0.772741160495416,0.7675201823916336,0.3621212866136433,4,14
degree-preserving,430,0.8643259462860657,0.830673922831354,0.5052536934536128,3,13
degree-preserving,430,0.8563959450786605,0.8101961080912576,0.4837285939897814,3,12
degree-preserving,430,0.8461602003402822,0.8107590507705567,0.47872349216327614,3,15
degree-preserving,430,0.8142749761723902,0.8272043839560077,0.5082118956609223,3,14
degree-preserving,430,0.8608910495272399,0.8293826021744302,0.4905883407459362,4,12
degree-preserving,430,0.8538616969269499,0.8297208733568151,0.46316140234721387,3,14
degree-preserving,430,0.8460694687478569,0.7996519977260148,0.42781917569864275,3,13
degree-preserving,430,0.827117262860567,0.8346757521587598,0.5629208244021029,3,14
degree-preserving,430,0.822798925363782,0.8343913829204863,0.5532329363789013,2,15
degree-preserving,430,0.8397740473417206,0.833224310196977,0.5165723618897975,3,14
degree-preserving,430,0.803912811536946,0.8401796642009387,0.522463849200816,3,16
degree-preserving,430,0.8451961284477338,0.7994980776742766,0.4806938089227914,2,13
degree-preserving,430,0.8819054232544656,0.8295096059355407,0.5161053693939842,4,13
degree-preserving,430,0.8138926649663929,0.8278721754485254,0.44189675342153006,3,16
degree-preserving,430,0.8361806346264147,0.8210027344072661,0.47309002463957095,3,12
degree-preserving,430,0.870772951517808,0.8564264687814209,0.5260310776419964,2,14
degree-preserving,430,0.845959512272535,0.8128855381669269,0.4688843484749422,2,16
degree-preserving,430,0.7294376027568896,0.7577609834401466,0.3850053441021042,3,14
degree-preserving,430,0.7741269534950763,0.7347634591649705,0.317657827914411,2,15
degree-preserving,430,0.7848851137761257,0.7912506754928699,0.42888228256183736,3,15
degree-preserving,430,0.7828084879069999,0.7865358258467823,0.4391586762576623,3,15
degree-preserving,430,0.8524800449439172,0.8308497300783142,0.5124011205883975,3,15
degree-preserving,430,0.7956505323777237,0.8263535158232074,0.5064296168914819,3,13
degree-preserving,430,0.815241522857864,0.8030757653070857,0.4579422782761711,3,17
degree-preserving,430,0.8217170573805037,0.8176262056318331,0.46665144185854035,4,15
degree-preserving,430,0.8048166251681732,0.7975552850669223,0.47237661518982305,3,17
degree-preserving,430,0.8584449706565944,0.8128807859991196,0.449395836444598,3,15
degree-preserving,430,0.8177616177342875,0.8210692839282623,0.4307988137178601,3,16
degree-preserving,430,0.7892533235476156,0.7879404626288209,0.4119893695217092,3,16
degree-preserving,430,0.8526145412542527,0.8249066802165761,0.504533758907197,5,11
degree-preserving,430,0.8422938077345699,0.8372659784561136,0.4889470853115346,2,14
degree-preserving,430,0.8321331119249025,0.8287875439468313,0.520624187160418,3,18
degree-preserving,430,0.8028094112888877,0.80298916698549,0.48317328795551523,2,13
degree-preserving,430,0.82462402968867,0.8160984863051153,0.4827308690897184,3,15
degree-preserving,430,0.85507000385426,0.8218481941159985,0.48417814493374234,3,13
degree-preserving,430,0.7738472639546974,0.7797192081030198,0.39539540756565517,2,16
degree-preserving,430,0.7797172194529576,0.7705185677593489,0.418529845111178,2,15
degree-preserving,430,0.8374793167061045,0.8090763006704407,0.4387158728783754,3,10
degree-preserving,430,0.8206758743820339,0.8063505480394855,0.4201808329237431,4,16
degree-preserving,430,0.8195032116760133,0.804976632655857,0.40484468132250523,4,16
degree-preserving,430,0.8047279697883891,0.7789875852911043,0.3678529840878898,3,12
degree-preserving,430,0.8454412219820175,0.7953969334679369,0.43904457532740393,3,13
degree-preserving,430,0.8428824084566546,0.8184433930906831,0.48484134598430084,2,12
degree-preserving,430,0.8311377849902704,0.83300489900428,0.4660032251528215,3,11
degree-preserving,430,0.8305515078637831,0.7676905474949223,0.3943854599112499,4,14
degree-preserving,430,0.7926227454986008,0.8052463405907344,0.49273841839603355,2,17
degree-preserving,430,0.8440588889397067,0.8276491272565527,0.45588498178524994,2,13
degree-preserving,430,0.8536286330883494,0.8315263172754206,0.4936027885759774,3,17
degree-preserving,430,0.7587965564457897,0.7716224407175958,0.439719274902996,2,17
degree-preserving,430,0.8593776623792173,0.8272472734032055,0.43907293729075825,3,14
degree-preserving,430,0.7579583261636624,0.7587625237843769,0.34550634789149254,2,13
degree-preserving,430,0.8358361883863246,0.8388573301632638,0.557691840969117,4,14
degree-preserving,430,0.8412575445231814,0.8407849948016064,0.5134502252674273,4,13
degree-preserving,430,0.8296732413633516,0.8288194744043642,0.5084858567030804,2,14
degree-preserving,430,0.8207262949769616,0.8287075449492505,0.46537606165792905,3,17
degree-preserving,430,0.7211714922455392,0.7812840109131447,0.44456551300921315,3,14
degree-preserving,430,0.8507448764180181,0.8143776199391457,0.48864531880767637,3,15
degree-preserving,430,0.8231447942026118,0.8183023406011383,0.4932277904580708,3,13
degree-preserving,430,0.8489148787313194,0.8523740245355136,0.5527674762638505,3,16
degree-preserving,430,0.7638245187745718,0.7719346221065466,0.3928434704455716,2,16
degree-preserving,430,0.8723372501697741,0.8196261099476922,0.4601044285718091,4,14
degree-preserving,430,0.8690732618110397,0.8595186521763623,0.5700250427984287,3,14
degree-preserving,430,0.8721368336945199,0.8683107332512225,0.5738382407204548,3,15
degree-preserving,430,0.7548645789978321,0.8066474138922832,0.44422823192096095,3,17
degree-preserving,430,0.8155904769067586,0.809111967726472,0.4375489420812537,3,13
degree-preserving,430,0.8174185150429858,0.7989271362725914,0.42806331517011087,3,12
degree-preserving,430,0.8723331128506238,0.8427302854714172,0.48491243577477383,2,14
degree-preserving,430,0.8202560679028463,0.7978591646508157,0.44478522516336794,4,13
degree-preserving,430,0.8534486935677481,0.8480187364694314,0.5438130574750312,3,14
degree-preserving,430,0.7523466663071101,0.7815571534504213,0.4295802376723284,4,16
degree-preserving,430,0.8667166692764388,0.8074081559009951,0.4453650704879946,3,13
degree-preserving,430,0.8416636032127933,0.8206859800178115,0.46315455190709504,3,14
degree-preserving,430,0.7918731482363044,0.8278916389199633,0.4883247647124452,3,13
degree-preserving,430,0.8646624843742376,0.8165148946504217,0.493633016593162,4,15
degree-preserving,430,0.8641557518354275,0.8173249083324894,0.4710616287184087,3,14
degree-preserving,430,0.8139699622310579,0.79770812396325,0.45662134864227716,3,15
degree-preserving,430,0.798337320171238,0.8154530366039294,0.43774441931893276,3,13
degree-preserving,430,0.8207853462617949,0.8110016981914874,0.4355059612512088,3,16
degree-preserving,430,0.7681062148606934,0.771486577270458,0.4289985768111181,3,13
degree-preserving,430,0.8539027087415456,0.8178211888208125,0.5239832528673604,3,15
degree-preserving,430,0.7905788621854393,0.7622554048333146,0.3877140770197605,4,13
degree-preserving,430,0.8453314125975258,0.8265323010008103,0.4788727379584438,3,15
degree-preserving,430,0.7770263894416596,0.774802292232309,0.3915728958507091,3,18
degree-preserving,430,0.8467731223713038,0.8343588367776369,0.5027786167593449,3,14
degree-preserving,430,0.8347018227341623,0.8234523466985524,0.4837322066972755,5,16
degree-preserving,430,0.8178316851172833,0.813460856926989,0.4363259383900278,3,15
degree-preserving,430,0.849708683927827,0.8390255946275389,0.49249288466366226,3,14
degree-preserving,430,0.8294622184766058,0.8358140646208867,0.5042869233492274,3,15
degree-preserving,430,0.853393221590339,0.8129961398426901,0.48801836558834427,3,14
degree-preserving,430,0.8233530370665123,0.8405057931567648,0.516966258417756,2,14
degree-preserving,430,0.8473329538256127,0.8334864537449533,0.5112988794036659,2,12
degree-preserving,430,0.8236258872885311,0.8243990152628313,0.501744090626327,3,12
degree-preserving,430,0.820836446471007,0.8161951382683639,0.4353732164767594,3,16
degree-preserving,430,0.7544338886816551,0.7811865957092603,0.4253454919841807,3,14
degree-preserving,430,0.83875222975619,0.8500341276240753,0.5205488956682545,4,15
degree-preserving,430,0.8195228582935628,0.7932209192038024,0.4065682022355985,3,15
degree-preserving,430,0.8546614527300722,0.8255879369404682,0.4380636431135463,3,12
degree-preserving,430,0.7789043282590624,0.7932976082351626,0.42605739599525033,3,14
degree-preserving,430,0.7992841663997525,0.7953611518270107,0.48136267713970654,2,16
degree-preserving,430,0.7827809830699848,0.752705241700008,0.348582858019909,3,15
degree-preserving,430,0.848579555736314,0.8197608429827885,0.44980919445602086,3,15
degree-preserving,430,0.7680025484782123,0.7999823266762527,0.4346783948144094,3,16
degree-preserving,430,0.7989347469918833,0.7927646170861213,0.44428063427644915,3,15
degree-preserving,430,0.8259709488654121,0.7939349946802139,0.39646561916435935,3,12
degree-preserving,430,0.8568033290045349,0.7809230842790063,0.42892841604738335,2,13
degree-preserving,430,0.8707935050391995,0.8122935196742951,0.46342261948297425,4,15
degree-preserving,430,0.8771011746571029,0.8570262443959344,0.4933588752538367,3,12
degree-preserving,430,0.8659253394519992,0.8610242757872835,0.5385090739541336,3,12
degree-preserving,430,0.8185322907922707,0.8029292829601133,0.47333154042699704,3,14
degree-preserving,430,0.8263032278675388,0.7710153585081141,0.3706125809660381,2,14
degree-preserving,430,0.826129139479354,0.8236118304141109,0.5407292801779637,2,15
degree-preserving,430,0.8715846425241289,0.8087738700770917,0.38109154085111613,3,13
degree-preserving,430,0.8242750165519661,0.844149865127265,0.5190930053684913,3,12
degree-preserving,430,0.8304594136724384,0.8285033279085159,0.5066261888729384,4,12
degree-preserving,430,0.8623355525524734,0.8324651105727325,0.529778654484063,2,18
degree-preserving,430,0.8385121503821245,0.7836456428534835,0.37985732673889916,3,13
degree-preserving,430,0.8716477254678079,0.8516986735940573,0.554540647504741,2,14
degree-preserving,430,0.80866799609513,0.8075016490339473,0.34332683591846286,3,12
degree-preserving,430,0.8105493470316403,0.8249448627053366,0.47829643505057107,4,11
degree-preserving,430,0.825105817601234,0.7880564907656415,0.4481678653754201,3,12
degree-preserving,430,0.8459714871257158,0.8257218780125779,0.49782691228784437,4,14
degree-preserving,430,0.8413398872830002,0.8433399234429952,0.4893828951054613,3,14
degree-preserving,430,0.9114877075073013,0.8666552063514095,0.6116575158217088,3,13
degree-preserving,430,0.8442067613784665,0.8094902772928079,0.4693241998293776,3,12
degree-preserving,430,0.8300082619348195,0.7822770021054255,0.42778131291572113,4,12
degree-preserving,430,0.7411970630034268,0.8063849548305495,0.42922270714521954,3,15
degree-preserving,430,0.8445653801751152,0.8265215753704132,0.4620811487407167,3,15
degree-preserving,430,0.8374597227923135,0.8171768828789698,0.45164237623836845,4,13
degree-preserving,430,0.8552130229803276,0.8567142518611932,0.5793073040049929,2,15
degree-preserving,430,0.813417897482207,0.8020870340301853,0.4403233126741396,3,14
degree-preserving,430,0.8277515330108904,0.827527945284823,0.5225921336571658,4,13
degree-preserving,430,0.8197357430948702,0.8235557518324805,0.48309675267009905,3,17
degree-preserving,430,0.8219221758791775,0.8423334922930454,0.5264949770850463,3,16
degree-preserving,430,0.8224254815519798,0.7853606814787988,0.42112724838745946,3,17
degree-preserving,430,0.8281666384079198,0.8072152026326347,0.48261814400154496,3,16
degree-preserving,430,0.8013363110820042,0.8132710523631594,0.5178435955766878,2,13
degree-preserving,430,0.8126880972676076,0.777697010209979,0.3582558697922543,4,14
degree-preserving,430,0.8528951414663584,0.8251846106383558,0.4894946405822727,3,11
degree-preserving,430,0.8750915918823439,0.8483377655830362,0.48894071057700894,3,13
degree-preserving,430,0.8029658239636175,0.8001722763096337,0.5000859564386076,2,13
degree-preserving,430,0.8279405532608404,0.8134151727296655,0.43798301344332913,3,13
degree-preserving,430,0.8644470150965937,0.8000843892560046,0.39833138003077523,4,13
degree-preserving,430,0.8098913368347209,0.7764137041804207,0.41348791241665633,2,13
degree-preserving,430,0.7888952668008491,0.8079996499752522,0.4691579170495709,3,16
degree-preserving,430,0.8494509624877169,0.8227347931335558,0.48950741307977097,3,14
degree-preserving,430,0.7930375331023269,0.791517871996565,0.45028349449381583,3,13
degree-preserving,430,0.8902867146105202,0.8284126863222423,0.46438957336302183,3,14
degree-preserving,430,0.8414663913294946,0.85376350840993,0.5190158757231522,1,12
degree-preserving,430,0.7986011535704143,0.8154683744877758,0.5109057275453311,3,14
degree-preserving,430,0.7626814087005982,0.8004535124535097,0.42218519708798663,3,16
degree-preserving,430,0.844870149786656,0.8456587826147679,0.5357179792961216,3,16
degree-preserving,430,0.7790556233120391,0.8033509821143059,0.45186219667128413,3,14
degree-preserving,430,0.8299113395726287,0.8155412947363176,0.4222353728993992,3,15
degree-preserving,430,0.7803619612407544,0.8175853621092635,0.4916269227335078,3,16
degree-preserving,430,0.7849551490971935,0.8088723174033299,0.4512011310401224,2,15
degree-preserving,430,0.7632054398079986,0.802049619572943,0.45796686434909223,2,19
degree-preserving,430,0.8290349644112136,0.8257868296257378,0.48522571501012907,3,13
degree-preserving,430,0.8681339520042404,0.7989471801356622,0.38539638239137003,3,10
degree-preserving,430,0.8285521846895814,0.8137966366341245,0.44883886949701013,3,14
degree-preserving,430,0.8374397527709283,0.8381701057988524,0.5018431830851626,3,15
degree-preserving,430,0.8529630481701505,0.8365400170479058,0.4858333514347133,3,11
degree-preserving,430,0.8137378658441745,0.829583158323745,0.4608208855089343,3,17
degree-preserving,430,0.7992078757190004,0.8024241237777123,0.49177315573502695,4,17
degree-preserving,430,0.8782168696841248,0.8412661961050898,0.4752587952526942,3,15
degree-preserving,430,0.8350492624285841,0.8303088707830879,0.522332626590003,3,15
degree-preserving,430,0.7745617080669667,0.7838328206079654,0.3744179180763746,2,14
degree-preserving,430,0.7965832807479116,0.7936238626601686,0.4231597402011407,3,15
degree-preserving,430,0.8052977823297274,0.8125375652831324,0.47692572657352744,3,16
degree-preserving,430,0.8224392219353929,0.8346892839243574,0.5242855775160209,2,14
degree-preserving,430,0.8755623914125186,0.8542112237763977,0.5740132686975737,3,14
degree-preserving,430,0.758604719777701,0.7782215684525728,0.42786312521774406,2,15
degree-preserving,430,0.746571894598564,0.793923411720397,0.44951387850481395,4,16
degree-preserving,430,0.821414161124995,0.8135274550487992,0.4784312046128745,4,17
degree-preserving,430,0.8344817579836616,0.8143444774116309,0.514974398798622,2,16
degree-preserving,430,0.8270877782147983,0.797403483026025,0.42335250159607096,3,12
degree-preserving,430,0.8593357166034519,0.8211482325195094,0.46257980618583217,3,14
degree-preserving,430,0.782792477559658,0.8075680826360963,0.42924447274697314,1,12
degree-preserving,430,0.8342503481833883,0.8130403525648842,0.4428070739854133,2,14
degree-preserving,430,0.8901107899001734,0.8759436815126587,0.6176245932336609,3,12
degree-preserving,430,0.8839988883756651,0.8370132297395869,0.45876662474537594,3,13
degree-preserving,430,0.7894633986630151,0.7999644651196369,0.4421277445376377,3,12
degree-preserving,430,0.8099548270818753,0.8448643136645284,0.5758973818008013,3,15
degree-preserving,430,0.8610558945228401,0.8216662619198354,0.4427068991586135,3,14
degree-preserving,430,0.79207674346474,0.789983887156031,0.439093698967968,3,14
degree-preserving,430,0.7979670828380196,0.7729627147216644,0.37254585193695516,3,14
degree-preserving,430,0.8210019237125035,0.8340057123348235,0.5133473394222907,3,15
degree-preserving,430,0.8243290602065192,0.7870957124722693,0.40594288242921667,2,14
degree-preserving,430,0.8202988777548685,0.7759128961110608,0.34624593882152105,3,11
degree-preserving,430,0.822219141137285,0.8196815426980604,0.5028879674924643,3,14
degree-preserving,430,0.8448444868199698,0.8009050136580551,0.4354108269161534,3,15
degree-preserving,430,0.8602648971187208,0.8285934057071049,0.4631418432033707,5,14
degree-preserving,430,0.8383166238922228,0.8123179768427142,0.4650869180053083,3,15
degree-preserving,430,0.8308369169515428,0.7903962857285973,0.4463632502283747,3,15
degree-preserving,430,0.882162244241703,0.8159122956156564,0.5107370901086171,3,15
degree-preserving,430,0.8709724387877451,0.8516367360377763,0.5170572213714366,3,14
degree-preserving,430,0.8066785376096259,0.817567116224349,0.4473423993466495,3,17
degree-preserving,430,0.7969046053141942,0.8628469120356517,0.5741692651057111,3,15
degree-preserving,430,0.8179730320452785,0.8403722057937231,0.5922167121093079,4,16
degree-preserving,430,0.8158850885604116,0.8123844202017287,0.4495285912989585,3,12
degree-preserving,430,0.8488577423492025,0.8017959405174107,0.432613475556495,2,15
degree-preserving,430,0.8312564688048083,0.8106523970933428,0.45834686450394735,3,14
degree-preserving,430,0.8443182228826205,0.83181467793438,0.4992102020724443,3,13
degree-preserving,430,0.8607214388992992,0.8376652803771667,0.5040744867938358,5,14
degree-preserving,430,0.8285989496396069,0.8181324428552879,0.4907585382314234,1,15
degree-preserving,430,0.7921734391802404,0.7565415836858027,0.38148417632224346,3,14
degree-preserving,430,0.8051042031298958,0.8114469037568741,0.45804413352127615,2,16
degree-preserving,430,0.8766750075719805,0.8433320407668714,0.5355693461348315,2,13
degree-preserving,430,0.8194174947369066,0.8416634054649006,0.5639298988277642,2,14
degree-preserving,430,0.8576770050508407,0.8387532854249831,0.5304545701058665,3,12
degree-preserving,430,0.8059045898408645,0.8314883951209806,0.508339191877469,2,14
degree-preserving,430,0.8455066011082875,0.8272742107193742,0.5478131404899585,4,17
degree-preserving,430,0.8146698780906507,0.7857199617141584,0.4378716901569528,3,14
degree-preserving,430,0.8887897539091296,0.8575773153765809,0.5366073765037891,3,13
degree-preserving,430,0.8576458747261839,0.8252792116828924,0.44351134972393713,4,12
degree-preserving,430,0.8130656152007711,0.7791879950825804,0.4004036572262703,2,13
degree-preserving,430,0.7889928396141253,0.7873607003404239,0.4098525337049038,2,15
degree-preserving,430,0.8614157530568525,0.8059019104572516,0.41763441743469615,3,14
degree-preserving,430,0.8306485846545728,0.8320956078111188,0.5334853236171117,3,15
degree-preserving,430,0.8056986821906953,0.7691943779978794,0.38285013860884104,3,15
degree-preserving,430,0.8160986057551414,0.7935529169888249,0.4057452231940194,3,15
degree-preserving,430,0.7826715334635732,0.8156819460149975,0.47844919492303334,3,16
degree-preserving,430,0.8026823311236415,0.8260270340325397,0.5178350891584993,3,15
degree-preserving,430,0.81551616729779,0.8250930604180955,0.47465283104951506,3,14
degree-preserving,430,0.8364784790352342,0.8240374119910803,0.4133114003641125,3,13
degree-preserving,430,0.8381949907580697,0.8115360902231348,0.4853718046425631,3,14
degree-preserving,430,0.8139532382628332,0.8146615157428356,0.4183649981558155,3,13
degree-preserving,430,0.7788411023303687,0.797040018318379,0.42157739934638305,2,16
degree-preserving,430,0.840001616040345,0.8280817275567842,0.47000169678042486,2,16
degree-preserving,430,0.9189366236166938,0.8722330771950466,0.6818193225259422,3,14
degree-preserving,430,0.8672583232204265,0.8179831688723558,0.43861577094815196,3,13
degree-preserving,430,0.7905947633936374,0.794105670868902,0.46245012098401045,3,16
degree-preserving,430,0.8318072652043293,0.842653045433682,0.538157360606321,3,15
degree-preserving,430,0.8318255769230158,0.8043776116388544,0.41762037616189623,3,14
degree-preserving,430,0.8450753643903328,0.8129972855578012,0.4507781902633157,3,14
degree-preserving,430,0.8283539086838778,0.8326611894371339,0.5142179671521495,4,15
degree-preserving,430,0.8680444369390485,0.8503639294160119,0.549829804761071,4,11
degree-preserving,430,0.8257939611177316,0.8189795407031271,0.48589561400337644,3,11
degree-preserving,430,0.8738356685820738,0.844711356817673,0.5730534760658472,4,15
degree-preserving,430,0.822434024663385,0.7997349688018556,0.40800932271611984,4,12
degree-preserving,430,0.8190704987051558,0.8361526799644297,0.44073331796272797,3,12
degree-preserving,430,0.7920543367252955,0.7738745070675288,0.36765596512571797,3,14
degree-preserving,430,0.857805349896462,0.8096628914710187,0.4455977633208931,4,15
degree-preserving,430,0.8633896437457718,0.8577547346691317,0.5593242503698894,3,17
degree-preserving,430,0.7977481914238875,0.7736493771575801,0.3672755308520079,3,14
degree-preserving,430,0.8546278768508155,0.8429559314020212,0.4976634141353088,3,15
degree-preserving,430,0.8236958763191455,0.8054269498240019,0.43392425859027717,4,14
degree-preserving,430,0.8585252518067568,0.8470083042755427,0.5319269748130335,3,17
degree-preserving,430,0.8120759686217569,0.8145918404502832,0.4724997920678982,2,11
degree-preserving,430,0.8092212272938353,0.7712930355016157,0.4096136559407784,4,16
degree-preserving,430,0.8347426722743925,0.8298579431524526,0.46583427522865917,2,15
degree-preserving,430,0.8414544943011444,0.8175271313048009,0.49714157451894186,2,14
degree-preserving,430,0.7705664369847349,0.7795905173074762,0.42575538370973237,3,16
degree-preserving,430,0.8173316742919821,0.7930186129591028,0.4044736473587613,4,16
degree-preserving,430,0.8391685403726463,0.8058194219790222,0.4543076022862805,3,17
degree-preserving,430,0.8572448748850381,0.8046905643332396,0.4693008030302048,3,17
degree-preserving,430,0.8234446667439301,0.7697851322185325,0.3604453951358116,3,11
degree-preserving,430,0.8202868181670779,0.8345143313634289,0.5208789670093857,3,13
degree-preserving,430,0.858693633204938,0.8322861662124919,0.5192790035122673,4,11
degree-preserving,430,0.8020898712420332,0.8132645462605361,0.48400381637313994,1,15
degree-preserving,430,0.8420957001028364,0.8136479592809147,0.39326976857476015,3,14
degree-preserving,430,0.8377402833095233,0.8001029907319788,0.3814120700618578,3,16
degree-preserving,430,0.8516703577057894,0.7976466253591779,0.4027611358900966,2,10
degree-preserving,430,0.847462309288771,0.8278220672296381,0.48844719330888997,3,15
degree-preserving,430,0.8222169043400183,0.8270930688746179,0.4923603977230888,3,13
degree-preserving,430,0.8863550031141034,0.8395230919606058,0.5390520376551177,3,9
degree-preserving,430,0.7658768630286492,0.75582044448898,0.38813615071083096,3,15
degree-preserving,430,0.8456354492412375,0.8064268446847414,0.4496436250273706,3,14
degree-preserving,430,0.8566094809381586,0.8532300502902164,0.5608575918228131,3,14
degree-preserving,430,0.8349584307513038,0.8548095411972454,0.5567037321273545,3,15
degree-preserving,430,0.7984599877494918,0.8014625520660406,0.46960947810483367,3,10
degree-preserving,430,0.7911049335379992,0.795541024420394,0.39621875839590925,4,14
degree-preserving,430,0.7950295636051385,0.7948941032756813,0.4331984348087542,3,15
degree-preserving,430,0.8311855249554836,0.8113584726235341,0.46480172823667953,3,13
degree-preserving,430,0.8123090038036362,0.8180475990257783,0.5191208412273868,3,15
degree-preserving,430,0.7876369583246632,0.8062312309756059,0.49515636259032464,3,16
degree-preserving,430,0.8492315728579918,0.8312968045864204,0.470675908800483,3,14
degree-preserving,430,0.8061187463135928,0.8092505519039148,0.41957849340632525,3,13
degree-preserving,430,0.7432387517801688,0.811949099371287,0.4860860089962558,2,14
degree-preserving,430,0.8372268771519136,0.7983459084324207,0.4836203561939289,3,17
degree-preserving,430,0.8005094343129917,0.8130249501500268,0.461978537120419,4,15
degree-preserving,430,0.7640839144196294,0.8090172333179528,0.48850824924078207,3,14
degree-preserving,430,0.8095969535306509,0.8041284269821996,0.4179065712344911,3,15
degree-preserving,430,0.8005836643390765,0.8148538468618036,0.5144644591290085,3,15
degree-preserving,430,0.8483600972377017,0.8342648398093155,0.5627228393052164,3,18
degree-preserving,430,0.8365460125818343,0.8362153566008927,0.48659171214415337,2,13
degree-preserving,430,0.8130037180208369,0.8050525288061698,0.45414472612025464,3,14
degree-preserving,430,0.8689412301341672,0.8039270678217405,0.4368385785961083,4,12
degree-preserving,430,0.8448579505975327,0.8142079986022748,0.47113323366559506,3,15
degree-preserving,430,0.80556015291203,0.7895884730478373,0.4125680190902541,3,15
degree-preserving,430,0.854219640921215,0.823559007876735,0.515974265324272,2,14
degree-preserving,430,0.8055283809779465,0.8235864239662953,0.47103105611799756,3,17
degree-preserving,430,0.837557738151073,0.8422398343605921,0.5056895732919827,3,11
degree-preserving,430,0.8434494377328057,0.7968015274570295,0.40769308892021977,3,14
degree-preserving,430,0.7993441724378771,0.7591135211606823,0.3723571907799375,3,14
degree-preserving,430,0.7509564267318221,0.8112475672353008,0.5161188361489465,2,16
degree-preserving,430,0.8135212674464398,0.7603668743226033,0.3350745748382427,2,13
degree-preserving,430,0.8139696741075055,0.772541532445798,0.4568734253788919,2,14
degree-preserving,430,0.8544249500493981,0.8275817492853081,0.452932858907299,4,15
degree-preserving,430,0.8080880874440988,0.810859232994112,0.4442054429786954,3,13
degree-preserving,430,0.8040231603183752,0.7734672594332188,0.4303471526329581,2,16
degree-preserving,430,0.8235734984626815,0.8193248413646432,0.5261815504993113,2,17
degree-preserving,430,0.8282481532731494,0.8293356255590287,0.48771399412252153,4,15
degree-preserving,430,0.8049116562452989,0.7685135918219095,0.3448360465360213,3,13
degree-preserving,430,0.8045551161284019,0.7933199989391708,0.3948303665828295,3,13
degree-preserving,430,0.8018712299800967,0.8180459810970129,0.4454655503183457,3,16
degree-preserving,430,0.8220596216123002,0.8227691377776678,0.5273540364964453,2,14
degree-preserving,430,0.7829606155060642,0.7710117270017935,0.4025083437366367,2,11
degree-preserving,430,0.8673573432808879,0.8517383302183534,0.5606588514560966,3,13
degree-preserving,430,0.7968821260803469,0.8026774456048593,0.43542449515460446,3,16
degree-preserving,430,0.8606344252295695,0.8175998175653805,0.45163316754328053,4,16
degree-preserving,430,0.7874723431980508,0.8228494723906872,0.4732247114615456,2,16
degree-preserving,430,0.8481896998873584,0.7960932274979013,0.4323061676202232,3,14
degree-preserving,430,0.8191612353249875,0.8244969414616525,0.48538334162544605,2,13
degree-preserving,430,0.862620547057912,0.8196407852448482,0.5024644411648843,3,12
degree-preserving,430,0.7882947412957169,0.7998740996739728,0.45824620768384566,3,15
degree-preserving,430,0.8175928447934613,0.8279338743306157,0.5398102906283835,3,16
degree-preserving,430,0.8615119716985695,0.842761709235949,0.5012507829169263,3,16
degree-preserving,430,0.8422467101725182,0.8075996865039341,0.45568392352574283,2,12
degree-preserving,430,0.801976967876711,0.8204341837161453,0.517866497442376,3,14
degree-preserving,430,0.8563912056575387,0.8089475273802236,0.4088654515073637,3,13
degree-preserving,430,0.8025795149379629,0.7883762849423352,0.46959780611888075,2,15
degree-preserving,430,0.8055107878577588,0.7859494532193441,0.42788607401123785,3,15
degree-preserving,430,0.8160926087306668,0.8290977110214159,0.4897479350864846,3,12
degree-preserving,430,0.8311933879421172,0.809397799989507,0.4673354739343574,2,14
degree-preserving,430,0.7890976070607341,0.8204153427632557,0.5183221773571076,2,14
degree-preserving,430,0.8199944562076402,0.8287767434516438,0.5171307409689506,2,12
degree-preserving,430,0.8497501984713796,0.8117545525112713,0.4707924876001638,3,17
degree-preserving,430,0.8168045851299897,0.8088863967528173,0.45886296330784093,4,12
degree-preserving,430,0.8165313772349077,0.8250442022934228,0.4718698516852299,4,12
degree-preserving,430,0.856725745058976,0.8321112850396726,0.5512884949527154,3,12
degree-preserving,430,0.8195023533480554,0.7799434416292383,0.43190400889617614,3,13
degree-preserving,430,0.849036411404682,0.814953245391129,0.5053455796268506,3,14
degree-preserving,430,0.8096208169493158,0.8259793653180885,0.4437267840257167,3,15
degree-preserving,430,0.8300315113587589,0.8359717720602706,0.4677634783083351,2,13
degree-preserving,430,0.8764157073763534,0.8310176122555182,0.521139235868386,3,11
degree-preserving,430,0.8226707180102781,0.8183065109240832,0.46257365052066485,3,13
degree-preserving,430,0.8211977986832562,0.8244910137552106,0.4904005826112897,3,15
degree-preserving,430,0.8279776945936774,0.7916334082275753,0.408446681417365,3,16
degree-preserving,430,0.761020024846724,0.7576696161575567,0.37357224980692616,2,17
degree-preserving,430,0.8150050774708975,0.8049489992937691,0.4497178518273365,4,14
degree-preserving,430,0.8238614540700164,0.8200054428992924,0.4661821902480455,3,16
degree-preserving,430,0.7980153665042333,0.8059149358476758,0.472197216366227,3,13
degree-preserving,430,0.7979695434395011,0.7832468094969083,0.41662638420836645,3,13
degree-preserving,430,0.7962913121864772,0.7934109829857419,0.43848897019629046,3,14
degree-preserving,430,0.8064760456251481,0.8271323348865094,0.48623939108718245,3,15
degree-preserving,430,0.7608938426320977,0.7970359315234652,0.43138367105583814,2,14
degree-preserving,430,0.8055095291397549,0.7873139199204331,0.3639970346518432,3,13
degree-preserving,430,0.8166118311386095,0.8198615015354631,0.48162947504489584,3,13
degree-preserving,430,0.82477389399978,0.8308375633531042,0.48440049927249634,2,16
degree-preserving,430,0.8845777698039559,0.843340135382912,0.5361228924071765,2,11
degree-preserving,430,0.8084541136032672,0.7601584374049879,0.33559804604429694,3,16
degree-preserving,430,0.7789675939102352,0.7977163972762396,0.4912288260740962,3,17
degree-preserving,430,0.836086969516507,0.8423478607759474,0.5263054979461463,4,13
degree-preserving,430,0.8614376555346059,0.8109169160521732,0.4509821704968064,4,13
degree-preserving,430,0.8040697780443755,0.8158216332032528,0.46248440212370207,4,12
degree-preserving,430,0.7431585779435439,0.7720756963260968,0.40817438359952013,5,19
degree-preserving,430,0.8123596403932787,0.7707287944299968,0.411259155711081,3,13
degree-preserving,430,0.7978926801953716,0.7872136443799584,0.39137332428516586,3,15
degree-preserving,430,0.8418980361354302,0.8333993863196258,0.4820522452221902,3,14
degree-preserving,430,0.8300817283676307,0.7921922890079156,0.3779807883122285,3,15
degree-preserving,430,0.7609929195713949,0.7857053629360886,0.4427716187462866,2,17
degree-preserving,430,0.7523326845507061,0.8081171472800555,0.4979413908346928,3,13
degree-preserving,430,0.8014353817426123,0.7714591868114111,0.3866944856911873,2,14
degree-preserving,430,0.8153216985546192,0.8082666103213445,0.45904469749695126,2,14
degree-preserving,430,0.8061567198327333,0.8302807719527985,0.4817772110440363,2,16
degree-preserving,430,0.8494942532072898,0.8361077014754599,0.5671185359872017,3,13
degree-preserving,430,0.8048160563625297,0.7995350865032032,0.45783538431417803,3,15
degree-preserving,430,0.7695538727463758,0.8261817058188632,0.5063411158835306,3,18
degree-preserving,430,0.8303355838791358,0.8378003532550826,0.522802302654437,4,15
degree-preserving,430,0.879643968253442,0.8484916795784965,0.5138791954070963,3,13
degree-preserving,430,0.82647044880706,0.8423002537658988,0.566728864284392,1,15
degree-preserving,430,0.8602627452836242,0.8457015688546698,0.5126572384022333,3,14
degree-preserving,430,0.820494510625114,0.8228711197480296,0.45562426937830725,3,15
degree-preserving,430,0.829445850232748,0.8178698467588896,0.4800383105641105,3,14
degree-preserving,430,0.8343895622713946,0.7965084007741403,0.429013447715145,5,14
degree-preserving,430,0.8144245372202381,0.8154788997333193,0.44801866929574785,3,16
degree-preserving,430,0.8195468826564842,0.8091186985545658,0.49753712434145825,2,16
degree-preserving,430,0.8089478558841592,0.8103048657082259,0.484223982038949,2,14
degree-preserving,430,0.8032658675950743,0.8043175632333397,0.4276526921395944,3,13
degree-preserving,430,0.8449193128892176,0.8114975629537737,0.49765779294613655,4,12
degree-preserving,430,0.8481150559644299,0.8224356211348032,0.4266547800744254,4,12
degree-preserving,430,0.8302826129871022,0.8369274084985243,0.4908237569222892,3,16
degree-preserving,430,0.8475105818557909,0.8029854048895448,0.4786369280277947,2,12
degree-preserving,430,0.8277921235110877,0.8454277368361138,0.5437549449640096,3,14
degree-preserving,430,0.8241823307097984,0.7710356259339022,0.3625223185501608,2,13
degree-preserving,430,0.8599412317054944,0.8219524954135615,0.4523491268837065,3,11
degree-preserving,430,0.8453306250155259,0.8116520395389688,0.42583847479508036,3,15
degree-preserving,430,0.8453740401732737,0.8347006335797635,0.44491506120289576,3,16
degree-preserving,430,0.8816324584846487,0.8508866205386783,0.5349046602222592,3,12
degree-preserving,430,0.7474707799874567,0.7640073593545043,0.3784779272448136,4,12
degree-preserving,430,0.8289559083684417,0.7991968633731732,0.4760392719834002,3,14
degree-preserving,430,0.8483699426967919,0.848924384135326,0.5665114924391575,2,15
degree-preserving,430,0.8107608087426799,0.8229147915475419,0.46319182776514056,3,18
degree-preserving,430,0.8533850500819056,0.8330948549620807,0.5209369404053886,3,13
degree-preserving,430,0.8301600258803696,0.8053135508072229,0.4563027073368118,4,16
degree-preserving,430,0.8447388689220723,0.8046056221775197,0.42330170137672873,3,14
degree-preserving + length-constrained 25%,430,0.8187567439335681,0.7852244918784199,0.39385097142718584,3,14
degree-preserving + length-constrained 25%,430,0.8541908779487934,0.8515901258120506,0.5493624266721605,2,16
degree-preserving + length-constrained 25%,430,0.8531226695508753,0.8445001408991808,0.4929089164338393,3,16
degree-preserving + length-constrained 25%,430,0.8157671172299186,0.7991443372478209,0.47817029959753143,3,16
degree-preserving + length-constrained 25%,430,0.8761699761013144,0.8444766132681052,0.5356454149002696,3,15
degree-preserving + length-constrained 25%,430,0.8167828921686047,0.8071410822160463,0.4633903076467879,2,17
degree-preserving + length-constrained 25%,430,0.7785861034207939,0.8024867792000911,0.39966406509030683,4,16
degree-preserving + length-constrained 25%,430,0.88119204899369,0.850319597577404,0.5174298091959316,3,13
degree-preserving + length-constrained 25%,430,0.8307466122347082,0.8037788015738803,0.43793970240965685,3,14
degree-preserving + length-constrained 25%,430,0.8539503851803838,0.8353444942395478,0.5465097556673544,4,14
degree-preserving + length-constrained 25%,430,0.7347841875159009,0.8023932477660352,0.49966786686237363,4,15
degree-preserving + length-constrained 25%,430,0.8958539571380326,0.8534342442676777,0.5009778604313783,3,11
degree-preserving + length-constrained 25%,430,0.7418962320984079,0.7914301581938079,0.4467634526009337,3,15
degree-preserving + length-constrained 25%,430,0.8519822866265636,0.832378303630418,0.40538968909022166,3,12
degree-preserving + length-constrained 25%,430,0.7994273049140923,0.7956506276201931,0.4551224345903582,3,16
degree-preserving + length-constrained 25%,430,0.755481635699115,0.7785936703092362,0.3910134279128057,2,17
degree-preserving + length-constrained 25%,430,0.8481596757007306,0.8271164360115173,0.540724069382921,4,12
degree-preserving + length-constrained 25%,430,0.8201013272998527,0.814140886092418,0.49938813438635843,4,17
degree-preserving + length-constrained 25%,430,0.8177995530099049,0.8226710211563402,0.49520641107348745,3,16
degree-preserving + length-constrained 25%,430,0.8414214414845691,0.8318584847650823,0.5053575967222901,2,14
degree-preserving + length-constrained 25%,430,0.8364298674245654,0.8232585433491084,0.4761927044748127,3,13
degree-preserving + length-constrained 25%,430,0.8096675257173906,0.7943866514091482,0.4580374613366592,3,14
degree-preserving + length-constrained 25%,430,0.8273138317589304,0.8077162795794384,0.5101888570785444,3,14
degree-preserving + length-constrained 25%,430,0.854943983279201,0.8034740289235733,0.4838831631701855,2,13
degree-preserving + length-constrained 25%,430,0.8007987973170465,0.7956682500895425,0.4102856564870065,3,16
degree-preserving + length-constrained 25%,430,0.8084699049411488,0.7930768709348144,0.4361184479059308,2,16
degree-preserving + length-constrained 25%,430,0.7451370543220301,0.7945883447214921,0.4369570092744426,3,19
degree-preserving + length-constrained 25%,430,0.7921304349316554,0.8069984322293731,0.5059156312054687,3,18
degree-preserving + length-constrained 25%,430,0.844615106481748,0.7879352504984265,0.38908613413395293,3,16
degree-preserving + length-constrained 25%,430,0.809395573166072,0.7756032251701106,0.431778991640183,4,16
degree-preserving + length-constrained 25%,430,0.7812067657556727,0.8048959428295037,0.4149761297378777,3,15
degree-preserving + length-constrained 25%,430,0.815643964733286,0.7856165918368594,0.40069636225001587,2,13
degree-preserving + length-constrained 25%,430,0.8310792530382161,0.8287711694199029,0.5233377437079633,2,17
degree-preserving + length-constrained 25%,430,0.8636800642526137,0.817696256565247,0.49035401985361016,2,16
degree-preserving + length-constrained 25%,430,0.8270612708211043,0.8112554982216695,0.4726501484885413,3,14
degree-preserving + length-constrained 25%,430,0.7745373609356974,0.8051106460473589,0.46642090169613554,2,15
degree-preserving + length-constrained 25%,430,0.783947047064494,0.7946232237015929,0.4200844456967719,3,14
degree-preserving + length-constrained 25%,430,0.8625680530318731,0.85126832638617,0.5306516741443461,3,12
degree-preserving + length-constrained 25%,430,0.8029886209332631,0.7889878856982353,0.41113616789598845,3,16
degree-preserving + length-constrained 25%,430,0.8427965152539272,0.8186174099966572,0.4261356936708463,3,13
degree-preserving + length-constrained 25%,430,0.8437844639656609,0.8158797585861322,0.45516116539526746,4,15
degree-preserving + length-constrained 25%,430,0.8830829841133951,0.8401692294753671,0.5616664519240891,3,17
degree-preserving + length-constrained 25%,430,0.8572051631224635,0.8104436146548692,0.4610897248000338,3,15
degree-preserving + length-constrained 25%,430,0.7906658976666792,0.7608453368483596,0.37192177819515193,2,13
degree-preserving + length-constrained 25%,430,0.8029646660534959,0.782383156297918,0.41699426338244244,2,13
degree-preserving + length-constrained 25%,430,0.8342407233486786,0.8083728913966064,0.4163356499594284,3,13
degree-preserving + length-constrained 25%,430,0.7463936067202788,0.7814526388917609,0.41565440773175627,3,17
degree-preserving + length-constrained 25%,430,0.8308975003905525,0.8273337749024885,0.48611529073550475,3,13
degree-preserving + length-constrained 25%,430,0.8469745112209772,0.8377516288774889,0.5231964062100192,2,14
degree-preserving + length-constrained 25%,430,0.8211272356316608,0.77119229011317,0.40030166268355155,3,13
degree-preserving + length-constrained 25%,430,0.8241956206495731,0.8271552365791275,0.5604473773484192,2,16
degree-preserving + length-constrained 25%,430,0.7394852032055734,0.7459913894840164,0.35626622501174093,3,17
degree-preserving + length-constrained 25%,430,0.7987309100930238,0.8284332910065817,0.47545621515852116,2,15
degree-preserving + length-constrained 25%,430,0.7912757168533386,0.7686662026785969,0.4056048601819229,3,16
degree-preserving + length-constrained 25%,430,0.810000924170972,0.786665799931427,0.3751198703090019,2,15
degree-preserving + length-constrained 25%,430,0.8203228377193164,0.8251049604954408,0.4846139966562684,4,14
degree-preserving + length-constrained 25%,430,0.8398115118864999,0.7950266782445363,0.4117494566408358,2,15
degree-preserving + length-constrained 25%,430,0.8615342985551426,0.8068841501063937,0.46832925587371316,2,18
degree-preserving + length-constrained 25%,430,0.7721545495270363,0.7980274570194434,0.4556116804357373,2,14
degree-preserving + length-constrained 25%,430,0.8061516471442229,0.7584327359992198,0.4187064458666625,2,17
degree-preserving + length-constrained 25%,430,0.812326240904991,0.8083607654887257,0.4583573967004252,3,15
degree-preserving + length-constrained 25%,430,0.8118692985626847,0.7929072333135021,0.45515448218021065,3,14
degree-preserving + length-constrained 25%,430,0.8160074030316333,0.7988476836905756,0.40497288983331026,2,15
degree-preserving + length-constrained 25%,430,0.8264831819849439,0.8134117614278786,0.40988073808535197,3,14
degree-preserving + length-constrained 25%,430,0.8144624277997086,0.7976004996024366,0.4852206996308026,3,16
degree-preserving + length-constrained 25%,430,0.7911744485924892,0.7934350135173818,0.4156516795550997,2,15
degree-preserving + length-constrained 25%,430,0.8288660571406838,0.7764242501434309,0.342068004416446,3,15
degree-preserving + length-constrained 25%,430,0.814400585831929,0.8092660804580725,0.4646451277645435,3,15
degree-preserving + length-constrained 25%,430,0.7807899153618443,0.7475870008660417,0.34889314437161784,2,14
degree-preserving + length-constrained 25%,430,0.8250899356539538,0.7892608754267951,0.41886068941242416,2,13
degree-preserving + length-constrained 25%,430,0.8365382528955472,0.8382537912012307,0.48281676947877017,3,16
degree-preserving + length-constrained 25%,430,0.8416998271076155,0.8229815257683037,0.48011776110015214,3,16
degree-preserving + length-constrained 25%,430,0.8643126312734974,0.8452980824515024,0.5184442284030296,4,10
degree-preserving + length-constrained 25%,430,0.7557797576160399,0.7662999963794452,0.371790415041286,3,15
degree-preserving + length-constrained 25%,430,0.7799194138354313,0.7869163375029482,0.42222317590575326,2,14
degree-preserving + length-constrained 25%,430,0.8008214018638946,0.7731174091381183,0.35601292170988225,2,14
degree-preserving + length-constrained 25%,430,0.8300383004124665,0.8186895508574143,0.4434464895959078,3,17
degree-preserving + length-constrained 25%,430,0.8033856751910267,0.8115875208601022,0.5126576293806655,2,16
degree-preserving + length-constrained 25%,430,0.8082407026505825,0.8129241488477996,0.4353155676783278,3,16
degree-preserving + length-constrained 25%,430,0.825612563626299,0.8048859014066914,0.4257909356617808,3,19
degree-preserving + length-constrained 25%,430,0.7925044534769294,0.786352311485516,0.38508821953285727,3,17
degree-preserving + length-constrained 25%,430,0.7793203325608236,0.8110024402597786,0.5191027763860254,3,15
degree-preserving + length-constrained 25%,430,0.8370807252173105,0.8325094104232058,0.4986883682126189,3,16
degree-preserving + length-constrained 25%,430,0.8319304781078947,0.823451295422188,0.45231393665532954,3,15
degree-preserving + length-constrained 25%,430,0.8506989358305084,0.8058842530616099,0.45018913059007115,3,15
degree-preserving + length-constrained 25%,430,0.7811432854314699,0.7928079977144356,0.46876738211035557,4,16
degree-preserving + length-constrained 25%,430,0.8296184841654872,0.8382669593815109,0.47892939188330336,2,12
degree-preserving + length-constrained 25%,430,0.8412124334449034,0.7960908251463992,0.3720976936414113,3,11
degree-preserving + length-constrained 25%,430,0.826249833902138,0.8121541094620723,0.45839373611934525,2,14
degree-preserving + length-constrained 25%,430,0.8407714045135852,0.8374142875437767,0.47819523067438585,3,14
degree-preserving + length-constrained 25%,430,0.8502838250668725,0.8127448180237034,0.43792275173015865,3,14
degree-preserving + length-constrained 25%,430,0.8097228155598954,0.7825958707004363,0.43851691444010515,2,16
degree-preserving + length-constrained 25%,430,0.7933376411576449,0.7833575427844863,0.4141559517845726,4,18
degree-preserving + length-constrained 25%,430,0.8155660453034135,0.793562251188098,0.39202782087627747,3,14
degree-preserving + length-constrained 25%,430,0.7396547411145493,0.7970956438222736,0.4128333353448809,2,17
degree-preserving + length-constrained 25%,430,0.804939018785275,0.80272465158213,0.43487965018940433,2,16
degree-preserving + length-constrained 25%,430,0.8310983658380702,0.8005433543469198,0.5011329048089157,2,12
degree-preserving + length-constrained 25%,430,0.8202112233000483,0.8227004341802866,0.527222378783981,3,15
degree-preserving + length-constrained 25%,430,0.89015214521008,0.8149793056758037,0.4412433859447058,3,15
degree-preserving + length-constrained 25%,430,0.8689999834696704,0.8260050978145823,0.4847403076100178,3,13
degree-preserving + length-constrained 25%,430,0.7576527615190083,0.7838757119095954,0.4328629734663208,3,17
degree-preserving + length-constrained 25%,430,0.8525610480068353,0.8070272185008718,0.3949925046247018,3,12
degree-preserving + length-constrained 25%,430,0.7812594254248202,0.7924939298094131,0.4055137012275273,3,14
degree-preserving + length-constrained 25%,430,0.7713508927283279,0.7805483900361849,0.40309431628184444,2,16
degree-preserving + length-constrained 25%,430,0.8491994220118191,0.8366370691057254,0.5205395167217175,3,15
degree-preserving + length-constrained 25%,430,0.8021348401819861,0.8331462172817559,0.5230541702075987,3,17
degree-preserving + length-constrained 25%,430,0.8111306970932906,0.7992095148408289,0.43486618197132704,3,14
degree-preserving + length-constrained 25%,430,0.8418895990421735,0.7990967956388222,0.3974185311980064,3,11
degree-preserving + length-constrained 25%,430,0.8118941048634227,0.8182916835499152,0.48748670397475763,2,13
degree-preserving + length-constrained 25%,430,0.841966016596642,0.8383439496256393,0.5150936491267114,2,15
degree-preserving + length-constrained 25%,430,0.8008300644735793,0.8085739088222492,0.449943624950174,2,14
degree-preserving + length-constrained 25%,430,0.8573067982682852,0.8355165358120595,0.5045767879824803,4,14
degree-preserving + length-constrained 25%,430,0.8331415982140407,0.8087721694464711,0.47347777805694374,2,14
degree-preserving + length-constrained 25%,430,0.7693672397953233,0.7666039473853576,0.39515025180915014,3,15
degree-preserving + length-constrained 25%,430,0.8418526984551682,0.8194221092564227,0.5379909609004561,3,14
degree-preserving + length-constrained 25%,430,0.8362417135755256,0.8141547893548349,0.4575812163319281,3,12
degree-preserving + length-constrained 25%,430,0.8554386943068026,0.7916311147633914,0.41640139372126816,2,15
degree-preserving + length-constrained 25%,430,0.8413653314500209,0.7909367340885278,0.36556986087032817,3,12
degree-preserving + length-constrained 25%,430,0.7952689061504987,0.7807460946637181,0.3904172311969908,3,14
degree-preserving + length-constrained 25%,430,0.8310118635575525,0.8163445204070316,0.48778218159527464,3,16
degree-preserving + length-constrained 25%,430,0.8286611474277601,0.825840951440123,0.46536994901175915,3,14
degree-preserving + length-constrained 25%,430,0.8117828739686568,0.8179722869618677,0.4470771192995754,3,15
degree-preserving + length-constrained 25%,430,0.882080453000484,0.8446175530132085,0.5353733665255622,4,12
degree-preserving + length-constrained 25%,430,0.8935845175636348,0.8429674607753892,0.5077855890780947,3,12
degree-preserving + length-constrained 25%,430,0.7665921098716708,0.762183545023162,0.3791363945592632,3,16
degree-preserving + length-constrained 25%,430,0.8695195861009175,0.8208263484874887,0.437906110996643,3,12
degree-preserving + length-constrained 25%,430,0.811763450247792,0.8397566433361414,0.5552311939607185,3,15
degree-preserving + length-constrained 25%,430,0.8774280765472102,0.814005770443895,0.41837189758791665,3,12
degree-preserving + length-constrained 25%,430,0.8437853703530303,0.8309682462993817,0.490444990913612,3,11
degree-preserving + length-constrained 25%,430,0.8161103237939571,0.8485880315432217,0.5472779096605834,2,16
degree-preserving + length-constrained 25%,430,0.8309900772964629,0.7957932542289716,0.41761916520642656,3,14
degree-preserving + length-constrained 25%,430,0.8657217045285257,0.8716666907617703,0.5974940633443535,3,16
degree-preserving + length-constrained 25%,430,0.7889564063504277,0.808189479299656,0.44719098734465623,4,17
degree-preserving + length-constrained 25%,430,0.8208340280623321,0.7928889408674173,0.43299454262441966,2,14
degree-preserving + length-constrained 25%,430,0.80461603658099,0.8036632502905303,0.4258934541642484,3,15
degree-preserving + length-constrained 25%,430,0.781867412717423,0.7492216966218341,0.37861416818046195,2,16
degree-preserving + length-constrained 25%,430,0.7899415121165787,0.8117245316655675,0.45146140948089275,3,15
degree-preserving + length-constrained 25%,430,0.8105703167475726,0.7945463491624773,0.3881472049902462,2,15
degree-preserving + length-constrained 25%,430,0.881460383795676,0.85816512916482,0.5452373901469797,3,13
degree-preserving + length-constrained 25%,430,0.8390284211407868,0.8483302139035227,0.5542451997686311,3,14
degree-preserving + length-constrained 25%,430,0.8361809412678018,0.8188333518644706,0.46141743863342327,2,13
degree-preserving + length-constrained 25%,430,0.8405802372516729,0.8352874771058207,0.48476589874583065,2,12
degree-preserving + length-constrained 25%,430,0.7974706453102176,0.7965991217406057,0.4800676895038651,3,12
degree-preserving + length-constrained 25%,430,0.748724560825992,0.7432604171546977,0.34027388394596864,3,15
degree-preserving + length-constrained 25%,430,0.7981969671897329,0.8062711705132417,0.4696974970809871,3,16
degree-preserving + length-constrained 25%,430,0.8298457819074403,0.8145379108091277,0.46724388820584567,3,12
degree-preserving + length-constrained 25%,430,0.7896734383158,0.7793594443727714,0.40636304621569286,2,16
degree-preserving + length-constrained 25%,430,0.853879762222775,0.8275536753519934,0.46669234655604874,3,14
degree-preserving + length-constrained 25%,430,0.7812489779254097,0.7944399354560492,0.4603750675520903,3,15
degree-preserving + length-constrained 25%,430,0.7922283075987089,0.8166426517783756,0.48276895005557896,3,18
degree-preserving + length-constrained 25%,430,0.7338428684060097,0.7794003543398136,0.43132426407268504,3,15
degree-preserving + length-constrained 25%,430,0.8483126063346518,0.8125895982105655,0.45518600950361887,3,15
degree-preserving + length-constrained 25%,430,0.8832573464830613,0.8357993726630437,0.5114163380520511,3,15
degree-preserving + length-constrained 25%,430,0.8122789452021997,0.8193369434209257,0.4793924375052489,4,15
degree-preserving + length-constrained 25%,430,0.829266788361404,0.806920194566837,0.47669205876493886,3,18
degree-preserving + length-constrained 25%,430,0.8330838148333404,0.7615739387973741,0.3960195354093565,2,16
degree-preserving + length-constrained 25%,430,0.8465696434118646,0.848043515553232,0.5586103365857147,3,17
degree-preserving + length-constrained 25%,430,0.749184449712833,0.7445306972352008,0.36449721465893975,2,14
degree-preserving + length-constrained 25%,430,0.7586487805081006,0.7971787966909325,0.4594894914892763,3,16
degree-preserving + length-constrained 25%,430,0.8627555043299351,0.8145065283217927,0.5086458177863818,3,16
degree-preserving + length-constrained 25%,430,0.8057179040938245,0.7895718767383102,0.46400045523364253,2,13
degree-preserving + length-constrained 25%,430,0.7926521731624694,0.7967938684189118,0.4507462732074129,3,15
degree-preserving + length-constrained 25%,430,0.7282845151454147,0.7622043970734864,0.42513191618485296,4,16
degree-preserving + length-constrained 25%,430,0.8263093890836752,0.8011950907714298,0.38584832550634934,3,16
degree-preserving + length-constrained 25%,430,0.8384877629175054,0.826297010842838,0.5362935927086192,3,15
degree-preserving + length-constrained 25%,430,0.8179188810321758,0.7882850680807718,0.4150917820164944,4,17
degree-preserving + length-constrained 25%,430,0.8113830878646251,0.8228054063121468,0.48390661294084814,3,16
degree-preserving + length-constrained 25%,430,0.8612947649117788,0.8207716960153202,0.46136112186860057,3,14
degree-preserving + length-constrained 25%,430,0.7953459832947709,0.7954777363195591,0.3962754755609913,3,16
degree-preserving + length-constrained 25%,430,0.8839035624905649,0.8482192510710802,0.49203505749811666,3,16
degree-preserving + length-constrained 25%,430,0.8054351118374747,0.7941699849470463,0.409579499498747,3,15
degree-preserving + length-constrained 25%,430,0.8384040223166598,0.8323170654169258,0.46146028587945304,3,14
degree-preserving + length-constrained 25%,430,0.823696004376578,0.8129598202358121,0.4961849545910076,3,17
degree-preserving + length-constrained 25%,430,0.7519785694602643,0.7342008435090401,0.3200924224531167,3,16
degree-preserving + length-constrained 25%,430,0.7392612805091106,0.7625044551283497,0.4048525603117081,3,13
degree-preserving + length-constrained 25%,430,0.7824071128831414,0.8018829344706806,0.4325342219212374,2,13
degree-preserving + length-constrained 25%,430,0.8485748692777935,0.8263299109666744,0.47854500629076774,4,13
degree-preserving + length-constrained 25%,430,0.8549073705568064,0.8395661629736544,0.510971619531032,3,15
degree-preserving + length-constrained 25%,430,0.8407375121832426,0.8162368643609013,0.42581037035611297,4,13
degree-preserving + length-constrained 25%,430,0.7999211533095323,0.7990677099242438,0.47199993440036814,3,12
degree-preserving + length-constrained 25%,430,0.7724120706882904,0.7887463379716846,0.4272656698574995,3,15
degree-preserving + length-constrained 25%,430,0.7892344348497844,0.8174313906065998,0.4415290138259507,4,15
degree-preserving + length-constrained 25%,430,0.7890019548805949,0.8068616996613831,0.4467490561207396,3,14
degree-preserving + length-constrained 25%,430,0.8391265945690136,0.8254779300705408,0.4590553749117757,3,12
degree-preserving + length-constrained 25%,430,0.8297261319354114,0.8105968788321831,0.5126406647979195,3,12
degree-preserving + length-constrained 25%,430,0.8157128211131195,0.8396246183859037,0.49301965400647474,3,17
degree-preserving + length-constrained 25%,430,0.8555335092913301,0.8608766946501365,0.5556261364281728,3,16
degree-preserving + length-constrained 25%,430,0.8575868400496327,0.8307513833172917,0.5819630552228457,2,15
degree-preserving + length-constrained 25%,430,0.8470968596626647,0.8232852454734008,0.45410261709301614,3,18
degree-preserving + length-constrained 25%,430,0.8148641060125015,0.8057831503577697,0.45543727514415555,3,15
degree-preserving + length-constrained 25%,430,0.8339847469608959,0.8217452696525667,0.4847615780926384,3,13
degree-preserving + length-constrained 25%,430,0.8253352812091472,0.778414640695432,0.36365171058311635,3,13
degree-preserving + length-constrained 25%,430,0.8750247257385966,0.8225831809744244,0.47856760229978096,3,14
degree-preserving + length-constrained 25%,430,0.8256977791177542,0.7933066198792889,0.3905424105817661,3,17
degree-preserving + length-constrained 25%,430,0.843315791880836,0.8097128224661296,0.4658441170637225,3,13
degree-preserving + length-constrained 25%,430,0.7919319716851667,0.8014986346737101,0.4244598217108462,2,15
degree-preserving + length-constrained 25%,430,0.8045131561390744,0.8145448925308898,0.536689521880433,2,14
degree-preserving + length-constrained 25%,430,0.8370306705380444,0.8184110069939503,0.475566454798372,3,16
degree-preserving + length-constrained 25%,430,0.8531946674176889,0.8025605171089081,0.43399715553720414,3,13
degree-preserving + length-constrained 25%,430,0.8155929181492501,0.7900402595022142,0.4035705894064778,3,18
degree-preserving + length-constrained 25%,430,0.803751145126322,0.8143237668283967,0.41612792602556,3,16
degree-preserving + length-constrained 25%,430,0.7647518743430488,0.7731602881801696,0.39696960571621076,3,18
degree-preserving + length-constrained 25%,430,0.8485126539128145,0.8055178796975222,0.48200153725256306,2,15
degree-preserving + length-constrained 25%,430,0.8464407615001597,0.8337318657283102,0.48301650043386796,3,12
degree-preserving + length-constrained 25%,430,0.8621790256071522,0.8142623438603247,0.4964728912137089,2,12
degree-preserving + length-constrained 25%,430,0.8602322268457832,0.8281863039803963,0.5151925943981881,3,17
degree-preserving + length-constrained 25%,430,0.7788942601096118,0.8089244082699356,0.47136642740668505,3,12
degree-preserving + length-constrained 25%,430,0.8599972818184098,0.8282215981017671,0.45728484712956835,3,15
degree-preserving + length-constrained 25%,430,0.8417371447288049,0.8060147002746112,0.4526694510396368,3,11
degree-preserving + length-constrained 25%,430,0.8550789220661406,0.858954190435939,0.5699432352362392,2,13
degree-preserving + length-constrained 25%,430,0.7898862755375702,0.7701417179200682,0.3966579554839204,3,17
degree-preserving + length-constrained 25%,430,0.7818885018658539,0.7909402690455665,0.4393875463129471,2,16
degree-preserving + length-constrained 25%,430,0.867765914296696,0.8252095538252855,0.5019353719416373,4,13
degree-preserving + length-constrained 25%,430,0.8096177506048736,0.8174211226643384,0.5245821065278009,3,16
degree-preserving + length-constrained 25%,430,0.8023938995897826,0.815509381507175,0.4532038036892357,2,15
degree-preserving + length-constrained 25%,430,0.8423451323774689,0.8259955378430366,0.4810890455090507,3,16
degree-preserving + length-constrained 25%,430,0.8008505487218445,0.8307194610379796,0.5042739409800288,3,15
degree-preserving + length-constrained 25%,430,0.791096494615239,0.8177111690110994,0.5130159071539152,3,17
degree-preserving + length-constrained 25%,430,0.8107106181959642,0.7911068795403624,0.45449562795396203,3,17
degree-preserving + length-constrained 25%,430,0.7721068468696273,0.743121682333123,0.3505118085596424,2,18
degree-preserving + length-constrained 25%,430,0.8459690826625026,0.8292751462365475,0.49710411683953737,4,14
degree-preserving + length-constrained 25%,430,0.8730186893523892,0.8159043589230959,0.47503676203032763,2,14
degree-preserving + length-constrained 25%,430,0.8186580641153434,0.8009106535996982,0.41952844639716724,3,15
degree-preserving + length-constrained 25%,430,0.8336165282278651,0.854927360927151,0.6141973892659494,2,14
degree-preserving + length-constrained 25%,430,0.8470512193811814,0.7914197982132738,0.4026623021139311,3,14
degree-preserving + length-constrained 25%,430,0.8190793318600744,0.8209725177048077,0.4600734779094303,3,14
degree-preserving + length-constrained 25%,430,0.8030553124208544,0.8004325366278071,0.4469332383470771,3,15
degree-preserving + length-constrained 25%,430,0.8717916657442697,0.8397446050032298,0.5063323670058878,2,16
degree-preserving + length-constrained 25%,430,0.8003132287059271,0.8070010454943937,0.42171535975229574,2,16
degree-preserving + length-constrained 25%,430,0.816178501421502,0.817278766869368,0.4963390222203475,3,16
degree-preserving + length-constrained 25%,430,0.8588258911727442,0.8310601340963004,0.5225752975204784,4,12
degree-preserving + length-constrained 25%,430,0.8384356623348097,0.8184773872036493,0.4468257368583558,3,13
degree-preserving + length-constrained 25%,430,0.8410323738413703,0.8184965660207209,0.5033202696315738,3,15
degree-preserving + length-constrained 25%,430,0.8389506497659818,0.8398407807289896,0.5391917336702511,3,16
degree-preserving + length-constrained 25%,430,0.8305116384606879,0.8018640112392503,0.4559557021721612,2,15
degree-preserving + length-constrained 25%,430,0.7918809448331954,0.8125863359064169,0.440541787127394,2,15
degree-preserving + length-constrained 25%,430,0.7955461970447297,0.7847471273754738,0.432093702382709,3,17
degree-preserving + length-constrained 25%,430,0.8405971471321352,0.846875001732259,0.5497185865319651,2,14
degree-preserving + length-constrained 25%,430,0.7845153340422453,0.7806231507781736,0.36439468209197456,4,14
degree-preserving + length-constrained 25%,430,0.790662578432666,0.8099804293757145,0.4669878361211838,4,17
degree-preserving + length-constrained 25%,430,0.8339781438129836,0.8486986917326058,0.5539687607075594,3,15
degree-preserving + length-constrained 25%,430,0.8221914195268416,0.8231893755040671,0.486705340211928,3,15
degree-preserving + length-constrained 25%,430,0.8286699224586034,0.7942222931290486,0.40457495131622945,3,12
degree-preserving + length-constrained 25%,430,0.827317063993158,0.7835112431932296,0.4536152025436337,3,16
degree-preserving + length-constrained 25%,430,0.8175041104707355,0.7916907843252212,0.3973255945451209,3,13
degree-preserving + length-constrained 25%,430,0.8231315983573184,0.8239801688717538,0.4806310074160649,3,15
degree-preserving + length-constrained 25%,430,0.8084320394728419,0.8330304544418197,0.481282849402289,2,13
degree-preserving + length-constrained 25%,430,0.8507490096887624,0.8224803267215484,0.5056662212106504,2,11
degree-preserving + length-constrained 25%,430,0.8188503291549636,0.7810136327271586,0.3738083670906443,1,16
degree-preserving + length-constrained 25%,430,0.8535084388835865,0.8190451853497698,0.46757495397343224,3,14
degree-preserving + length-constrained 25%,430,0.8367647116006456,0.8075671802234738,0.4292610838076822,3,14
degree-preserving + length-constrained 25%,430,0.7658364209029076,0.7922969987221489,0.42689695719571935,2,18
degree-preserving + length-constrained 25%,430,0.831248848381728,0.8379387054958778,0.5489540453384721,2,14
degree-preserving + length-constrained 25%,430,0.8709546100273755,0.8155154153792317,0.44029080645981084,3,15
degree-preserving + length-constrained 25%,430,0.8788675549844605,0.846764736358812,0.5351510599245031,3,14
degree-preserving + length-constrained 25%,430,0.7448045506514844,0.732143576581753,0.3090362750665833,3,15
degree-preserving + length-constrained 25%,430,0.8327991650667879,0.8321806883935416,0.5025281775281673,3,17
degree-preserving + length-constrained 25%,430,0.8169103842358822,0.8072317279969998,0.41014557558157866,2,13
degree-preserving + length-constrained 25%,430,0.8330325490886952,0.8329941983425349,0.48233862873438976,4,18
degree-preserving + length-constrained 25%,430,0.7933738667129335,0.8075826274291522,0.5172961558359833,4,18
degree-preserving + length-constrained 25%,430,0.7878240331752202,0.7928502809092846,0.42870621647293106,4,15
degree-preserving + length-constrained 25%,430,0.7825398718835415,0.8071475379805422,0.43231388589182934,2,15
degree-preserving + length-constrained 25%,430,0.8206383135989179,0.791332363998807,0.41468894492051717,3,14
degree-preserving + length-constrained 25%,430,0.773474721564148,0.7786496270781955,0.39118918986072887,3,15
degree-preserving + length-constrained 25%,430,0.7311646340219093,0.7444146860919669,0.35806194604714137,3,16
degree-preserving + length-constrained 25%,430,0.8523303986690114,0.8183902863317689,0.5012260428551885,3,14
degree-preserving + length-constrained 25%,430,0.802913119745756,0.7956077290979955,0.40920964589709363,3,15
degree-preserving + length-constrained 25%,430,0.7985754816165067,0.7972059892051535,0.4275212955120836,3,13
degree-preserving + length-constrained 25%,430,0.8780017767545492,0.8566026002064859,0.5733302346527628,3,15
degree-preserving + length-constrained 25%,430,0.854695909413385,0.8107484435072243,0.49258070684832234,4,15
degree-preserving + length-constrained 25%,430,0.8026733958064078,0.7726862055662811,0.3299711084472982,3,14
degree-preserving + length-constrained 25%,430,0.8397663223266385,0.8260506879887588,0.4639142739356959,2,13
degree-preserving + length-constrained 25%,430,0.8001130883828573,0.823586875499811,0.48230991261147194,2,14
degree-preserving + length-constrained 25%,430,0.8185192022846022,0.8181061956366937,0.43863912240505254,2,14
degree-preserving + length-constrained 25%,430,0.78711843328368,0.7914807181141417,0.4472391550654597,2,14
degree-preserving + length-constrained 25%,430,0.8475537680286549,0.8378036509239686,0.4881831420870698,3,13
degree-preserving + length-constrained 25%,430,0.8165056804842599,0.8009547216730168,0.4373921891066052,3,14
degree-preserving + length-constrained 25%,430,0.8165461765585877,0.8129300985941523,0.4577755720164089,3,15
degree-preserving + length-constrained 25%,430,0.8295549466552332,0.8150684135713158,0.44817042840125865,2,14
degree-preserving + length-constrained 25%,430,0.8117976462618832,0.7803701556519911,0.37740806526298587,3,14
degree-preserving + length-constrained 25%,430,0.8373774922207484,0.8419713686856325,0.5217206352940494,3,16
degree-preserving + length-constrained 25%,430,0.8358811240190098,0.8048972255920446,0.38158790923168634,3,18
degree-preserving + length-constrained 25%,430,0.8046506930485113,0.7958380882794911,0.4513840113510555,3,17
degree-preserving + length-constrained 25%,430,0.7925173362698463,0.8172536730010671,0.47239675620882987,3,16
degree-preserving + length-constrained 25%,430,0.8067470189577135,0.800028151653454,0.4347499879793471,2,16
degree-preserving + length-constrained 25%,430,0.8460864865218758,0.8252518884284206,0.5288698264008712,2,16
degree-preserving + length-constrained 25%,430,0.8747123285216054,0.8191974429445372,0.5077172741378875,2,15
degree-preserving + length-constrained 25%,430,0.8773233952784496,0.8131246402577881,0.44237846816272486,3,13
degree-preserving + length-constrained 25%,430,0.8530463765314342,0.8315188255183419,0.47087445467615957,3,15
degree-preserving + length-constrained 25%,430,0.8440930621466265,0.7916950920442665,0.43195068955109356,3,13
degree-preserving + length-constrained 25%,430,0.7671303331980093,0.7848874929363974,0.3855757830624757,3,16
degree-preserving + length-constrained 25%,430,0.8451250315613945,0.8646340869806832,0.5747216299515508,3,12
degree-preserving + length-constrained 25%,430,0.7787048073053771,0.7671057510734998,0.44020015890825487,3,16
degree-preserving + length-constrained 25%,430,0.8284300082630003,0.7994110936570247,0.38971867845506875,3,14
degree-preserving + length-constrained 25%,430,0.8093565136826291,0.7799622560975608,0.3885062054352121,2,18
degree-preserving + length-constrained 25%,430,0.7628831570309647,0.7993028788272294,0.47128227714389,3,16
degree-preserving + length-constrained 25%,430,0.8637858278496984,0.8180819385799498,0.4660264756388428,3,12
degree-preserving + length-constrained 25%,430,0.8366314025692605,0.862852608902509,0.5934567495931132,2,14
degree-preserving + length-constrained 25%,430,0.875485770366337,0.8315619306812112,0.5009885582699258,3,13
degree-preserving + length-constrained 25%,430,0.7866900707525692,0.8192966273360223,0.5042310228526813,3,15
degree-preserving + length-constrained 25%,430,0.8075661146464315,0.813403531824668,0.4492198647035461,3,13
degree-preserving + length-constrained 25%,430,0.8501618259941517,0.8285650777407523,0.5516127817580024,3,15
degree-preserving + length-constrained 25%,430,0.7751211355466727,0.7554348319949418,0.3584510325638995,3,15
degree-preserving + length-constrained 25%,430,0.8406348028590394,0.7883380241822804,0.451416026272344,2,14
degree-preserving + length-constrained 25%,430,0.8180179064526716,0.8261110291089953,0.5517208364217039,2,11
degree-preserving + length-constrained 25%,430,0.8342942228773034,0.8484895081975636,0.5370387383547197,2,13
degree-preserving + length-constrained 25%,430,0.8231067304085846,0.8091073489586265,0.47329270309898924,2,16
degree-preserving + length-constrained 25%,430,0.8829443743372918,0.8589474472701015,0.5461491657750303,3,15
degree-preserving + length-constrained 25%,430,0.8633260744235283,0.8199594883968973,0.4568562986315823,3,15
degree-preserving + length-constrained 25%,430,0.8014723270358042,0.8103557698969301,0.4682402658372386,4,16
degree-preserving + length-constrained 25%,430,0.860255512718272,0.8106379022332921,0.43303995508547255,2,13
degree-preserving + length-constrained 25%,430,0.810451948440075,0.7981580049467476,0.40717654339825016,2,18
degree-preserving + length-constrained 25%,430,0.7706067217818844,0.8238111150514251,0.5189833461748983,3,17
degree-preserving + length-constrained 25%,430,0.881231417164964,0.8321079754243208,0.5338697060491464,3,11
degree-preserving + length-constrained 25%,430,0.8309114044640651,0.8056936670358812,0.4061433015478595,3,14
degree-preserving + length-constrained 25%,430,0.8060638950946728,0.7535881814925529,0.3845406400069092,2,14
degree-preserving + length-constrained 25%,430,0.8005309763229387,0.7919371476451078,0.45046551919775263,3,13
degree-preserving + length-constrained 25%,430,0.8033333960784812,0.777400672949722,0.3919825065338817,3,14
degree-preserving + length-constrained 25%,430,0.8414987314100828,0.7942436544500948,0.3878323440907241,3,13
degree-preserving + length-constrained 25%,430,0.8480295469696653,0.8214264043443364,0.43476149347898885,3,15
degree-preserving + length-constrained 25%,430,0.8931057375448732,0.852483881275407,0.5245011002735358,3,11
degree-preserving + length-constrained 25%,430,0.7848135998526249,0.8019122602926745,0.4717538632546995,3,15
degree-preserving + length-constrained 25%,430,0.8675993383126022,0.8223799677732175,0.46759587652023926,3,12
degree-preserving + length-constrained 25%,430,0.845299059817173,0.7920535154440889,0.4354585341520948,3,12
degree-preserving + length-constrained 25%,430,0.7966713057500108,0.824973674147667,0.4384049018887993,3,16
degree-preserving + length-constrained 25%,430,0.7764275474209381,0.8230073338090331,0.5095355068864797,2,17
degree-preserving + length-constrained 25%,430,0.8685897520601371,0.8144815684686064,0.43888230996228966,3,14
degree-preserving + length-constrained 25%,430,0.8151582495726604,0.8141899368858745,0.5328201681245185,2,13
degree-preserving + length-constrained 25%,430,0.790820233473646,0.8033891223694651,0.48813297801945843,3,13
degree-preserving + length-constrained 25%,430,0.8200883837516837,0.8250511199281325,0.45836867620542837,4,11
degree-preserving + length-constrained 25%,430,0.8355060597180208,0.8164685133826559,0.4669181307498883,4,15
degree-preserving + length-constrained 25%,430,0.7858168678241428,0.8033147504419691,0.5004451935759787,3,14
degree-preserving + length-constrained 25%,430,0.7093141486061851,0.7719276443087737,0.3811808249713205,2,16
degree-preserving + length-constrained 25%,430,0.7526920342294654,0.7928823364203121,0.4725965458270578,3,17
degree-preserving + length-constrained 25%,430,0.8292082258517612,0.8467566568843132,0.5142254446244507,2,15
degree-preserving + length-constrained 25%,430,0.8347654510947797,0.8055177204663571,0.4241497133090521,3,14
degree-preserving + length-constrained 25%,430,0.8703794313838367,0.8366457549684521,0.47738080109739456,4,12
degree-preserving + length-constrained 25%,430,0.8110223448560581,0.7555911346899788,0.3287147308163148,3,14
degree-preserving + length-constrained 25%,430,0.8450818192229435,0.8334936224355982,0.5107641274561896,2,15
degree-preserving + length-constrained 25%,430,0.8147024354323082,0.7953521528598739,0.4181833429264523,2,16
degree-preserving + length-constrained 25%,430,0.8521474604935986,0.8287617577602568,0.4695554373474662,4,14
degree-preserving + length-constrained 25%,430,0.8562084177706877,0.8533984544249271,0.5269466524350453,3,12
degree-preserving + length-constrained 25%,430,0.7818459083293692,0.7758102048491282,0.4357475684463198,4,16
degree-preserving + length-constrained 25%,430,0.8046715004888949,0.7807034263440868,0.4152139889081029,2,12
degree-preserving + length-constrained 25%,430,0.7223510797638,0.7535582840251172,0.357010321826803,3,16
degree-preserving + length-constrained 25%,430,0.7907565829462184,0.7960906294421428,0.4632552685584683,3,14
degree-preserving + length-constrained 25%,430,0.8138316828573335,0.7521210519810062,0.4079098356080443,3,16
degree-preserving + length-constrained 25%,430,0.8044576590762911,0.8154255318052672,0.5120829526658651,2,14
degree-preserving + length-constrained 25%,430,0.8529315120978067,0.844060320102102,0.5284914845073522,3,12
degree-preserving + length-constrained 25%,430,0.8479217146409301,0.8211188413238002,0.41883082565784446,3,9
degree-preserving + length-constrained 25%,430,0.7985564066333584,0.7906074056943004,0.38672204683311934,3,19
degree-preserving + length-constrained 25%,430,0.8473572998034866,0.8076024400869932,0.4754427993923492,2,15
degree-preserving + length-constrained 25%,430,0.8003058291584833,0.7850275469353989,0.401823393663983,1,14
degree-preserving + length-constrained 25%,430,0.780897922627702,0.774722152271631,0.4429512559741439,3,14
degree-preserving + length-constrained 25%,430,0.8167194005109797,0.8162680491686929,0.5144932156319983,2,16
degree-preserving + length-constrained 25%,430,0.8672624617253442,0.8291143211465923,0.507118390927426,4,13
degree-preserving + length-constrained 25%,430,0.8019743203152385,0.7727200317812457,0.40755166625899525,2,13
degree-preserving + length-constrained 25%,430,0.7868559007527951,0.7825499948954853,0.4095918438952126,2,16
degree-preserving + length-constrained 25%,430,0.7911798976792532,0.8146254601422318,0.46154024979677893,2,15
degree-preserving + length-constrained 25%,430,0.8133672160549268,0.7943596663308061,0.41359904940754383,3,18
degree-preserving + length-constrained 25%,430,0.8660884933507296,0.8500074715231367,0.5738780720504346,4,15
degree-preserving + length-constrained 25%,430,0.8236699959724458,0.8336972772970879,0.4952705090252372,3,13
degree-preserving + length-constrained 25%,430,0.8285721993188497,0.8315339437873952,0.49194658172535444,4,13
degree-preserving + length-constrained 25%,430,0.8500400430746,0.8627783716619122,0.598092799587811,3,17
degree-preserving + length-constrained 25%,430,0.7619414431946361,0.7913910541396074,0.3978921010104768,2,16
degree-preserving + length-constrained 25%,430,0.8305360357623424,0.8330235541085826,0.475325236134827,3,12
degree-preserving + length-constrained 25%,430,0.8764911818531496,0.830490366038322,0.4943100502798898,3,15
degree-preserving + length-constrained 25%,430,0.8184223451003243,0.8176636043247818,0.46616705555746746,3,12
degree-preserving + length-constrained 25%,430,0.7795808095522063,0.8232034295667741,0.5286529405484784,3,16
degree-preserving + length-constrained 25%,430,0.7305863923243456,0.7605187144177985,0.3922638581700791,2,18
degree-preserving + length-constrained 25%,430,0.8255262244921215,0.817675801063944,0.44117878901572644,4,15
degree-preserving + length-constrained 25%,430,0.8097385430124537,0.7883307455707069,0.3835509199151049,3,15
degree-preserving + length-constrained 25%,430,0.8531222841048849,0.8131935319596311,0.493719396344699,2,15
degree-preserving + length-constrained 25%,430,0.7691167993734489,0.8001419537111993,0.4532448442732042,3,13
degree-preserving + length-constrained 25%,430,0.7978709275928135,0.8039625424138175,0.47431820719807355,4,17
degree-preserving + length-constrained 25%,430,0.7819840787216847,0.7764947928324653,0.39260856076508144,2,11
degree-preserving + length-constrained 25%,430,0.8030106567197954,0.7995690297732025,0.4309575204356938,3,15
degree-preserving + length-constrained 25%,430,0.7952124468936521,0.7747476724967313,0.3757047780592137,2,15
degree-preserving + length-constrained 25%,430,0.8063338864505751,0.8156804552437569,0.4757929567984472,3,16
degree-preserving + length-constrained 25%,430,0.7787698293974659,0.8308256634110003,0.5294340535424578,3,14
degree-preserving + length-constrained 25%,430,0.8424131096193104,0.8083281703976837,0.4409027153165237,2,11
degree-preserving + length-constrained 25%,430,0.838801616628603,0.8582341880327136,0.5446499774971595,3,14
degree-preserving + length-constrained 25%,430,0.8198448611463334,0.8153493010150492,0.41491251325521483,4,16
degree-preserving + length-constrained 25%,430,0.7786666431682085,0.8123246243838216,0.49170951122718176,2,13
degree-preserving + length-constrained 25%,430,0.8196922169132681,0.8219884352304037,0.45614329905920314,3,15
degree-preserving + length-constrained 25%,430,0.8359277406924834,0.8241255010806645,0.48800735381837834,3,16
degree-preserving + length-constrained 25%,430,0.8363233234762837,0.7894822102684813,0.3983568143112734,4,16
degree-preserving + length-constrained 25%,430,0.8073450362817787,0.7673888749811357,0.38191844738392894,3,16
degree-preserving + length-constrained 25%,430,0.7765305798412752,0.8050236126783612,0.4652479138859411,2,17
degree-preserving + length-constrained 25%,430,0.8473968435074706,0.808194056018396,0.44808736409114386,3,12
degree-preserving + length-constrained 25%,430,0.8223893605411092,0.8220076999396277,0.49837247541852037,3,13
degree-preserving + length-constrained 25%,430,0.8415811498882311,0.8027451379287991,0.42347327852248784,3,16
degree-preserving + length-constrained 25%,430,0.8085934994889923,0.7966564753503858,0.4367537950131186,2,16
degree-preserving + length-constrained 25%,430,0.7889376281571041,0.7805157868169212,0.41803598586114865,3,15
degree-preserving + length-constrained 25%,430,0.7953918326959433,0.799583637320832,0.4504333414925852,2,16
degree-preserving + length-constrained 25%,430,0.8174077651465219,0.8175653366402802,0.44924972302545396,3,15
degree-preserving + length-constrained 25%,430,0.8004316407465961,0.7621651537071787,0.41735326545844864,3,14
degree-preserving + length-constrained 25%,430,0.8373776686077423,0.8143932060153649,0.430604833382575,3,14
degree-preserving + length-constrained 25%,430,0.824155497512113,0.8344794433411002,0.4859955290600888,3,15
degree-preserving + length-constrained 25%,430,0.8023468671550169,0.7796340394097419,0.37761837410885,3,16
degree-preserving + length-constrained 25%,430,0.8209679803152559,0.8136740808591028,0.4747440197829195,3,14
degree-preserving + length-constrained 25%,430,0.8435960016779107,0.8135917996641733,0.49974857530651545,2,15
degree-preserving + length-constrained 25%,430,0.7885838385872956,0.7855904137872853,0.4244326275806797,2,14
degree-preserving + length-constrained 25%,430,0.7750866727420012,0.7498873616838146,0.3333638880182489,3,16
degree-preserving + length-constrained 25%,430,0.8315150795119532,0.7891423280372241,0.4181984311368443,4,16
degree-preserving + length-constrained 25%,430,0.8219748076437248,0.8246887906747251,0.4548746761445481,2,11
degree-preserving + length-constrained 25%,430,0.8271368788916391,0.8022945509718546,0.46133168564749705,2,15
degree-preserving + length-constrained 25%,430,0.8414109710909528,0.8348594496078325,0.4837026688521639,2,15
degree-preserving + length-constrained 25%,430,0.8846303050847009,0.8391250518202027,0.5421717904899709,3,13
degree-preserving + length-constrained 25%,430,0.8398765389096312,0.832242544477497,0.5220619523176944,3,12
degree-preserving + length-constrained 25%,430,0.7792987457870846,0.7915396145190214,0.4342743967229226,2,15
degree-preserving + length-constrained 25%,430,0.8706836027579139,0.8446282817633137,0.5397830241706075,3,16
degree-preserving + length-constrained 25%,430,0.8223302469804754,0.8080648762521931,0.43256646115676756,3,13
degree-preserving + length-constrained 25%,430,0.8020289610923463,0.8339900752613327,0.4979270841606076,2,16
degree-preserving + length-constrained 25%,430,0.8381564301906834,0.8265131795784024,0.45150348208119045,3,13
degree-preserving + length-constrained 25%,430,0.7730831170446573,0.8032006338996016,0.5060278543876301,3,15
degree-preserving + length-constrained 25%,430,0.8088506961246587,0.8040844334623729,0.48621327646481993,2,15
degree-preserving + length-constrained 25%,430,0.8367339588286145,0.8331755363111506,0.49894549955594986,3,14
degree-preserving + length-constrained 25%,430,0.8113303648249244,0.8331003009695237,0.506802943729167,3,15
degree-preserving + length-constrained 25%,430,0.7123119380814953,0.7403213047936275,0.38581199578498226,3,14
degree-preserving + length-constrained 25%,430,0.7641918725903276,0.7804520507059944,0.4071427136329126,1,14
degree-preserving + length-constrained 25%,430,0.7250878162370227,0.7370425514137708,0.35074763215182764,4,16
degree-preserving + length-constrained 25%,430,0.7954140981971094,0.8043649088595675,0.4442842919164898,4,19
degree-preserving + length-constrained 25%,430,0.8480905231254976,0.7988158982129594,0.476059925552148,4,15
degree-preserving + length-constrained 25%,430,0.8384499153008156,0.8126006343204053,0.4538151506784598,3,15
degree-preserving + length-constrained 25%,430,0.850105981874401,0.8375574362473905,0.537031242560617,3,13
degree-preserving + length-constrained 25%,430,0.8240968146133283,0.7630471752752019,0.42733709546959653,4,16
degree-preserving + length-constrained 25%,430,0.8254691023345835,0.8220788391580849,0.4578401508936961,3,15
degree-preserving + length-constrained 25%,430,0.7697454664684402,0.7886288855316639,0.467815429233172,2,15
degree-preserving + length-constrained 25%,430,0.7759024669519217,0.7473387159865743,0.39899533113229646,3,17
degree-preserving + length-constrained 25%,430,0.7622215813301338,0.7750405035805452,0.4387883016834356,3,18
degree-preserving + length-constrained 25%,430,0.8332798422098953,0.8363932039298727,0.5178275954317801,3,14
degree-preserving + length-constrained 25%,430,0.8106740833806783,0.8085194908862938,0.3852601766467011,3,16
degree-preserving + length-constrained 25%,430,0.8776694945909249,0.8667902934632854,0.5433253017215116,3,12
degree-preserving + length-constrained 25%,430,0.822054723530367,0.8154894764539105,0.5032070665284988,4,16
degree-preserving + length-constrained 25%,430,0.8487155203591845,0.8226859674891285,0.4752398206160948,3,14
degree-preserving + length-constrained 25%,430,0.7638852263960558,0.7608262716399457,0.4052608780142639,3,14
degree-preserving + length-constrained 25%,430,0.7886984982430449,0.7781593501269786,0.36361395341622704,3,16
degree-preserving + length-constrained 25%,430,0.7968034202563843,0.8138568655450373,0.4751742711230407,3,16
degree-preserving + length-constrained 25%,430,0.7966292320206263,0.8175481412153902,0.45709521495964217,4,15
degree-preserving + length-constrained 25%,430,0.852822400685294,0.8146573323860957,0.4639284413720005,4,12
degree-preserving + length-constrained 25%,430,0.7913762785698426,0.7880372679813006,0.42064826776183234,2,16
degree-preserving + length-constrained 25%,430,0.8285262323749534,0.8074520486407493,0.4623259602257182,3,16
degree-preserving + length-constrained 25%,430,0.795614874159519,0.8081534511878052,0.501110558976442,4,14
degree-preserving + length-constrained 25%,430,0.7849777541683964,0.8016010603972568,0.43452860652576364,4,15
degree-preserving + length-constrained 25%,430,0.8272128688365561,0.82605532949214,0.47572154166956826,3,14
degree-preserving + length-constrained 25%,430,0.841575901314888,0.8485366115030921,0.5044480494843351,4,16
degree-preserving + length-constrained 25%,430,0.7960006997629967,0.8176036114261844,0.47026202876589446,3,13
degree-preserving + length-constrained 25%,430,0.893048859067658,0.85807820387064,0.5906737004681506,3,12
degree-preserving + length-constrained 25%,430,0.8434800663139244,0.8198253706710621,0.45134888528836853,4,13
degree-preserving + length-constrained 25%,430,0.8005442920970935,0.7565823027618506,0.3379194467671364,4,14
degree-preserving + length-constrained 25%,430,0.8092243391532188,0.761721733802941,0.3652609472166005,3,13
degree-preserving + length-constrained 25%,430,0.8704187260304066,0.8318156287403382,0.5642736668494667,4,15
degree-preserving + length-constrained 25%,430,0.8164634712122141,0.8460862558287263,0.50857870325696,3,17
degree-preserving + length-constrained 25%,430,0.8089376487809463,0.7979247305333581,0.4104808405510272,3,13
degree-preserving + length-constrained 25%,430,0.8192811626901884,0.7974877616928899,0.4391299674345617,3,14
degree-preserving + length-constrained 25%,430,0.8498689094042007,0.852656830483207,0.5312542680383187,3,15
degree-preserving + length-constrained 25%,430,0.8102952594721506,0.8197673455714363,0.45461212059597017,3,14
degree-preserving + length-constrained 25%,430,0.8562725408046186,0.8457755488924328,0.47887189918429385,4,12
degree-preserving + length-constrained 25%,430,0.8279368165210599,0.841019105908581,0.5321610664701019,4,15
degree-preserving + length-constrained 25%,430,0.8071046894906246,0.796388952956296,0.4254298559506395,4,15
degree-preserving + length-constrained 25%,430,0.8171688190923254,0.8013484276055605,0.46670597575661976,3,14
degree-preserving + length-constrained 25%,430,0.7761799370446811,0.7932015881312382,0.4076868322294725,3,16
degree-preserving + length-constrained 25%,430,0.7758716695956203,0.7660031463999828,0.3636954280763388,3,17
degree-preserving + length-constrained 25%,430,0.8356538631214794,0.8094392359506739,0.449492610743748,2,14
degree-preserving + length-constrained 25%,430,0.8494557431863137,0.8253030760193532,0.5183438197383671,2,13
degree-preserving + length-constrained 25%,430,0.8455144118106541,0.8096842192595071,0.4603735191562417,3,15
degree-preserving + length-constrained 25%,430,0.8597275800962756,0.8344034856647011,0.5016016150329925,3,10
degree-preserving + length-constrained 25%,430,0.8213960227276456,0.7870180453331352,0.3996272132973835,3,14
degree-preserving + length-constrained 25%,430,0.7939488240370094,0.7890657520717381,0.40607893742167545,4,13
degree-preserving + length-constrained 25%,430,0.7991015146543208,0.8123343887363794,0.450275484091843,4,15
degree-preserving + length-constrained 25%,430,0.8211217827193458,0.8089213980875074,0.41186340955990436,3,13
degree-preserving + length-constrained 25%,430,0.7982812497492133,0.7838472100186973,0.4303831186127675,4,15
degree-preserving + length-constrained 25%,430,0.8130956774899054,0.8460698563670661,0.530006175619455,1,12
degree-preserving + length-constrained 25%,430,0.828668364803091,0.8249934055151906,0.4860070005147632,2,13
degree-preserving + length-constrained 25%,430,0.9095081384825543,0.8584456906471287,0.5617430005017078,3,11
degree-preserving + length-constrained 25%,430,0.7887591686880333,0.8359735202293728,0.4954540801874667,4,15
degree-preserving + length-constrained 25%,430,0.8318994039859529,0.8473196679960207,0.5129006023864204,3,16
degree-preserving + length-constrained 25%,430,0.8679248269921356,0.8592915818906499,0.6182747827902024,2,18
degree-preserving + length-constrained 25%,430,0.8035913840184779,0.8125217259122637,0.5237708178213785,1,16
degree-preserving + length-constrained 25%,430,0.8224141336854576,0.8158379839392507,0.45530820151552437,4,14
degree-preserving + length-constrained 25%,430,0.8164875713991084,0.8243743564594974,0.4254765438808848,3,16
degree-preserving + length-constrained 25%,430,0.8060643877271569,0.8163621437104747,0.5086480370987951,3,14
degree-preserving + length-constrained 25%,430,0.8202177128794497,0.8290003044563958,0.5089429715233135,3,15
degree-preserving + length-constrained 25%,430,0.7978350390853568,0.784101786668379,0.445711237393021,4,15
degree-preserving + length-constrained 25%,430,0.7611167277161117,0.8096753896878557,0.44705422855414273,3,18
degree-preserving + length-constrained 25%,430,0.8232749004877926,0.8123367528420489,0.4779971695200868,2,14
degree-preserving + length-constrained 25%,430,0.7631648074654787,0.7767702349503927,0.39057081934186044,3,16
degree-preserving + length-constrained 25%,430,0.8109267312413617,0.8043190698146656,0.47361261018352685,3,15
degree-preserving + length-constrained 25%,430,0.7326421486542178,0.774110898984504,0.4228032931234327,2,18
degree-preserving + length-constrained 25%,430,0.7610752220128536,0.8009938094205489,0.4736593293857107,3,18
degree-preserving + length-constrained 25%,430,0.8136711053288324,0.7930842256936625,0.4462107315909535,3,15
degree-preserving + length-constrained 25%,430,0.8196902861184376,0.8048960163818728,0.41132945955306255,3,13
degree-preserving + length-constrained 25%,430,0.7934236172292586,0.7730665159152734,0.3714933326920803,2,11
degree-preserving + length-constrained 25%,430,0.8300146984249801,0.7993846017969681,0.41923834040243496,3,14
degree-preserving + length-constrained 25%,430,0.8629498555475901,0.7916883220898796,0.41063724130536494,3,16
degree-preserving + length-constrained 25%,430,0.831321181460279,0.8295070027140603,0.4625621556278192,3,16
degree-preserving + length-constrained 25%,430,0.8366546795951295,0.7801323004970522,0.39918876585048124,3,15
degree-preserving + length-constrained 25%,430,0.8554490704664948,0.8412982188883975,0.4896785782251224,3,14
degree-preserving + length-constrained 25%,430,0.7760544230132753,0.7915710089527712,0.4180724395354404,3,13
degree-preserving + length-constrained 25%,430,0.8667366485206367,0.830161299419953,0.4626523036468136,3,12
degree-preserving + length-constrained 25%,430,0.8370790914212427,0.8346343793887934,0.5286889800404677,3,15
degree-preserving + length-constrained 25%,430,0.8480266933108567,0.7874269900617992,0.40340185555322045,3,16
degree-preserving + length-constrained 25%,430,0.86115958975074,0.8274725165265469,0.470676195398357,3,13
degree-preserving + length-constrained 25%,430,0.8128867592979887,0.7594123866548121,0.3645024234921496,3,15
degree-preserving + length-constrained 25%,430,0.823830034355505,0.8118934809110712,0.49666754676947805,2,16
degree-preserving + length-constrained 25%,430,0.831363371243951,0.7852071756722281,0.3725725079008281,4,12
degree-preserving + length-constrained 25%,430,0.8557646962706287,0.8006462425070433,0.3996395330006974,3,11
degree-preserving + length-constrained 25%,430,0.8162365208490994,0.8047380605567716,0.42704835055107354,3,14
degree-preserving + length-constrained 25%,430,0.8574858197155175,0.8194249122280475,0.5174770261286207,3,13
degree-preserving + length-constrained 25%,430,0.7877556631321587,0.8138892221497551,0.47093719909764187,2,17
degree-preserving + length-constrained 25%,430,0.733894543680573,0.7206793830127449,0.38344918714207255,1,16
degree-preserving + length-constrained 25%,430,0.8299965533733928,0.8167716784475278,0.4549309389827097,3,14
degree-preserving + length-constrained 25%,430,0.751173971000358,0.8066874252828673,0.4428246978223641,2,17
degree-preserving + length-constrained 25%,430,0.8374646210859555,0.7935306457755589,0.448486864950716,3,17
degree-preserving + length-constrained 25%,430,0.8016110024444947,0.7819418534073543,0.40808307479671463,3,12
degree-preserving + length-constrained 25%,430,0.8537391260900573,0.8025171231124566,0.39710544577066603,3,16
degree-preserving + length-constrained 25%,430,0.8477763116060859,0.7876851437013228,0.395461994240517,2,11
degree-preserving + length-constrained 25%,430,0.8461933111437439,0.8110077420531581,0.48439236214739706,3,14
degree-preserving + length-constrained 25%,430,0.8038506315493152,0.7878636021871666,0.41449377082531846,3,16
degree-preserving + length-constrained 25%,430,0.799846610008055,0.7836718892924643,0.3832683613777774,3,12
degree-preserving + length-constrained 25%,430,0.8158513226668296,0.8078703188005485,0.4685625105937118,2,16
degree-preserving + length-constrained 25%,430,0.8758463020006619,0.8306691826522818,0.5195451657686505,3,14
degree-preserving + length-constrained 25%,430,0.7764326909362351,0.7905055633564386,0.45223277060980543,2,14
degree-preserving + length-constrained 25%,430,0.8560936882192971,0.7993330832831143,0.3985236251452705,3,12
degree-preserving + length-constrained 25%,430,0.8626804020992298,0.8281599897184648,0.4951143491515276,2,14
degree-preserving + length-constrained 25%,430,0.8391013093328075,0.8371685751302138,0.5200217176997093,3,17
degree-preserving + length-constrained 25%,430,0.7337246767129899,0.7758469735479225,0.38550240093479954,2,17
degree-preserving + length-constrained 25%,430,0.8713722304689024,0.8136711469895914,0.5168558682963859,3,15
degree-preserving + length-constrained 25%,430,0.8357830788788521,0.832694626534207,0.4864635748921192,3,12
degree-preserving + length-constrained 25%,430,0.7625265038970597,0.828261148573858,0.5056808942681107,3,15
degree-preserving + length-constrained 25%,430,0.8379881825541893,0.8137671755728695,0.4564883520375759,3,13
degree-preserving + length-constrained 25%,430,0.803332212763578,0.7731560221460949,0.3921350665778088,3,16
degree-preserving + length-constrained 25%,430,0.80958438595445,0.8081673642479388,0.43810244111449065,3,17
degree-preserving + length-constrained 25%,430,0.8450196704078508,0.8215226062541081,0.524378171874979,3,14
degree-preserving + length-constrained 25%,430,0.8357293347267161,0.8028867303756033,0.43103130443739046,4,11
degree-preserving + length-constrained 25%,430,0.8493725980519384,0.8234800820940158,0.4298313883542144,2,15
degree-preserving + length-constrained 25%,430,0.7470088921154812,0.7966590437275431,0.4570627630244304,3,18
degree-preserving + length-constrained 25%,430,0.8636193728734105,0.798362534225054,0.4586402777751332,2,13
degree-preserving + length-constrained 25%,430,0.8019816132890263,0.7864665168878431,0.3842868620521771,4,13
degree-preserving + length-constrained 25%,430,0.8140598143163313,0.7948829487559879,0.4197333913049663,4,16
degree-preserving + length-constrained 25%,430,0.8275253450628723,0.8076345615319094,0.430689288373302,3,15
degree-preserving + length-constrained 25%,430,0.8285607042433061,0.776382649918461,0.3902427696687168,3,15
degree-preserving + length-constrained 25%,430,0.8621445379069768,0.8391823904343019,0.5141861530484659,2,13
degree-preserving + length-constrained 25%,430,0.7953065914825439,0.7806825982189218,0.3992126323111945,3,13
degree-preserving + length-constrained 25%,430,0.8088626445993656,0.7931451912761669,0.3946101837181456,4,15
degree-preserving + length-constrained 25%,430,0.8352869974061767,0.828565207959503,0.5219179786894367,3,16
degree-preserving + length-constrained 25%,430,0.7989790366279401,0.8068355037356734,0.4743168306237924,3,18
degree-preserving + length-constrained 25%,430,0.8399809730373684,0.8092968179693081,0.4190644052858089,3,12
degree-preserving + length-constrained 25%,430,0.814119859289818,0.7932932198233136,0.45239042898319165,3,13
degree-preserving + length-constrained 25%,430,0.8179561749857276,0.7854989802014689,0.41723903167644494,2,14
degree-preserving + length-constrained 25%,430,0.8595057907636297,0.7980730514450449,0.4489403858919596,3,16
degree-preserving + length-constrained 25%,430,0.873839763662853,0.8378999264861289,0.5231388888075432,3,11
degree-preserving + length-constrained 25%,430,0.8724081120539426,0.8560835679974295,0.5366273909939077,3,13
degree-preserving + length-constrained 25%,430,0.7965160922037897,0.8052246746541523,0.47157038205330326,4,15
degree-preserving + length-constrained 25%,430,0.8292556726976561,0.8162557982208714,0.4600053242377356,2,17
degree-preserving + length-constrained 25%,430,0.8688585843824945,0.8156453789860876,0.4831284238118522,4,15
degree-preserving + length-constrained 25%,430,0.841633259929143,0.7954567758975115,0.4134972113936394,2,14
degree-preserving + length-constrained 25%,430,0.8390005948220824,0.7867613732793963,0.4390369213847265,4,14
degree-preserving + length-constrained 25%,430,0.886601362520042,0.8366768010055243,0.5324575438139512,3,11
degree-preserving + length-constrained 25%,430,0.8176461095502159,0.7972239991883263,0.47295099480479796,3,12
degree-preserving + length-constrained 25%,430,0.8711572604608626,0.84787206985272,0.5292331711390529,3,12
degree-preserving + length-constrained 25%,430,0.7802273049917547,0.8048250390458733,0.4542092118319419,2,15
degree-preserving + length-constrained 25%,430,0.8163022687071573,0.8045103622240193,0.4412473386006795,2,13
degree-preserving + length-constrained 25%,430,0.8109109714708511,0.7735819010911456,0.4179048279871296,3,13
degree-preserving + length-constrained 25%,430,0.8443461229562357,0.8061057317058347,0.42184399003964573,3,15
degree-preserving + length-constrained 25%,430,0.8085721641707928,0.8178056257998059,0.4698987883835965,3,13
degree-preserving + length-constrained 25%,430,0.8008966261636847,0.7870057993317332,0.3785382508156781,3,16
degree-preserving + length-constrained 25%,430,0.8489931310477967,0.8105665712618417,0.41948821894157823,3,15
degree-preserving + length-constrained 25%,430,0.8274399678538928,0.8152741795643741,0.4264844855407224,3,15
degree-preserving + length-constrained 25%,430,0.8585395494153951,0.831667561921974,0.48194234653476614,3,12
degree-preserving + length-constrained 25%,430,0.8003963074527947,0.8146332587482992,0.4870154379438739,2,14
degree-preserving + length-constrained 25%,430,0.8642621062306248,0.8021119834021964,0.39416476670186096,4,16
degree-preserving + length-constrained 25%,430,0.8211195790494856,0.835483590552752,0.5209822454471054,3,14
degree-preserving + length-constrained 25%,430,0.7507800463375875,0.7833412826798252,0.3590379278169153,3,15
degree-preserving + length-constrained 25%,430,0.7974311242071301,0.7949506343143589,0.4417103920181399,3,17
degree-preserving + length-constrained 25%,430,0.825504337635738,0.8012860334913563,0.3603561309795344,3,15
degree-preserving + length-constrained 25%,430,0.85173597024982,0.8133567735048681,0.5023960878559229,3,15
degree-preserving + length-constrained 25%,430,0.7726609561551361,0.7526424091318018,0.38004244695487327,2,14
degree-preserving + length-constrained 25%,430,0.8284690431320498,0.8317329570116536,0.5462879591782732,3,16
degree-preserving + length-constrained 25%,430,0.7758307490260254,0.7888693177729313,0.4003529085672341,2,18
degree-preserving + length-constrained 25%,430,0.7926177154306713,0.7852319933834846,0.40995156610859945,2,15
degree-preserving + length-constrained 25%,430,0.8790386560238437,0.8702185325281939,0.5535499016209942,3,14
degree-preserving + length-constrained 25%,430,0.7891744942116787,0.8026448967848276,0.48881548711929385,3,15
degree-preserving + length-constrained 25%,430,0.8288746809967564,0.826301623955118,0.5488938524282392,3,18
degree-preserving + length-constrained 25%,430,0.8658735244216686,0.8352455608019989,0.5157442210439533,2,15
degree-preserving + length-constrained 25%,430,0.7704952526945692,0.7981681886802436,0.4931419303308335,3,16
degree-preserving + length-constrained 25%,430,0.7542312359744625,0.8333461705492125,0.48546773037167956,3,19
degree-preserving + length-constrained 25%,430,0.7818969602555106,0.7892375052219693,0.4153363728573461,3,17
degree-preserving + length-constrained 25%,430,0.8025737765236722,0.8349456500877765,0.4999795689119571,3,17
degree-preserving + length-constrained 25%,430,0.8878476843421084,0.8414993883578705,0.5836100191660655,3,16
degree-preserving + length-constrained 25%,430,0.8190969269544877,0.7927859160705362,0.41174394450513024,2,13
degree-preserving + length-constrained 25%,430,0.8246510172867874,0.8202771012662486,0.4648053844564921,3,15
degree-preserving + length-constrained 25%,430,0.8377617259613903,0.8210374985898472,0.4564024655941411,3,15
degree-preserving + length-constrained 25%,430,0.8224838582389078,0.797706631081939,0.3637110325386747,3,10
degree-preserving + length-constrained 25%,430,0.8166379532191761,0.8056988705238031,0.4488082829058532,2,15
degree-preserving + length-constrained 25%,430,0.8370949604887636,0.834072050241423,0.4971057191657943,3,16
degree-preserving + length-constrained 25%,430,0.8039124786384195,0.772495716500111,0.37973550809044415,4,16
degree-preserving + length-constrained 25%,430,0.7666106463116749,0.776053420719679,0.4174694986167287,1,16
degree-preserving + length-constrained 25%,430,0.851087804644953,0.8270184299635,0.4966319898367968,3,14
degree-preserving + length-constrained 25%,430,0.8372018065809823,0.8225259741257143,0.44458160818994397,3,15
degree-preserving + length-constrained 25%,430,0.8486958772852309,0.8478003153236096,0.5058813124173085,2,17
degree-preserving + length-constrained 25%,430,0.8424938331021268,0.8432174400789485,0.46977522189190957,2,12
degree-preserving + length-constrained 25%,430,0.8231792479863635,0.828963347707486,0.4739208574613442,2,19
degree-preserving + length-constrained 25%,430,0.8756180817806289,0.8397536614786711,0.5870855332242847,3,16
degree-preserving + length-constrained 25%,430,0.834077596070989,0.8494709438967745,0.5930180107657053,3,14
degree-preserving + length-constrained 25%,430,0.8316896963014149,0.7982064764130665,0.45735452479964767,4,15
degree-preserving + length-constrained 25%,430,0.8261328237754499,0.8150159541245243,0.5111146468978959,3,13
degree-preserving + length-constrained 25%,430,0.8338735529011085,0.7982508518900007,0.43329561250318266,3,16
degree-preserving + length-constrained 25%,430,0.7912911016890243,0.8260465416522367,0.47187492036496753,3,14
degree-preserving + length-constrained 25%,430,0.8307763712209875,0.8402647253864164,0.5563287157109089,3,11
degree-preserving + length-constrained 25%,430,0.8380855929125179,0.7986894447221222,0.4158717008270047,3,12
degree-preserving + length-constrained 25%,430,0.7745229664912174,0.8047784885394142,0.4104274238951702,3,15
degree-preserving + length-constrained 25%,430,0.8220384707114068,0.8046280810238113,0.4725938253118613,3,16
degree-preserving + length-constrained 25%,430,0.8634294594753384,0.8321311772068207,0.5099180584867014,3,15
degree-preserving + length-constrained 25%,430,0.7786057562759474,0.7892924053928481,0.42213975036018075,3,16
degree-preserving + length-constrained 25%,430,0.8404582595461279,0.8077244288421772,0.4288469789414897,3,15
degree-preserving + length-constrained 25%,430,0.8449147468578069,0.8362932146722559,0.5190754500229322,3,13
degree-preserving + length-constrained 25%,430,0.7659677335871125,0.7993494029218462,0.4891494086964694,3,15
degree-preserving + length-constrained 25%,430,0.8172058584933044,0.8270805616630246,0.4272654839615938,3,14
degree-preserving + length-constrained 25%,430,0.8418134742271268,0.8302487698225416,0.4824973598034107,3,15
degree-preserving + length-constrained 25%,430,0.863923651658373,0.8439983949330945,0.5498741882640863,1,15
degree-preserving + length-constrained 25%,430,0.854116043061012,0.809064744473764,0.4647360414923637,3,14
degree-preserving + length-constrained 25%,430,0.7387406204457945,0.7926846641174428,0.42176782817854275,1,16
degree-preserving + length-constrained 25%,430,0.8337377416378178,0.787237595379991,0.4281356787006151,3,14
degree-preserving + length-constrained 25%,430,0.891241292757516,0.8387713879126504,0.5361895655210167,3,16
degree-preserving + length-constrained 25%,430,0.8221781882162515,0.8327107383915422,0.47519349486610774,3,15
degree-preserving + length-constrained 25%,430,0.8234391694044503,0.81635815055689,0.4437757355746304,3,17
degree-preserving + length-constrained 25%,430,0.8535541970874068,0.8068168605394472,0.4620018694694467,2,13
degree-preserving + length-constrained 25%,430,0.7719283924448701,0.7938107080079562,0.4014008329801469,3,18
degree-preserving + length-constrained 25%,430,0.788939560300234,0.7954062839096816,0.416812059563429,4,14
degree-preserving + length-constrained 25%,430,0.8230972669591705,0.833548050762905,0.49869788828336387,2,13
degree-preserving + length-constrained 25%,430,0.7744861642319671,0.7750377992071813,0.40323062800304055,3,15
degree-preserving + length-constrained 25%,430,0.8114103898649005,0.7982428219514339,0.4219345208314465,3,13
degree-preserving + length-constrained 25%,430,0.8620196259410606,0.8338221013169564,0.4744651232437684,3,12
degree-preserving + length-constrained 25%,430,0.8337988382699018,0.8143118006880128,0.42581206158400425,3,13
degree-preserving + length-constrained 25%,430,0.8360355026068502,0.8455249663999083,0.5641430168549757,3,15
degree-preserving + length-constrained 25%,430,0.8191304618474848,0.8260724771359493,0.44766757304103344,2,16
degree-preserving + length-constrained 25%,430,0.8264707884914759,0.8000456338478079,0.40041064094181955,3,12
degree-preserving + length-constrained 25%,430,0.7927534531696354,0.8076492431376328,0.4683734345578246,2,15
degree-preserving + length-constrained 25%,430,0.850830657640403,0.8278707071011573,0.5036912003863734,3,14
degree-preserving + length-constrained 25%,430,0.8315673896960221,0.8073004968897057,0.427485471397903,3,17
degree-preserving + length-constrained 25%,430,0.8229178992391855,0.8153027863451865,0.4596599279442652,3,16
degree-preserving + length-constrained 25%,430,0.8229654748941555,0.7742355626556432,0.37616303782909294,3,14
degree-preserving + length-constrained 25%,430,0.850711066724632,0.8026018191819735,0.40618079694018455,3,14
degree-preserving + length-constrained 25%,430,0.7638444683005907,0.7664600285979255,0.399509274225037,2,16
degree-preserving + length-constrained 25%,430,0.8504822772521323,0.8389967825971314,0.5104749526730487,2,14
degree-preserving + length-constrained 25%,430,0.8633942626480495,0.8081776176225941,0.43693910405358916,4,14
degree-preserving + length-constrained 25%,430,0.8513622971452557,0.8304912935401341,0.5067075001513153,3,13
degree-preserving + length-constrained 25%,430,0.8313501735341473,0.835168631917893,0.48220853909354183,3,16
degree-preserving + length-constrained 25%,430,0.8122506504945199,0.8140528682456081,0.4924610207870815,3,14
degree-preserving + length-constrained 25%,430,0.9144897607809768,0.8454835341168421,0.5169289094308488,3,14
degree-preserving + length-constrained 25%,430,0.7758152524027233,0.8193906634522061,0.5324442673633822,3,16
degree-preserving + length-constrained 25%,430,0.8117675197779104,0.8214829404532218,0.4511931650133643,3,12
degree-preserving + length-constrained 25%,430,0.7508722304618924,0.7969489404556251,0.4358465108167529,2,16
degree-preserving + length-constrained 25%,430,0.8760610572891228,0.823521549665881,0.501520022179749,3,14
degree-preserving + length-constrained 25%,430,0.8204121954441843,0.8319275153897787,0.5138682438487143,3,16
degree-preserving + length-constrained 25%,430,0.7459420744311256,0.7921881402958761,0.41632937554221483,2,15
degree-preserving + length-constrained 25%,430,0.7653114592881598,0.7909991526603584,0.45336860671544793,3,19
degree-preserving + length-constrained 25%,430,0.885046057518724,0.8600244900693699,0.5332574373154912,4,13
degree-preserving + length-constrained 25%,430,0.792825622894568,0.8046782763232072,0.465310860516071,3,16
degree-preserving + length-constrained 25%,430,0.8285845622694867,0.797547732917939,0.42572081176363513,3,14
degree-preserving + length-constrained 25%,430,0.7846618483487069,0.7924770466539159,0.44448426465316326,4,13
degree-preserving + length-constrained 25%,430,0.7464987366970568,0.7660913855744342,0.3575837578615872,3,14
degree-preserving + length-constrained 25%,430,0.7855407051330439,0.7866751288598093,0.39631143173077926,2,14
degree-preserving + length-constrained 25%,430,0.8644041688353565,0.8235701983379176,0.4349176392786362,2,14
degree-preserving + length-constrained 25%,430,0.8290540411727112,0.7841118982148265,0.3823402943212736,3,15
degree-preserving + length-constrained 25%,430,0.7854962567616346,0.8055870466108712,0.43809927484164407,4,13
degree-preserving + length-constrained 25%,430,0.8144862405398348,0.8217615218391263,0.46101578504913077,2,15
degree-preserving + length-constrained 25%,430,0.7572111429388615,0.7862558333057221,0.39113668724840017,3,16
degree-preserving + length-constrained 25%,430,0.84389486856703,0.8266402081885182,0.4824501829310099,3,15
degree-preserving + length-constrained 25%,430,0.8268588213479122,0.8171478953211324,0.46741913461017237,3,15
degree-preserving + length-constrained 25%,430,0.786233341421753,0.7746720846618869,0.39658026696538795,3,14
degree-preserving + length-constrained 25%,430,0.813028517219796,0.7625694567080175,0.40487099736532667,3,14
degree-preserving + length-constrained 25%,430,0.8118482296259182,0.8088593930432559,0.42726752473380936,3,16
degree-preserving + length-constrained 25%,430,0.8225361656321521,0.7911984188519157,0.4705095141892922,3,17
degree-preserving + length-constrained 25%,430,0.8334668321451264,0.8167891852170348,0.4866494208166768,3,16
degree-preserving + length-constrained 25%,430,0.8099013101649546,0.8104569421303052,0.45642729904106494,3,13
degree-preserving + length-constrained 25%,430,0.8533337882238807,0.8303183058988246,0.47982832939975695,3,16
degree-preserving + length-constrained 25%,430,0.8163352778873607,0.773233615228488,0.35364700577564234,3,15
degree-preserving + length-constrained 25%,430,0.8280016522453248,0.7809767925836828,0.36036023720179416,3,13
degree-preserving + length-constrained 25%,430,0.8023120873887397,0.7683293531069126,0.38707368091152133,2,14
degree-preserving + length-constrained 25%,430,0.7466169503075117,0.749798395525757,0.37265908073003845,4,16
degree-preserving + length-constrained 25%,430,0.818689098707795,0.8333727975769019,0.5063515054537517,3,14
degree-preserving + length-constrained 25%,430,0.7846146788886252,0.8204135744751673,0.50474093654912,2,15
degree-preserving + length-constrained 25%,430,0.8003842512793815,0.7710158850209454,0.36490533578541623,3,16
degree-preserving + length-constrained 25%,430,0.8316519260569877,0.8130064278849465,0.46963571676995175,3,14
degree-preserving + length-constrained 25%,430,0.8041779860104785,0.8098510957527119,0.4704106627159088,3,15
degree-preserving + length-constrained 25%,430,0.7863023077585443,0.7657993409857986,0.34984785107298166,2,15
degree-preserving + length-constrained 25%,430,0.8776332386283108,0.8025802624244693,0.5216050974395908,3,12
degree-preserving + length-constrained 25%,430,0.8036565715109789,0.7961531588834414,0.43682444050976993,3,16
degree-preserving + length-constrained 25%,430,0.8555875399956199,0.8223338028142404,0.5089229633157338,3,14
degree-preserving + length-constrained 25%,430,0.7477404704502311,0.8297702434607819,0.5183911556726243,3,14
degree-preserving + length-constrained 25%,430,0.83382293549137,0.8482305422675611,0.529365695888843,3,16
degree-preserving + length-constrained 25%,430,0.7608183924010559,0.8131973981840097,0.47436209668631113,4,14
degree-preserving + length-constrained 25%,430,0.8404475922490637,0.8446726690103126,0.5569381160170362,3,15
degree-preserving + length-constrained 25%,430,0.7715950395915341,0.8085864794000694,0.45610809137324765,2,16
degree-preserving + length-constrained 25%,430,0.8226443733078554,0.8043799017882625,0.42765491802023664,3,15
degree-preserving + length-constrained 25%,430,0.8970136577849024,0.8771710330857441,0.6395685394589934,3,13
degree-preserving + length-constrained 25%,430,0.8228023942533531,0.8009287951693926,0.4447996360839327,2,15
degree-preserving + length-constrained 25%,430,0.813875534536648,0.8199912222673169,0.49956108664526033,3,14
degree-preserving + length-constrained 25%,430,0.8174732427917861,0.8413996396434182,0.5233962294308429,3,13
degree-preserving + length-constrained 25%,430,0.7299530160347747,0.769233150768537,0.45901211472698766,2,16
degree-preserving + length-constrained 25%,430,0.8093374461529403,0.7909227573850097,0.42038885943383997,2,13
degree-preserving + length-constrained 25%,430,0.7980417866332026,0.7827433685533127,0.3813344326889102,3,16
degree-preserving + length-constrained 25%,430,0.8366919188362272,0.8422240386886737,0.5505667773643255,4,15
degree-preserving + length-constrained 25%,430,0.8377122694904193,0.8006816887487131,0.4498229016690963,3,16
degree-preserving + length-constrained 25%,430,0.8359152011441424,0.8372556302579148,0.46853877247636116,3,17
degree-preserving + length-constrained 25%,430,0.7991501402601493,0.8062582070959823,0.4239978119949216,4,16
degree-preserving + length-constrained 25%,430,0.7843441695734124,0.7765971856136831,0.3853862587912262,3,15
degree-preserving + length-constrained 25%,430,0.8518895308095393,0.8120148101496876,0.43345283353757963,3,15
degree-preserving + length-constrained 25%,430,0.8527361855360693,0.8346124662957886,0.5487759870229577,3,15
degree-preserving + length-constrained 25%,430,0.7720424992325585,0.7408455472644639,0.3351286685874664,3,14
degree-preserving + length-constrained 25%,430,0.8269916815894616,0.81474883254293,0.5324604125736917,3,13
degree-preserving + length-constrained 25%,430,0.8152339960442909,0.7967549325193455,0.4201268851777233,3,15
degree-preserving + length-constrained 25%,430,0.824779299935458,0.8146214740518956,0.4748046365830729,4,13
degree-preserving + length-constrained 25%,430,0.8280378332099763,0.8119618321431832,0.45688361184704446,2,14
degree-preserving + length-constrained 25%,430,0.8523774334506542,0.8572127652776247,0.5500710187974934,4,11
degree-preserving + length-constrained 25%,430,0.7959330855578242,0.8124157377660599,0.4616096468560014,3,14
degree-preserving + length-constrained 25%,430,0.8639707038731008,0.8364911045853376,0.4356049261889298,3,16
degree-preserving + length-constrained 25%,430,0.8417077981182413,0.8050538166042471,0.44736141465620144,3,13
degree-preserving + length-constrained 25%,430,0.8185389930344791,0.8030115361288916,0.4270376719519033,3,13
degree-preserving + length-constrained 25%,430,0.8332932800662558,0.7946802337454648,0.4578018355767608,2,15
degree-preserving + length-constrained 25%,430,0.8250067005877275,0.8095407284738942,0.478477538850668,3,15
degree-preserving + length-constrained 25%,430,0.8199818817709159,0.8117410183280169,0.47093272517743767,3,15
degree-preserving + length-constrained 25%,430,0.818350383449028,0.8280578774623346,0.5142760880705392,3,18
degree-preserving + length-constrained 25%,430,0.7929631812675242,0.784550184755485,0.37425518524175344,4,13
degree-preserving + length-constrained 25%,430,0.8148142937726315,0.8039949127197803,0.44358811942772325,3,15
degree-preserving + length-constrained 25%,430,0.8119305673870767,0.810403197567477,0.479121466305091,3,17
degree-preserving + length-constrained 25%,430,0.8762053793972824,0.8322736389964314,0.4788051368305784,3,13
degree-preserving + length-constrained 25%,430,0.8178367867734622,0.8450741880913224,0.5379929105551342,3,15
degree-preserving + length-constrained 25%,430,0.8416048277858486,0.8186510958467903,0.5061527673327434,3,12
degree-preserving + length-constrained 25%,430,0.7957132991885885,0.770575313584767,0.3491847566616285,1,13
degree-preserving + length-constrained 25%,430,0.8456726511638972,0.7888146023207534,0.44492787868186456,3,14
degree-preserving + length-constrained 25%,430,0.8421537978145377,0.8302942864966627,0.4978421056424043,4,15
degree-preserving + length-constrained 25%,430,0.8198688134652881,0.821713264083413,0.42892265916125905,3,15
degree-preserving + length-constrained 25%,430,0.8106366555549431,0.789905382329555,0.41445523832444886,4,12
degree-preserving + length-constrained 25%,430,0.8228677073444879,0.7881736379568869,0.4793620206414496,2,13
degree-preserving + length-constrained 25%,430,0.8503947298610812,0.8354294227985541,0.5404487926347058,2,14
degree-preserving + length-constrained 25%,430,0.8296744897379569,0.8190424521233519,0.4406975359746426,3,15
degree-preserving + length-constrained 25%,430,0.7769526868116847,0.821544484405071,0.4858669191882201,1,11
degree-preserving + length-constrained 25%,430,0.8443832392338055,0.8152769631372865,0.4529751821820343,3,13
degree-preserving + length-constrained 25%,430,0.8451120544848185,0.8286406655202163,0.4498139501291375,4,15
degree-preserving + length-constrained 25%,430,0.7898785257031227,0.785809084684977,0.3971963514167798,4,14
degree-preserving + length-constrained 25%,430,0.8353375110260792,0.8394047077882949,0.5477577272736649,2,14
degree-preserving + length-constrained 25%,430,0.8387722476997395,0.8412181105964096,0.5001773605972937,3,14
degree-preserving + length-constrained 25%,430,0.744555472270737,0.7999543716775379,0.3964531229844877,3,15
degree-preserving + length-constrained 25%,430,0.8185039296530625,0.8211204450489851,0.5211233573383339,1,14
degree-preserving + length-constrained 25%,430,0.8399423017281562,0.8085301177964552,0.48610590497331024,4,13
degree-preserving + length-constrained 25%,430,0.8629709142444777,0.8075939647147754,0.5310436945613897,3,15
degree-preserving + length-constrained 25%,430,0.8005055653009381,0.8188932245358509,0.508468722346129,2,15
degree-preserving + length-constrained 25%,430,0.7984339329901942,0.7906911515637587,0.5136667558201946,2,17
degree-preserving + length-constrained 25%,430,0.7597463889545875,0.7935857833566855,0.38803788506830045,3,12
degree-preserving + length-constrained 25%,430,0.8093943552482572,0.7867570243264905,0.389761645180878,3,14
degree-preserving + length-constrained 25%,430,0.8526221763784945,0.819034642172608,0.46944995119525823,3,16
degree-preserving + length-constrained 25%,430,0.7921169132736938,0.7774936698726924,0.40393197536924713,3,16
degree-preserving + length-constrained 25%,430,0.8471230876782612,0.772085191964176,0.34320820555721426,2,13
degree-preserving + length-constrained 25%,430,0.8711193152577283,0.84009188863686,0.4699125579558426,3,15
degree-preserving + length-constrained 25%,430,0.8768451084453552,0.8525371765385015,0.5182374035484869,4,15
degree-preserving + length-constrained 25%,430,0.8383521290934264,0.8450227064205194,0.5461124176572932,2,15
degree-preserving + length-constrained 25%,430,0.8042918945577213,0.8080649678565399,0.42859431178333846,3,14
degree-preserving + length-constrained 25%,430,0.7880494279043717,0.7704432629584561,0.3767897014113489,3,13
degree-preserving + length-constrained 25%,430,0.7947127180635933,0.7776263718759309,0.37638018436507686,3,13
degree-preserving + length-constrained 25%,430,0.7931718094130369,0.8210948442384156,0.5299758213150216,3,15
degree-preserving + length-constrained 25%,430,0.7847346301442608,0.8042885817089815,0.45080339545124193,3,18
degree-preserving + length-constrained 25%,430,0.8132109026241521,0.8047385853105815,0.45314003645314294,3,14
degree-preserving + length-constrained 25%,430,0.8054465636565966,0.8203231016069725,0.4547529133728702,3,16
degree-preserving + length-constrained 25%,430,0.8220823150605066,0.801494201000442,0.4639212587225156,2,13
degree-preserving + length-constrained 25%,430,0.8262992093266861,0.8096175590352268,0.41736110872583415,3,12
degree-preserving + length-constrained 25%,430,0.8551706859287509,0.8149738425594091,0.4522254787902322,4,14
degree-preserving + length-constrained 25%,430,0.8267846803474554,0.8021343835488233,0.5054039740147622,4,18
degree-preserving + length-constrained 25%,430,0.8223680128820137,0.795254864467823,0.421381905147791,4,15
degree-preserving + length-constrained 25%,430,0.8183083071642729,0.7797698670349558,0.3291425483984417,3,15
degree-preserving + length-constrained 25%,430,0.8168352557080765,0.7467372397072816,0.30786229082711464,3,15
degree-preserving + length-constrained 25%,430,0.8076253433360463,0.8131570008761695,0.49339222553416595,3,16
degree-preserving + length-constrained 25%,430,0.8224942980965633,0.8057517725810277,0.45760861695337574,3,14
degree-preserving + length-constrained 25%,430,0.8345091981608932,0.8262322622656137,0.5181010384955883,2,14
degree-preserving + length-constrained 25%,430,0.8518997523586018,0.8352741926847316,0.5101288235218039,2,13
degree-preserving + length-constrained 25%,430,0.8395500931609439,0.8390055130384129,0.5122595341756687,4,16
degree-preserving + length-constrained 25%,430,0.8118718368875202,0.803589719522126,0.4383557118998078,2,14
degree-preserving + length-constrained 25%,430,0.8008749398698045,0.8329160915543274,0.5336156554725472,3,16
degree-preserving + length-constrained 25%,430,0.7106853765380323,0.7592535540984242,0.42005078331840634,2,17
degree-preserving + length-constrained 25%,430,0.7618264704218776,0.7781618625905506,0.37027192115962315,4,15
degree-preserving + length-constrained 25%,430,0.870541414806284,0.8448606547660678,0.4801201940763418,3,13
degree-preserving + length-constrained 25%,430,0.8603457149417013,0.7990446842412977,0.4221272934679257,2,15
degree-preserving + length-constrained 25%,430,0.8629989679858994,0.8602289800609215,0.5125164678227065,3,10
degree-preserving + length-constrained 25%,430,0.8205254726489903,0.8254382204443664,0.47548135851534146,3,18
degree-preserving + length-constrained 25%,430,0.8271345514550867,0.8252857968497751,0.49465978771073005,3,15
degree-preserving + length-constrained 25%,430,0.8397534429844316,0.7962969340199517,0.40637302476527687,3,11
degree-preserving + length-constrained 25%,430,0.7728342579882912,0.8031743686160493,0.4602180075256129,3,16
degree-preserving + length-constrained 25%,430,0.8105656366439464,0.8196671728484268,0.44725551820557236,3,15
degree-preserving + length-constrained 25%,430,0.8230332672496192,0.7888987637576677,0.44147803927661666,3,15
degree-preserving + length-constrained 25%,430,0.8423328983029943,0.8114444486486794,0.4546498646416597,3,14
degree-preserving + length-constrained 25%,430,0.7853505584704905,0.8394309793855375,0.5171579281816415,3,14
degree-preserving + length-constrained 25%,430,0.9032323779862752,0.8208878196285223,0.501876955293217,3,14
degree-preserving + length-constrained 25%,430,0.8141644142698861,0.7759979617063297,0.3749491023514434,3,12
degree-preserving + length-constrained 25%,430,0.7558411078892402,0.7913162582657987,0.46153753583635837,3,16
degree-preserving + length-constrained 25%,430,0.8813289228824264,0.8510829666108719,0.5291731810153503,3,13
degree-preserving + length-constrained 25%,430,0.7879487057327446,0.7956776099481078,0.45987919883684464,3,17
degree-preserving + length-constrained 25%,430,0.8154992035273803,0.8187848133244282,0.4966225219575682,3,16
degree-preserving + length-constrained 25%,430,0.8141575247626898,0.83627158449794,0.5516333710132473,3,15
degree-preserving + length-constrained 25%,430,0.8515528321383763,0.8188181749408334,0.41148811875414937,3,13
degree-preserving + length-constrained 25%,430,0.7984086573749174,0.8158239938808551,0.4430956948191465,3,15
degree-preserving + length-constrained 25%,430,0.8007121555965959,0.7945409488228832,0.41354038922925507,3,14
degree-preserving + length-constrained 25%,430,0.8574150639774416,0.7870599840695396,0.41491285428676394,3,12
degree-preserving + length-constrained 25%,430,0.8038615419587463,0.7943302596489246,0.426658208952921,4,18
degree-preserving + length-constrained 25%,430,0.7823837311852511,0.8295910139700318,0.5368358603148712,2,17
degree-preserving + length-constrained 25%,430,0.8730138085120116,0.8324446956040812,0.4944714092609001,4,15
degree-preserving + length-constrained 25%,430,0.8092036333002404,0.8179693991598675,0.5000558205038241,2,14
degree-preserving + length-constrained 25%,430,0.8233883194574154,0.8049946179065772,0.427828974533551,3,17
degree-preserving + length-constrained 25%,430,0.8353407535916748,0.8331110697813631,0.5093608938182751,3,13
degree-preserving + length-constrained 25%,430,0.7809975310713111,0.8067398430989154,0.462191741669043,3,16
degree-preserving + length-constrained 25%,430,0.7595433213044227,0.7733080138000956,0.4091660032812298,2,16
degree-preserving + length-constrained 25%,430,0.7781783453398947,0.7887666731737328,0.4501055185140912,2,18
degree-preserving + length-constrained 25%,430,0.8114163808959751,0.8083650915563036,0.44941242039538604,3,15
degree-preserving + length-constrained 25%,430,0.8162139190695832,0.7964604434082865,0.4356518125420281,2,15
degree-preserving + length-constrained 25%,430,0.7706285663344017,0.7982240330193207,0.467850436457096,3,17
degree-preserving + length-constrained 25%,430,0.8290755332428581,0.8197268697304538,0.4778004123399437,3,14
degree-preserving + length-constrained 25%,430,0.8832361452546333,0.8334901531123253,0.5063484588791254,4,14
degree-preserving + length-constrained 25%,430,0.7460684354354625,0.7993434546564675,0.4313158972606734,3,17
degree-preserving + length-constrained 25%,430,0.8420515786800962,0.8233081555111343,0.5210745646323564,3,11
degree-preserving + length-constrained 25%,430,0.7817780728068586,0.7870072726872916,0.41289223014054643,4,14
degree-preserving + length-constrained 25%,430,0.8251988506653503,0.829583102286674,0.4989402666419606,3,14
degree-preserving + length-constrained 25%,430,0.8552018042430498,0.8442448591793039,0.5415688115613826,3,14
degree-preserving + length-constrained 25%,430,0.8229421160409622,0.8323864427638503,0.47385392440379615,3,13
degree-preserving + length-constrained 25%,430,0.8100614885713247,0.8040737943470033,0.4321006394805765,3,18
degree-preserving + length-constrained 25%,430,0.8188912759666733,0.7793949257766719,0.38646575133314914,4,17
degree-preserving + length-constrained 25%,430,0.8514294377708038,0.8353517652571067,0.5015172970493941,2,15
degree-preserving + length-constrained 25%,430,0.8374681638974959,0.8052649657260198,0.4153013168149162,3,12
degree-preserving + length-constrained 25%,430,0.833309818438317,0.8211506391458403,0.5237531339364861,2,16
degree-preserving + length-constrained 25%,430,0.8326630581860683,0.8023338737277586,0.4733097834454907,3,14
degree-preserving + length-constrained 25%,430,0.8338718378352066,0.8211908991641976,0.4640600854236687,3,13
degree-preserving + length-constrained 25%,430,0.8810244630947008,0.8435884580287794,0.5468888270730361,3,15
degree-preserving + length-constrained 25%,430,0.7807169038796093,0.8258149544156128,0.5069578814068324,2,14
degree-preserving + length-constrained 25%,430,0.8905884202202219,0.850067523351522,0.5180179665509731,3,16
degree-preserving + length-constrained 25%,430,0.8012668640218072,0.7798907322190607,0.4145626590912369,3,16
degree-preserving + length-constrained 25%,430,0.820638301747262,0.797203203123878,0.4801816676431992,3,13
degree-preserving + length-constrained 25%,430,0.8287516843053397,0.8244862198965068,0.5251109204443241,3,15
degree-preserving + length-constrained 25%,430,0.8098463188914211,0.8024626148896397,0.43191992647606575,4,17
degree-preserving + length-constrained 25%,430,0.8719348112152263,0.8572355551844328,0.5482043301122159,3,15
degree-preserving + length-constrained 25%,430,0.73300304948663,0.7279677334606134,0.3514126315043963,2,12
degree-preserving + length-constrained 25%,430,0.7859171309547945,0.807671051307272,0.4464357314984873,3,13
degree-preserving + length-constrained 25%,430,0.8135240675563733,0.8337632114368605,0.47049844798888724,4,17
degree-preserving + length-constrained 25%,430,0.7556364412722953,0.7487123916413809,0.3282350623973992,3,15
degree-preserving + length-constrained 25%,430,0.8556983887944889,0.8042327375578038,0.42685143701977385,3,14
degree-preserving + length-constrained 25%,430,0.7739351705522177,0.7784608584741728,0.38944539798987177,3,16
degree-preserving + length-constrained 25%,430,0.8109555932052437,0.8295121828722261,0.5176820415639417,3,17
degree-preserving + length-constrained 25%,430,0.7736068161755967,0.8069951694469011,0.4778024017575642,3,15
degree-preserving + length-constrained 25%,430,0.7788246820219609,0.8027761513078924,0.43280189196124963,2,15
degree-preserving + length-constrained 25%,430,0.8425669258034842,0.8190080240963657,0.46010772738471156,3,14
degree-preserving + length-constrained 25%,430,0.7649503558168884,0.7762027978403256,0.43578944714265316,3,16
degree-preserving + length-constrained 25%,430,0.8100739325759743,0.811942422369446,0.4869814488109905,2,14
degree-preserving + length-constrained 25%,430,0.8550809944597111,0.8394551422610104,0.5500195050799275,3,12
degree-preserving + length-constrained 25%,430,0.8332008484287943,0.793984682965686,0.4670319599824555,4,15
degree-preserving + length-constrained 25%,430,0.8665280737487306,0.7955198771122951,0.43504993601073183,3,13
degree-preserving + length-constrained 25%,430,0.7803175342148811,0.7550527036572616,0.37337289437254845,3,16
degree-preserving + length-constrained 25%,430,0.8223185833321118,0.8168582489557865,0.4560412129999235,3,14
degree-preserving + length-constrained 25%,430,0.8335729273913013,0.8384124467783762,0.5268043743550676,2,14
degree-preserving + length-constrained 25%,430,0.7939634286800621,0.8257558390670281,0.523106748447688,3,17
degree-preserving + length-constrained 25%,430,0.8252243650552467,0.8187076464089322,0.4830013087890916,2,16
degree-preserving + length-constrained 25%,430,0.8723467639527385,0.8504605011286566,0.5907864210377982,4,16
degree-preserving + length-constrained 25%,430,0.78737809094629,0.8021232150014928,0.4554428576993035,3,16
degree-preserving + length-constrained 25%,430,0.8419338899341413,0.8355579363932535,0.4682533857723372,3,16
degree-preserving + length-constrained 25%,430,0.7554934355143377,0.7755212826638604,0.3652088575896014,3,14
degree-preserving + length-constrained 25%,430,0.734207765662271,0.7515953315974477,0.3892275270603149,3,15
degree-preserving + length-constrained 25%,430,0.7721854014958947,0.7898347582573224,0.40746652083417895,3,17
degree-preserving + length-constrained 25%,430,0.7824150318246357,0.7668332289107564,0.3425143022471043,4,13
degree-preserving + length-constrained 25%,430,0.8668215365451073,0.8278257375587226,0.5318859776844077,3,11
degree-preserving + length-constrained 25%,430,0.7280088475835642,0.7738360828839812,0.39027859167911705,3,16
degree-preserving + length-constrained 25%,430,0.8750206690514459,0.8441795283348721,0.5760058386244575,3,12
degree-preserving + length-constrained 25%,430,0.8388865197813127,0.8142776809912755,0.4675401838320209,3,15
degree-preserving + length-constrained 25%,430,0.850276841417051,0.8065238361941425,0.46698611108131505,2,14
degree-preserving + length-constrained 25%,430,0.7871939320724903,0.7843192902706873,0.42805385648837374,3,18
degree-preserving + length-constrained 25%,430,0.7739431315184615,0.8052214061883007,0.44033317058598015,4,16
degree-preserving + length-constrained 25%,430,0.8679272826087687,0.8140656964695296,0.47965551791426375,3,13
degree-preserving + length-constrained 25%,430,0.878257608908019,0.8502291611420163,0.545589898304916,3,12
degree-preserving + length-constrained 25%,430,0.831632690742216,0.8358946749129479,0.4741669211721726,3,14
degree-preserving + length-constrained 25%,430,0.8344543298126541,0.8262026433364607,0.46880444219931605,3,12
degree-preserving + length-constrained 25%,430,0.8317578025119277,0.8413174501766272,0.4991411361430905,3,15
degree-preserving + length-constrained 25%,430,0.817454638558432,0.8122665853281406,0.4533251993017014,3,17
degree-preserving + length-constrained 25%,430,0.8194244327648188,0.8012650378086938,0.47145581426314975,1,14
degree-preserving + length-constrained 25%,430,0.7318247674004361,0.7613754381947959,0.3839176264386149,3,18
degree-preserving + length-constrained 25%,430,0.8237424440570336,0.8014731105922692,0.4808993129320561,3,17
degree-preserving + length-constrained 25%,430,0.8681272210921767,0.8572918571389487,0.5665232470166235,2,14
degree-preserving + length-constrained 25%,430,0.8357678862868065,0.8278295581417325,0.49393323270260997,3,17
degree-preserving + length-constrained 25%,430,0.7231047065027385,0.7598854067214984,0.38127272881633073,2,14
degree-preserving + length-constrained 25%,430,0.8749965572742524,0.8097166964640183,0.4108072266196217,3,12
degree-preserving + length-constrained 25%,430,0.7963042641137426,0.7609914614232043,0.3914511524070691,2,18
degree-preserving + length-constrained 25%,430,0.8085722261405384,0.8099228650353061,0.45087460451722583,2,14
degree-preserving + length-constrained 25%,430,0.8320859405647472,0.7938706122869097,0.43161220336697254,3,14
degree-preserving + length-constrained 25%,430,0.8140115396904537,0.8084361578434527,0.38738846643682845,3,11
degree-preserving + length-constrained 25%,430,0.8120428665233239,0.8330209704393785,0.5263996058897434,3,16
degree-preserving + length-constrained 25%,430,0.8512064161854709,0.8362134105806338,0.5399755835568086,3,17
degree-preserving + length-constrained 25%,430,0.7615602116846558,0.789468478264918,0.46846583523189467,3,15
degree-preserving + length-constrained 25%,430,0.8109459161384227,0.8239384465880637,0.45440371475570307,3,16
degree-preserving + length-constrained 25%,430,0.81978593269705,0.7915492771055517,0.4477643498528431,2,12
degree-preserving + length-constrained 25%,430,0.7858814348913725,0.8031640187822866,0.39546029128407295,4,16
degree-preserving + length-constrained 25%,430,0.8334803677805,0.8423869240506543,0.5415957093749391,3,13
degree-preserving + length-constrained 25%,430,0.8159471701692591,0.7965320709138717,0.4610096329930363,3,15
degree-preserving + length-constrained 25%,430,0.8119513928569841,0.8061956092506621,0.4732601097499599,2,14
degree-preserving + length-constrained 25%,430,0.8261964908787709,0.8404939325014429,0.5282804739396135,3,17
degree-preserving + length-constrained 25%,430,0.8495891763649228,0.8354715881795951,0.4904553249028611,3,13
degree-preserving + length-constrained 25%,430,0.7876538879345598,0.8013597459815069,0.4894655553157045,3,17
degree-preserving + length-constrained 25%,430,0.7899691768675268,0.801029391508002,0.46848481862575425,3,16
degree-preserving + length-constrained 25%,430,0.80452051769936,0.8311475783713556,0.5164931723863031,3,15
degree-preserving + length-constrained 25%,430,0.7944166542982498,0.7927952481131226,0.39820664299515734,2,15
degree-preserving + length-constrained 25%,430,0.8498210593315418,0.819272272329238,0.4840789745118912,3,14
degree-preserving + length-constrained 25%,430,0.8086999538519419,0.8107851652163474,0.41527425457672834,3,14
degree-preserving + length-constrained 25%,430,0.8334902598013336,0.8403234986433832,0.4845537326783898,3,17
degree-preserving + length-constrained 25%,430,0.8025006119577165,0.8080842002575273,0.45413530237305844,3,15
degree-preserving + length-constrained 25%,430,0.8098638359165526,0.8058341655286323,0.458206324945297,3,16
degree-preserving + length-constrained 25%,430,0.838401377298865,0.784583633105612,0.4442212386045136,4,17
degree-preserving + length-constrained 25%,430,0.7256113952333563,0.7766649349789683,0.4050708809412294,3,15
degree-preserving + length-constrained 25%,430,0.8048296039701062,0.8073685990456989,0.43813764736885935,4,17
degree-preserving + length-constrained 25%,430,0.8049327118804017,0.8173004764165663,0.4466118485248689,3,15
degree-preserving + length-constrained 25%,430,0.8343082836784916,0.8078873403527598,0.49366758776525854,3,14
degree-preserving + length-constrained 25%,430,0.8566177752756776,0.80627612404333,0.43003496323033236,3,14
degree-preserving + length-constrained 25%,430,0.8752923387651579,0.8302807269892312,0.5307033716197175,2,12
degree-preserving + length-constrained 25%,430,0.8298762919217728,0.8066132717902215,0.4270075040604306,3,15
degree-preserving + length-constrained 25%,430,0.8013267777259909,0.7896850100255306,0.42301505835017167,4,16
degree-preserving + length-constrained 25%,430,0.7952425899480362,0.7923770488711117,0.40071694637682537,5,14
degree-preserving + length-constrained 25%,430,0.8229430544700527,0.7887253146739379,0.36057765322951224,3,12
degree-preserving + length-constrained 25%,430,0.8071476138209552,0.8158405937279491,0.4778468553699654,2,16
degree-preserving + length-constrained 25%,430,0.8611652928248241,0.8597265219063674,0.5629751109055313,3,14
degree-preserving + length-constrained 25%,430,0.860801439820509,0.8417118576651621,0.5011929178496669,4,16
degree-preserving + length-constrained 25%,430,0.8298686134396924,0.8333709127728475,0.4900270431837268,3,13
degree-preserving + length-constrained 25%,430,0.8146957064526594,0.8330025242340233,0.4728888573577724,4,16
degree-preserving + length-constrained 25%,430,0.7812659975602532,0.7853556794487615,0.35421543581561865,1,15
degree-preserving + length-constrained 25%,430,0.7950236026716979,0.7879307061813494,0.4220721565078166,1,14
degree-preserving + length-constrained 25%,430,0.8232451430095078,0.7885331891491263,0.3984535086107279,3,13
degree-preserving + length-constrained 25%,430,0.8149001843829857,0.7986630785327697,0.42165212875982216,3,14
degree-preserving + length-constrained 25%,430,0.8728692748504041,0.8429970054148381,0.536010115155396,3,15
degree-preserving + length-constrained 25%,430,0.8595962754890705,0.7878690834368447,0.41491968077009966,3,13
degree-preserving + length-constrained 25%,430,0.8375001241052016,0.8312126708762413,0.44390376562658135,4,16
degree-preserving + length-constrained 25%,430,0.8567485490494273,0.8465822448394278,0.5204780119248639,2,16
degree-preserving + length-constrained 25%,430,0.8454155773605596,0.792864095777331,0.4107364348691325,3,17
degree-preserving + length-constrained 25%,430,0.8741360858388743,0.8411853952753472,0.5057351632070172,3,13
degree-preserving + length-constrained 25%,430,0.7989734422090793,0.8336087920403608,0.5121900266296443,3,13
degree-preserving + length-constrained 25%,430,0.8387831916383288,0.8032857888030276,0.43199160136365883,4,16
degree-preserving + length-constrained 25%,430,0.8575649220973447,0.8071612366576009,0.44319205677141865,2,16
degree-preserving + length-constrained 25%,430,0.8269432369793273,0.839550890706003,0.5413395675451288,3,13
degree-preserving + length-constrained 25%,430,0.8115201068781226,0.8003224221455891,0.47700904007542083,2,14
degree-preserving + length-constrained 25%,430,0.8208759369395491,0.822522742069232,0.4694309783788276,4,17
degree-preserving + length-constrained 25%,430,0.8240800281866503,0.8243250822659958,0.4982830279833601,4,17
degree-preserving + length-constrained 25%,430,0.7723354339227122,0.7580775515540483,0.37523698000221806,3,15
degree-preserving + length-constrained 25%,430,0.8599762650023588,0.8522283498706387,0.5466122469868823,2,15
degree-preserving + length-constrained 25%,430,0.768056550460354,0.766856353064215,0.3319522182156677,4,16
degree-preserving + length-constrained 25%,430,0.846094801487981,0.7818283436566376,0.40347441131595335,4,15
degree-preserving + length-constrained 25%,430,0.8308532208137516,0.8119755693008956,0.4499378843420615,3,13
degree-preserving + length-constrained 25%,430,0.815275061553246,0.8266636200187625,0.48632885461642783,3,16
degree-preserving + length-constrained 25%,430,0.8268711862411662,0.8186999722995527,0.482106709933033,3,16
degree-preserving + length-constrained 25%,430,0.8275471189039438,0.8291452069942891,0.46499961224720154,2,14
degree-preserving + length-constrained 25%,430,0.8737946628347912,0.812019242440589,0.46132133713986334,3,13
degree-preserving + length-constrained 25%,430,0.847711913209876,0.7860020341510077,0.4764472117663191,4,13
degree-preserving + length-constrained 25%,430,0.8141213689271194,0.7917402707154004,0.4571669010490872,4,17
degree-preserving + length-constrained 25%,430,0.8230455921402209,0.821318043128866,0.5130460138370775,3,19
degree-preserving + length-constrained 25%,430,0.7704476142363155,0.7927057918190576,0.4465598866014592,2,17
degree-preserving + length-constrained 25%,430,0.7965335040060113,0.7991099960954033,0.4511776405190189,3,17
degree-preserving + length-constrained 25%,430,0.8568560707101631,0.8351351078238918,0.49405224247649,3,17
degree-preserving + length-constrained 25%,430,0.8165258352697748,0.8181231136501639,0.45851545866453997,3,14
degree-preserving + length-constrained 25%,430,0.8453832502234393,0.8123266896555608,0.5425558224873501,2,13
degree-preserving + length-constrained 25%,430,0.8458167789635527,0.8042781106511816,0.4140801598076203,3,13
degree-preserving + length-constrained 25%,430,0.7886549276852783,0.7820983799017158,0.36348293048078073,3,16
degree-preserving + length-constrained 25%,430,0.8213413268193008,0.8008476028268572,0.4626680338875729,2,13
degree-preserving + length-constrained 25%,430,0.8072274105283175,0.8189306522782973,0.4781850803680393,3,16
degree-preserving + length-constrained 25%,430,0.8137210847683607,0.8079767860237499,0.44008120750028584,3,14
degree-preserving + length-constrained 25%,430,0.806216457651248,0.7750513971150936,0.4100361839555511,3,13
degree-preserving + length-constrained 25%,430,0.7248148435944091,0.7882298875262965,0.4754331855528547,3,16
degree-preserving + length-constrained 25%,430,0.8347984102603663,0.8028684761782368,0.47189422285669125,3,17
degree-preserving + length-constrained 25%,430,0.7708442257813173,0.8018834615985466,0.49299370077675175,1,18
degree-preserving + length-constrained 25%,430,0.7999548920622994,0.7957188596370868,0.3659555532049463,4,16
degree-preserving + length-constrained 25%,430,0.8636849938392774,0.8356417673840657,0.5158867815792936,3,15
degree-preserving + length-constrained 25%,430,0.7904228853923887,0.8295909604268381,0.4954393769231533,1,16
degree-preserving + length-constrained 25%,430,0.8004394335490337,0.8192529794208541,0.43047568792388097,4,14
degree-preserving + length-constrained 25%,430,0.8391611249942279,0.8089462567943841,0.4628983825882029,3,13
degree-preserving + length-constrained 25%,430,0.846497600863481,0.8395290519192755,0.5091751615059307,2,15
degree-preserving + length-constrained 25%,430,0.8094803512486832,0.8426959581513223,0.5443209183888124,4,16
degree-preserving + length-constrained 25%,430,0.799849979812443,0.795261716215375,0.3951512176375507,3,14
degree-preserving + length-constrained 25%,430,0.8127410046417465,0.8088931217697011,0.4377690734039695,3,16
degree-preserving + length-constrained 25%,430,0.8322472513280574,0.8228805483302828,0.41964751022304336,3,13
degree-preserving + length-constrained 25%,430,0.818284894822056,0.8071719685706382,0.43425208919561015,3,15
degree-preserving + length-constrained 25%,430,0.8328383873232537,0.7980051951428768,0.42020886964310145,2,15
degree-preserving + length-constrained 25%,430,0.8381465653044442,0.8068205455323858,0.4233203066349261,3,14
degree-preserving + length-constrained 25%,430,0.7696412869334384,0.7547798600771434,0.35781984903463093,3,16
degree-preserving + length-constrained 25%,430,0.8239328054352182,0.7988136085926512,0.4734200245170607,3,15
degree-preserving + length-constrained 25%,430,0.847024651878072,0.822768506339266,0.46366528095789994,3,13
degree-preserving + length-constrained 25%,430,0.8956103483089128,0.8383569993179252,0.4932198672776642,3,15
degree-preserving + length-constrained 25%,430,0.8329155729213078,0.81723898831887,0.514222534189304,3,13
degree-preserving + length-constrained 25%,430,0.8090734213241706,0.8260233893998952,0.4606790532266624,2,17
degree-preserving + length-constrained 25%,430,0.799529599357327,0.7635619989919107,0.414972787009472,3,16
degree-preserving + length-constrained 25%,430,0.8365952172507809,0.8060264480307586,0.43448524766727403,3,15
degree-preserving + length-constrained 25%,430,0.8262933513235922,0.8328929263091451,0.5224124465557667,2,16
degree-preserving + length-constrained 25%,430,0.8351408820098836,0.7952267139706533,0.3861259648439941,2,17
degree-preserving + length-constrained 25%,430,0.8112764189073609,0.8022858444419316,0.4461752625675681,2,17
degree-preserving + length-constrained 25%,430,0.832255420960927,0.8111521166557749,0.4217510132720576,2,15
degree-preserving + length-constrained 25%,430,0.7834570925611868,0.7511020365633216,0.3776320250017844,4,16
degree-preserving + length-constrained 25%,430,0.8174405317779345,0.7645687562271148,0.3977532355117124,3,11
degree-preserving + length-constrained 25%,430,0.8486079952394625,0.839289891981837,0.49946187460932784,3,17
degree-preserving + length-constrained 25%,430,0.8216821617608918,0.8340879959664365,0.4683081788740952,3,14
degree-preserving + length-constrained 25%,430,0.8188429638437611,0.8164526925990685,0.5003236048564288,3,16
