design,size,connected,OCG,baseline_1_minus_mean_w,effect,z_perm,p_upper_normal,coverage_value,km_share_covered
Gyeongbu,1,True,0.8023894702518533,0.8442039992299405,-0.04181452897808724,-0.45689192085844393,0.6761256343443531,0.19761052974814675,0.33821231356446074
Gyeongjeon,1,True,0.9462694026895575,0.9592747448552049,-0.013005342165647416,-0.2807654192180055,0.6105548356936463,0.053730597310442496,0.03614016673588626
Daegu,1,True,0.9999817493341459,0.9954023801524288,0.004579369181717086,0.5847180073712783,0.27936867193551906,1.825066585414703e-05,0.008005266460972302
Yeongdong,1,True,0.940488420255314,0.9668750483684286,-0.026386628113114652,-0.6018173888134165,0.7263521505199868,0.059511579744686016,0.017011261054303263
Janghang,1,True,0.9803235350103398,0.9318332392179537,0.04849029579238606,0.8459746839498782,0.1987834336024542,0.019676464989660247,0.041744579435832894
Jeolla,1,True,0.8339667577713665,0.8523726520456302,-0.018405894274263646,-0.199656710699582,0.5791254640604439,0.16603324222863347,0.08992560313909677
Jungang,1,True,0.7698260093890299,0.6887735664500187,0.08105244293901115,0.6688977222478725,0.2517803616483041,0.2301739906109701,0.22388184760723198
Chungbuk,1,True,0.813725444729306,0.8388811179996891,-0.02515567327038315,-0.2821031326657257,0.6110677843860801,0.18627455527069403,0.19801541339177017
Taebaek,1,True,0.919935308098942,0.9453528989325516,-0.025417590833609616,-0.5030178490522407,0.6925241384777594,0.08006469190105803,0.04160884014687774
Honam,1,True,0.9930939024701454,0.9770303527481542,0.0160635497219912,0.3841962658811818,0.35041649286915,0.006906097529854605,0.005454708463568107
Gyeongbu + Gyeongjeon,2,True,0.7486588729414109,0.803478744085145,-0.0548198711437341,-0.5499229116419179,0.7088138756725287,0.25134112705858913,0.374352480300347
Gyeongbu + Daegu,2,True,0.8023712195859991,0.839606379382369,-0.03723515979636993,-0.40275538405395295,0.6564359070131298,0.1976287804140009,0.34621758002543307
Gyeongbu + Yeongdong,2,True,0.7428778905071672,0.811079047598369,-0.06820115709120178,-0.7043226122038916,0.7593840562442185,0.25712210949283276,0.355223574618764
Gyeongbu + Janghang,2,True,0.782713005262193,0.7760372384478941,0.0066757668142989335,0.06394343822160484,0.4745076321647036,0.217286994737807,0.3799568930002936
Gyeongbu + Jeolla,2,True,0.6363562280232197,0.6965766512755706,-0.060220423252350885,-0.5111736892533381,0.6953852797975593,0.36364377197678033,0.4281379167035575
Gyeongbu + Jungang,2,True,0.5722154796408832,0.5329775656799589,0.03923791396092424,0.3022068550379833,0.3812471894262046,0.42778452035911685,0.5620941611716928
Gyeongbu + Chungbuk,2,True,0.6161149149811593,0.6830851172296294,-0.06697020224847006,-0.5907109904847967,0.7226429586400953,0.38388508501884067,0.5362277269562309
Gyeongbu + Taebaek,2,True,0.7223247783507951,0.7895568981624917,-0.06723211981169663,-0.6841865211970437,0.7530713037611346,0.2776752216492049,0.3798211537113385
Gyeongbu + Honam,2,False,0.7954833727219986,0.8212343519780947,-0.02575097925609604,-0.2645701829544669,0.6043297038172208,0.20451662727800135,0.34366702202802885
Gyeongjeon + Daegu,2,False,0.9462511520237032,0.9546771250076336,-0.00842597298393033,-0.18075766861114062,0.5717211043766581,0.053748847976296754,0.04414543319685857
Gyeongjeon + Yeongdong,2,False,0.8867578229448715,0.9261497932236333,-0.039391970278761845,-0.6371163510986478,0.7379754706644786,0.11324217705512851,0.053151427790189526
Gyeongjeon + Janghang,2,True,0.9265929376998971,0.8911079840731584,0.03548495362673876,0.4985332493333172,0.30905411999436994,0.07340706230010285,0.07788474617171916
Gyeongjeon + Jeolla,2,True,0.7802361604609239,0.811647396900835,-0.03141123643991106,-0.2994905150111474,0.6177170959798863,0.21976383953907608,0.12606576987498302
Gyeongjeon + Jungang,2,True,0.7160954120785873,0.6480483113052233,0.06804710077336396,0.5595028253030565,0.2879093017850084,0.2839045879214127,0.2600220143431182
Gyeongjeon + Chungbuk,2,False,0.7599948474188636,0.7981558628548938,-0.03816101543603023,-0.40440606528621814,0.6570429296120155,0.24000515258113642,0.23415558012765644
Gyeongjeon + Taebaek,2,True,0.8662047107884993,0.9046276437877564,-0.03842293299925714,-0.5822104663503433,0.7197875378394634,0.13379528921150075,0.07774900688276401
Gyeongjeon + Honam,2,True,0.9393633051597029,0.936305097603359,0.003058207556343895,0.048067404056436405,0.48083126197954773,0.0606366948402971,0.04159487519945437
Daegu + Yeongdong,2,False,0.9404701695894598,0.9622774285208573,-0.021807258931397455,-0.49307592740952266,0.6890205303023798,0.05952983041054016,0.025016527515275565
Daegu + Janghang,2,False,0.9803052843444856,0.9272356193703825,0.05306966497410315,0.9252537232228181,0.17741697214335406,0.019694715655514394,0.0497498458968052
Daegu + Jeolla,2,False,0.8339485071055123,0.847775032198059,-0.013826525092546782,-0.1505328905015112,0.5598278982474112,0.16605149289448773,0.09793086960006907
Daegu + Jungang,2,True,0.7698077587231759,0.6841759466024474,0.08563181212072846,0.7006331290224654,0.241765999010916,0.23019224127682414,0.23188711406820428
Daegu + Chungbuk,2,False,0.8137071940634517,0.8342834981521179,-0.020576304088666175,-0.2318201485766787,0.591661146499065,0.1862928059365483,0.20602067985274247
Daegu + Taebaek,2,True,0.9199170574330877,0.9407552790849802,-0.02083822165189253,-0.4099127733226298,0.6590650325098919,0.08008294256691229,0.04961410660785004
Daegu + Honam,2,False,0.9930756518042912,0.972432732900583,0.020642918903708285,0.4878773113349912,0.3128183730783236,0.006924348195708752,0.013459974924540409
Yeongdong + Janghang,2,True,0.9208119552656537,0.8987082875863823,0.02210366767927141,0.31896099360193975,0.37487804582302753,0.07918804473434626,0.05875584049013616
Yeongdong + Jeolla,2,True,0.7744551780266805,0.8192477004140588,-0.0447925223873783,-0.4585495656161529,0.6767211694211193,0.2255448219733195,0.10693686419340004
Yeongdong + Jungang,2,True,0.710314429644344,0.6556486148184474,0.05466581482589661,0.432752640966712,0.33259724118039613,0.289685570355656,0.24089310866153524
Yeongdong + Chungbuk,2,True,0.75421386498462,0.8057561663681178,-0.0515423013834978,-0.5354010328222252,0.7038137119531317,0.24578613501538005,0.21502667444607343
Yeongdong + Taebaek,2,True,0.8604237283542558,0.9122279473009802,-0.05180421894672438,-0.7719965539301704,0.7799417657380383,0.13957627164574415,0.058620101201181
Yeongdong + Honam,2,False,0.9335823227254595,0.9439054011165828,-0.010323078391123341,-0.17369480471492624,0.5689473396504855,0.06641767727454051,0.02246596951787137
Janghang + Jeolla,2,True,0.8142902927817061,0.784205891263584,0.030084401518122084,0.26696071377282604,0.3947497047467633,0.18570970721829394,0.13167018257492966
Janghang + Jungang,2,True,0.7501495443993695,0.6206068056679722,0.12954273873139732,1.0896519794010728,0.13793323837470306,0.24985045560063046,0.2656264270430649
Janghang + Chungbuk,2,True,0.7940489797396458,0.7707143572176428,0.023334622522003023,0.23189637875878297,0.4083092486031241,0.20595102026035417,0.23975999282760307
Janghang + Taebaek,2,True,0.9002588431092816,0.8771861381505053,0.023072704958776336,0.32081661309119736,0.37417468445939406,0.09974115689071839,0.08335341958271064
Janghang + Honam,2,False,0.9734174374804851,0.9088635919661078,0.06455384551437737,0.9367497693478248,0.1744436444283679,0.026582562519514852,0.047199287899401005
Jeolla + Jungang,2,True,0.6037927671603964,0.5411462184956487,0.06264654866474773,0.5136101251574765,0.3037622995687501,0.3962072328396036,0.31380745074632876
Jeolla + Chungbuk,2,True,0.6476922025006724,0.6912537700453194,-0.04356156754464702,-0.39300887731779893,0.6528435376386669,0.3523077974993276,0.28794101653086696
Jeolla + Taebaek,2,True,0.7539020658703084,0.7977255509781818,-0.04382348510787337,-0.4471141099050334,0.6726036640904417,0.2460979341296916,0.13153444328597452
Jeolla + Honam,2,True,0.8270606602415119,0.8294030047937844,-0.002342344552272446,-0.02355379708791002,0.5093957367510672,0.17293933975848808,0.09538031160266487
Jungang + Chungbuk,2,True,0.5835514541183359,0.5276546844497079,0.055896769668628,0.42475891318206016,0.3355062160563743,0.41644854588166413,0.42189726099900215
Jungang + Taebaek,2,True,0.6897613174879718,0.6341264653825702,0.05563485210540153,0.44951118203094254,0.3265314717226171,0.31023868251202824,0.2654906877541097
Jungang + Honam,2,False,0.7629199118591753,0.6658039191981729,0.09711599266100235,0.789496632004904,0.21491089874351554,0.2370800881408247,0.22933655607080008
Chungbuk + Taebaek,2,True,0.7336607528282479,0.7842340169322407,-0.050573264103992766,-0.47626826512437725,0.6830583644595963,0.26633924717175206,0.2396242535386479
Chungbuk + Honam,2,False,0.8068193471994515,0.8159114707478434,-0.00909212354839195,-0.0956960931750649,0.5381190280723528,0.19318065280054852,0.20347012185533828
Taebaek + Honam,2,False,0.9130292105690874,0.9223832516807058,-0.009354041111618416,-0.14656449712450248,0.5582621109080217,0.08697078943091263,0.04706354861044584
Gyeongbu + Gyeongjeon + Daegu,3,True,0.7486406222755567,0.7988811242375737,-0.050240501962017015,-0.5005383110999756,0.6916519564351932,0.2513593777244433,0.38235774676131934
Gyeongbu + Gyeongjeon + Yeongdong,3,True,0.6891472931967249,0.7703537924535736,-0.08120649925684875,-0.7853166953627647,0.7838660452473165,0.31085270680327515,0.39136374135465024
Gyeongbu + Gyeongjeon + Janghang,3,True,0.7289824079517505,0.7353119833030988,-0.00632957535134826,-0.05754995515277181,0.5229464432205897,0.2710175920482495,0.4160970597361799
Gyeongbu + Gyeongjeon + Jeolla,3,True,0.5826256307127772,0.6558513961307751,-0.07322576541799797,-0.5826192629234197,0.7199251825192973,0.4173743692872228,0.46427808343944377
Gyeongbu + Gyeongjeon + Jungang,3,True,0.5184848823304409,0.49225231053516366,0.026232571795277215,0.20495151840204504,0.418805001795693,0.4815151176695591,0.598234327907579
Gyeongbu + Gyeongjeon + Chungbuk,3,True,0.5623843176707168,0.6423598620848342,-0.07997554441411736,-0.6955195863789032,0.7566351295204792,0.43761568232928316,0.5723678936921172
Gyeongbu + Gyeongjeon + Taebaek,3,True,0.6685941810403526,0.7488316430176964,-0.08023746197734383,-0.7694493947797643,0.7791867124220886,0.3314058189596474,0.4159613204472248
Gyeongbu + Gyeongjeon + Honam,3,True,0.7417527754115563,0.7805090968332992,-0.0387563214217429,-0.3663909565938992,0.6429633165520355,0.25824722458844374,0.3798071887639151
Gyeongbu + Daegu + Yeongdong,3,True,0.7428596398413132,0.8064814277507977,-0.06362178790948447,-0.6520536998848209,0.7428167345097157,0.2571403601586868,0.36322884107973635
Gyeongbu + Daegu + Janghang,3,True,0.7826947545963389,0.7714396186003228,0.011255135996016019,0.1072453142126451,0.45729718357916727,0.21730524540366114,0.38796215946126594
Gyeongbu + Daegu + Jeolla,3,True,0.6363379773573656,0.6919790314279992,-0.05564105407063358,-0.47148791803953244,0.6813538272179442,0.36366202264263436,0.4361431831645298
Gyeongbu + Daegu + Jungang,3,True,0.5721972289750291,0.5283799458323876,0.04381728314264155,0.3338817056421332,0.36923441259306544,0.4278027710249709,0.570099427632665
Gyeongbu + Daegu + Chungbuk,3,True,0.6160966643153052,0.6784874973820583,-0.06239083306675308,-0.5495344906269145,0.7086806491999376,0.3839033356846948,0.5442329934172032
Gyeongbu + Daegu + Taebaek,3,True,0.7223065276849411,0.7849592783149206,-0.06265275062997955,-0.6329796357532687,0.7366265292567213,0.2776934723150589,0.38782642017231084
Gyeongbu + Daegu + Honam,3,False,0.7954651220561446,0.8166367321305233,-0.021171610074378733,-0.21579461323655322,0.5854260762932206,0.2045348779438554,0.3516722884890012
Gyeongbu + Yeongdong + Janghang,3,True,0.723201425517507,0.7429122868163226,-0.019710861298815607,-0.18384645005896122,0.572933042365165,0.276798574482493,0.3969681540545969
Gyeongbu + Yeongdong + Jeolla,3,True,0.5768446482785339,0.6634516996439991,-0.0866070513654652,-0.731951294524616,0.7679008518669388,0.4231553517214661,0.4451491777578608
Gyeongbu + Yeongdong + Jungang,3,True,0.5127038998961971,0.4998526140483875,0.012851285847809646,0.09796085879833957,0.46098168699055997,0.48729610010380287,0.579105422225996
Gyeongbu + Yeongdong + Chungbuk,3,True,0.5566033352364733,0.649960165598058,-0.09335683036158471,-0.8111070762587228,0.79134790874664,0.4433966647635267,0.5532389880105342
Gyeongbu + Yeongdong + Taebaek,3,True,0.6628131986061092,0.7564319465309206,-0.0936187479248114,-0.9057186380445543,0.8174576025517164,0.3371868013938908,0.3968324147656418
Gyeongbu + Yeongdong + Honam,3,False,0.7359717929773126,0.7881094003465233,-0.05213760736921069,-0.5128381302205486,0.6959677225761456,0.26402820702268737,0.36067828308233213
Gyeongbu + Janghang + Jeolla,3,True,0.6166797630335594,0.6284098904935244,-0.011730127459964934,-0.08913602311606554,0.5355130954912382,0.3833202369664406,0.46988249613939037
Gyeongbu + Janghang + Jungang,3,True,0.5525390146512229,0.46481080489791254,0.08772820975331036,0.7035884278624349,0.2408445600236493,0.4474609853487771,0.6038387406075256
Gyeongbu + Janghang + Chungbuk,3,True,0.5964384499914989,0.6149183564475833,-0.01847990645608444,-0.15472413729546358,0.5614805998339618,0.40356155000850114,0.5779723063920638
Gyeongbu + Janghang + Taebaek,3,True,0.7026483133611349,0.7213901373804456,-0.018741824019310682,-0.17466607631520747,0.5693289874363928,0.29735168663886513,0.4215657331471714
Gyeongbu + Janghang + Honam,3,False,0.7758069077323384,0.7530675911960485,0.02273931653628991,0.2101126691458505,0.4167898688187812,0.2241930922676616,0.3854116014638617
Gyeongbu + Jeolla + Jungang,3,True,0.40618223741224974,0.38535021772558914,0.020832019686660597,0.17570710274011248,0.4302620274718538,0.5938177625877503,0.6520197643107896
Gyeongbu + Jeolla + Chungbuk,3,True,0.45008167275252575,0.5354577692752598,-0.08537609652273404,-0.7166683382185819,0.7632106166881829,0.5499183272474742,0.6261533300953277
Gyeongbu + Jeolla + Taebaek,3,True,0.5562915361221616,0.6419295502081221,-0.0856380140859605,-0.7312817001009977,0.7676964470754555,0.44370846387783835,0.4697467568504352
Gyeongbu + Jeolla + Honam,3,True,0.6294501304933652,0.6736070040237248,-0.044156873530359575,-0.36520434107256017,0.6425205609673192,0.3705498695066348,0.4335926251671256
Gyeongbu + Jungang + Chungbuk,3,True,0.3859409243701892,0.37185868367964814,0.014082240690541037,0.1112659629468866,0.4557027227032402,0.6140590756298108,0.760109574563463
Gyeongbu + Jungang + Taebaek,3,True,0.4921507877398252,0.47833046461251044,0.013820323127314738,0.10851448313195547,0.45679379623826477,0.5078492122601748,0.6037030013185705
Gyeongbu + Jungang + Honam,3,False,0.5653093821110287,0.5100079184281131,0.05530146368291555,0.42850233049021175,0.33414271859911304,0.43469061788897134,0.5675488696352609
Gyeongbu + Chungbuk + Taebaek,3,True,0.5360502230801011,0.628438016162181,-0.0923877930820799,-0.7567626076204332,0.7754039507198703,0.4639497769198989,0.5778365671031086
Gyeongbu + Chungbuk + Honam,3,False,0.6092088174513046,0.6601154699777837,-0.05090665252647908,-0.4417816430876176,0.6706763882827481,0.3907911825486954,0.541682435419799
Gyeongbu + Taebaek + Honam,3,False,0.7154186808209406,0.7665872509106462,-0.051168570089705545,-0.4987478403408925,0.6910214813597757,0.2845813191790594,0.3852758621749066
Gyeongjeon + Daegu + Yeongdong,3,False,0.8867395722790173,0.9215521733760621,-0.03481260109704476,-0.5630794063359569,0.7133095930420371,0.11326042772098266,0.061156694251161825
Gyeongjeon + Daegu + Janghang,3,False,0.9265746870340429,0.8865103642255873,0.04006432280845562,0.5645253508177517,0.28619832619569285,0.07342531296595711,0.08589001263269147
Gyeongjeon + Daegu + Jeolla,3,False,0.7802179097950698,0.8070497770532639,-0.026831867258194086,-0.2569532822105912,0.6013925811026264,0.21978209020493022,0.13407103633595532
Gyeongjeon + Daegu + Jungang,3,True,0.7160771614127333,0.6434506914576522,0.07262646995508104,0.5927458809925562,0.2766756155544544,0.28392283858726675,0.26802728080409055
Gyeongjeon + Daegu + Chungbuk,3,False,0.7599765967530093,0.7935582430073227,-0.03358164625431337,-0.35804203336466595,0.6398440711169469,0.24002340324699067,0.24216084658862874
Gyeongjeon + Daegu + Taebaek,3,True,0.8661864601226451,0.900030023940185,-0.033843563817539946,-0.5130013951655035,0.6960248276193394,0.1338135398773549,0.08575427334373631
Gyeongjeon + Daegu + Honam,3,False,0.9393450544938488,0.9317074777557879,0.0076375767380608695,0.11992377450854354,0.4522717655262688,0.06065494550615125,0.04960014166042667
Gyeongjeon + Yeongdong + Janghang,3,True,0.8670813579552111,0.8579830324415871,0.009098325513623995,0.11428344275585534,0.454506553633625,0.13291864204478887,0.09489600722602243
Gyeongjeon + Yeongdong + Jeolla,3,True,0.720724580716238,0.7785224452692636,-0.0577978645530256,-0.532107537381592,0.7026742413516218,0.279275419283762,0.14307703092928628
Gyeongjeon + Yeongdong + Jungang,3,True,0.6565838323339013,0.6149233596736521,0.04166047266024919,0.33121873496279275,0.37023963485766975,0.3434161676660987,0.2770332753974215
Gyeongjeon + Yeongdong + Chungbuk,3,False,0.7004832676741776,0.7650309112233226,-0.064547643549145,-0.646279479134234,0.7409508124276669,0.29951673232582243,0.2511668411819597
Gyeongjeon + Yeongdong + Taebaek,3,True,0.8066931310438133,0.8715026921561849,-0.06480956111237157,-0.8325521396149084,0.7974513195734217,0.19330686895618665,0.09476026793706727
Gyeongjeon + Yeongdong + Honam,3,False,0.8798517254150169,0.9031801459717876,-0.023328420556770757,-0.3121090287048803,0.6225211674380919,0.12014827458498312,0.05860613625375763
Gyeongjeon + Janghang + Jeolla,3,True,0.7605596954712636,0.7434806361187888,0.01707905935247478,0.1402158598689435,0.4442447206662742,0.23944030452873644,0.16781034931081593
Gyeongjeon + Janghang + Jungang,3,True,0.6964189470889269,0.579881550523177,0.1165373965657499,0.989258313652835,0.1612683870443461,0.30358105291107307,0.30176659377895115
Gyeongjeon + Janghang + Chungbuk,3,True,0.7403183824292031,0.7299891020728476,0.010329280356355497,0.09979388001011802,0.46025398342070245,0.2596816175707969,0.27590015956348934
Gyeongjeon + Janghang + Taebaek,3,True,0.8465282457988389,0.83646088300571,0.01006736279312892,0.12383022265742125,0.450724850876949,0.1534717542011611,0.1194935863185969
Gyeongjeon + Janghang + Honam,3,True,0.9196868401700425,0.8681383368213128,0.051548503348729735,0.6305162117961559,0.2641784496779317,0.08031315982995746,0.08333945463528726
Gyeongjeon + Jeolla + Jungang,3,True,0.5500621698499539,0.5004209633508536,0.04964120649910031,0.4007739677190081,0.3442932733337838,0.44993783015004607,0.34994761748221503
Gyeongjeon + Jeolla + Chungbuk,3,True,0.59396160519023,0.6505285149005242,-0.05656690971029421,-0.48515340109461913,0.686216232881076,0.40603839480977,0.32408118326675317
Gyeongjeon + Jeolla + Taebaek,3,True,0.7001714685598659,0.7570002958333866,-0.05682882727352068,-0.5239323463961406,0.6998372020539099,0.2998285314401341,0.16767461002186076
Gyeongjeon + Jeolla + Honam,3,True,0.7733300629310694,0.7886777496489892,-0.01534768671791975,-0.13702483446972294,0.5544944174053242,0.22666993706893057,0.13152047833855113
Gyeongjeon + Jungang + Chungbuk,3,True,0.5298208568078935,0.4869294293049125,0.04289142750298097,0.33663990386734366,0.3681941856212887,0.4701791431921065,0.4580374277348884
Gyeongjeon + Jungang + Taebaek,3,True,0.6360307201775292,0.5934012102377748,0.04262950993975434,0.34710459282280803,0.3642563715969208,0.36396927982247085,0.30163085448999594
Gyeongjeon + Jungang + Honam,3,True,0.7091893145487326,0.6250786640533775,0.08411065049535504,0.6779092325072315,0.24891462288837785,0.2908106854512674,0.2654767228066863
Gyeongjeon + Chungbuk + Taebaek,3,True,0.6799301555178053,0.7435087617874454,-0.06357860626964007,-0.5831983123568812,0.7201200964307697,0.32006984448219467,0.2757644202745342
Gyeongjeon + Chungbuk + Honam,3,False,0.7530887498890089,0.7751862156030482,-0.022097465714039366,-0.21951002949439855,0.5868736160155763,0.24691125011099113,0.23961028859122455
Gyeongjeon + Taebaek + Honam,3,True,0.8592986132586448,0.8816579965359106,-0.022359383277265832,-0.2879531903375904,0.6133087148154666,0.14070138674135524,0.08320371534633211
Daegu + Yeongdong + Janghang,3,False,0.9207937045997996,0.8941106677388111,0.026683036860988496,0.38598086642016205,0.349755419630579,0.07920629540020041,0.06676110695110846
Daegu + Yeongdong + Jeolla,3,False,0.7744369273608263,0.8146500805664876,-0.04021315320566132,-0.41361930158945603,0.6604235323307139,0.22556307263917375,0.11494213065437234
Daegu + Yeongdong + Jungang,3,True,0.7102961789784898,0.6510509949708762,0.059245184007613694,0.4656999123173952,0.32071515756954516,0.28970382102151016,0.24889837512250754
Daegu + Yeongdong + Chungbuk,3,False,0.7541956143187658,0.8011585465205466,-0.04696293220178083,-0.4905129826183726,0.6881145273617886,0.2458043856812342,0.22303194090704573
Daegu + Yeongdong + Taebaek,3,True,0.8604054776884017,0.9076303274534091,-0.047224849765007404,-0.7034972931335047,0.7591270534633611,0.1395945223115983,0.06662536766215331
Daegu + Yeongdong + Honam,3,False,0.9335640720596052,0.9393077812690117,-0.005743709209406478,-0.09644582978714021,0.5384167525805317,0.06643592794039477,0.030471235978843672
Daegu + Janghang + Jeolla,3,False,0.8142720421158519,0.7796082714160127,0.03466377069983917,0.3090485057006486,0.378642314694007,0.1857279578841481,0.13967544903590196
Daegu + Janghang + Jungang,3,True,0.7501312937335155,0.6160091858204011,0.1341221079131144,1.1203522328626767,0.13128184589045278,0.2498687062664845,0.27363169350403715
Daegu + Janghang + Chungbuk,3,False,0.7940307290737916,0.7661167373700717,0.027913991703719887,0.27920795117172464,0.39004262102043175,0.20596927092620843,0.24776525928857537
Daegu + Janghang + Taebaek,3,True,0.9002405924434274,0.8725885183029339,0.02765207414049342,0.3854610397278979,0.34994793319240836,0.09975940755657264,0.09135868604368294
Daegu + Janghang + Honam,3,False,0.973399186814631,0.9042659721185368,0.06913321469609424,1.0047725203750622,0.15750319938570523,0.026600813185369,0.055204554360373304
Daegu + Jeolla + Jungang,3,True,0.6037745164945424,0.5365485986480776,0.06722591784646481,0.5487334582632615,0.29159419069763715,0.3962254835054576,0.32181271720730104
Daegu + Jeolla + Chungbuk,3,False,0.6476739518348182,0.6866561501977482,-0.03898219836292993,-0.3545441453048283,0.6385344367175241,0.35232604816518176,0.2959462829918393
Daegu + Jeolla + Taebaek,3,True,0.7538838152044542,0.7931279311306104,-0.039244115926156176,-0.4023324959252644,0.6562803288407416,0.24611618479554576,0.1395397097469468
Daegu + Jeolla + Honam,3,False,0.8270424095756578,0.8248053849462134,0.0022370246294444174,0.022587718180566516,0.49098957040088553,0.17295759042434222,0.10338557806363717
Daegu + Jungang + Chungbuk,3,True,0.5835332034524818,0.5230570646021366,0.060476138850345196,0.4579698228501997,0.323487060941663,0.41646679654751817,0.4299025274599745
Daegu + Jungang + Taebaek,3,True,0.6897430668221177,0.629528845534999,0.06021422128711873,0.4829833415153364,0.31455378221854824,0.3102569331778823,0.273495954215082
Daegu + Jungang + Honam,3,False,0.7629016611933211,0.6612062993506017,0.10169536184271943,0.820358349539888,0.20600592594574907,0.23709833880667885,0.23734182253177238
Daegu + Chungbuk + Taebaek,3,True,0.7336425021623938,0.7796363970846696,-0.04599389492227579,-0.435148072693246,0.6682725242645906,0.2663574978376062,0.2476295199996202
Daegu + Chungbuk + Honam,3,False,0.8068010965335973,0.8113138509002721,-0.004512754366674754,-0.04774280045327077,0.5190393884266473,0.19319890346640267,0.21147538831631058
Daegu + Taebaek + Honam,3,False,0.9130109599032332,0.9177856318331346,-0.004774671929901331,-0.07470441809260019,0.529775053815412,0.08698904009676678,0.05506881507141814
Yeongdong + Janghang + Jeolla,3,True,0.7547787130370203,0.7510809396320126,0.003697773405007654,0.03201869300126586,0.4872285718402153,0.24522128696297973,0.14868144362923294
Yeongdong + Janghang + Jungang,3,True,0.6906379646546835,0.587481854036401,0.10315611061828256,0.8422057695929202,0.1998363924299298,0.3093620353453165,0.28263768809736817
Yeongdong + Janghang + Chungbuk,3,True,0.7345373999949598,0.7375894055860714,-0.0030520055911116284,-0.029052274266511937,0.5115885503341513,0.2654626000050402,0.2567712538819063
Yeongdong + Janghang + Taebaek,3,True,0.8407472633645957,0.8440611865189339,-0.0033139231543382053,-0.04043628435395219,0.5161273484187423,0.1592527366354043,0.1003646806370139
Yeongdong + Janghang + Honam,3,False,0.9139058577357991,0.8757386403345366,0.0381672174012625,0.4875825939429369,0.3129227635198317,0.08609414226420087,0.06421054895370426
Yeongdong + Jeolla + Jungang,3,True,0.5442811874157103,0.5080212668640773,0.03625992055163296,0.2934075322059305,0.38460533440572287,0.4557188125842897,0.33081871180063205
Yeongdong + Jeolla + Chungbuk,3,True,0.5881806227559865,0.658128818413748,-0.06994819565776156,-0.620133224090762,0.7324149599536064,0.4118193772440135,0.3049522775851702
Yeongdong + Jeolla + Taebaek,3,True,0.6943904861256225,0.7646005993466104,-0.07021011322098791,-0.6794625914038486,0.7515775987129978,0.3056095138743775,0.14854570434027778
Yeongdong + Jeolla + Honam,3,True,0.7675490804968259,0.796278053162213,-0.028728972665387098,-0.27651244908166805,0.6089227503675869,0.2324509195031741,0.11239157265696814
Yeongdong + Jungang + Chungbuk,3,True,0.5240398743736498,0.49452973281813645,0.029510141555513403,0.22004506074494593,0.4129180306153073,0.47596012562635015,0.43890852205330544
Yeongdong + Jungang + Taebaek,3,True,0.6302497377432857,0.6010015137509986,0.029248223992287103,0.22687509755381094,0.41026043322074535,0.36975026225671426,0.28250194880841295
Yeongdong + Jungang + Honam,3,False,0.7034083321144893,0.6326789675666016,0.0707293645478877,0.5545526128857305,0.2896003546143455,0.2965916678855107,0.24634781712510334
Yeongdong + Chungbuk + Taebaek,3,True,0.674149173083562,0.7511090653006693,-0.0769598922171073,-0.6850999739406068,0.753359581649014,0.32585082691643796,0.2566355145929512
Yeongdong + Chungbuk + Honam,3,False,0.7473077674547655,0.7827865191162721,-0.0354787516615066,-0.35121167467973774,0.6372852238957445,0.25269223254523454,0.22048138290964153
Yeongdong + Taebaek + Honam,3,False,0.8535176308244012,0.8892583000491345,-0.03574066922473329,-0.46591228293026365,0.6793608556090129,0.14648236917559876,0.0640748096647491
Janghang + Jeolla + Jungang,3,True,0.5841163021707361,0.4729794577136024,0.11113684445713368,0.9001512562811514,0.18401988102084932,0.41588369782926393,0.35555203018216164
Janghang + Jeolla + Chungbuk,3,True,0.6280157375110123,0.6230870092632732,0.004928728247739045,0.039748984698577426,0.48414662418476284,0.37198426248898775,0.32968559596669983
Janghang + Jeolla + Taebaek,3,True,0.734225600880648,0.7295587901961356,0.004666810684512468,0.040710030285169826,0.48376353260731664,0.26577439911935197,0.1732790227218074
Janghang + Jeolla + Honam,3,True,0.8073841952518516,0.7612362440117382,0.046147951240113394,0.3927529069428213,0.34725099503065116,0.19261580474814843,0.13712489103849776
Janghang + Jungang + Chungbuk,3,True,0.5638749891286756,0.4594879236676615,0.10438706546101412,0.8342539569692863,0.20206894579482537,0.4361250108713244,0.46364184043483503
Janghang + Jungang + Taebaek,3,True,0.6700848524983114,0.5659597046005238,0.1041251478977876,0.8768135931483867,0.19029394731905436,0.3299151475016886,0.30723526718994265
Janghang + Jungang + Honam,3,False,0.7432434468695149,0.5976371584161265,0.1456062884533884,1.217731267372918,0.11166305549466937,0.25675655313048507,0.271081135506633
Janghang + Chungbuk + Taebaek,3,True,0.7139842878385876,0.7160672561501944,-0.0020829683116068143,-0.018423305839149022,0.5073494198871756,0.2860157121614124,0.2813688329744808
Janghang + Chungbuk + Honam,3,False,0.7871428822097911,0.7477447099657971,0.039398172243994,0.37708711841903286,0.3530544319126191,0.21285711779020888,0.24521470129117118
Janghang + Taebaek + Honam,3,False,0.893352745579427,0.8542164908986594,0.039136254680767646,0.4889131627139353,0.3124515882288659,0.10664725442057299,0.08880812804627874
Jeolla + Jungang + Chungbuk,3,True,0.4175182118897024,0.380027336495338,0.03749087539436441,0.3245061410048597,0.3727774368758552,0.5824817881102976,0.511822864138099
Jeolla + Jungang + Taebaek,3,True,0.5237280752593383,0.48649911742820023,0.037228957831138054,0.313883641000765,0.3768047077674108,0.4762719247406617,0.3554162908932065
Jeolla + Jungang + Honam,3,True,0.5968866696305417,0.518176571243803,0.0787100983867387,0.6433337705803421,0.26000377394261676,0.4031133303694583,0.31926215920989687
Jeolla + Chungbuk + Taebaek,3,True,0.5676275105996142,0.636606668977871,-0.06897915837825674,-0.579583082023194,0.7189020977275831,0.43237248940038575,0.3295498566777447
Jeolla + Chungbuk + Honam,3,True,0.6407861049708178,0.6682841227934736,-0.027498017822655818,-0.2411362858281296,0.5952752548186759,0.3592138950291822,0.29339572499443506
Jeolla + Taebaek + Honam,3,True,0.7469959683404539,0.774755903726336,-0.027759935385882062,-0.26749662087499576,0.6054565922174491,0.2530040316595461,0.13698915174954263
Jungang + Chungbuk + Taebaek,3,True,0.5034867622172778,0.4730075833822593,0.03047917883501855,0.22274458450829715,0.4118671497647248,0.49651323778272216,0.46350610114587987
Jungang + Chungbuk + Honam,3,False,0.5766453565884813,0.5046850371978621,0.0719603193906192,0.5504011091696416,0.2910221440393279,0.42335464341151874,0.42735196946257026
Jungang + Taebaek + Honam,3,False,0.682855219958117,0.6111568181307245,0.07169840182739251,0.5751774642894082,0.2825856411298874,0.31714478004188296,0.2709453962176778
Chungbuk + Taebaek + Honam,3,False,0.7267546552983933,0.761264369680395,-0.03450971438200168,-0.31343045560273636,0.6230231755909511,0.27324534470160666,0.24507896200221602
Gyeongbu + Gyeongjeon + Daegu + Yeongdong,4,True,0.6891290425308708,0.7657561726060024,-0.07662713007513156,-0.7372609153047195,0.7695181521673138,0.3108709574691292,0.39936900781562257
Gyeongbu + Gyeongjeon + Daegu + Janghang,4,True,0.7289641572858965,0.7307143634555275,-0.0017502061696310633,-0.01586068086513037,0.5063272309109781,0.2710358427141035,0.4241023261971522
Gyeongbu + Gyeongjeon + Daegu + Jeolla,4,True,0.5826073800469231,0.651253776283204,-0.06864639623628088,-0.545942680766742,0.707447330672437,0.41739261995307686,0.4722833499004161
Gyeongbu + Gyeongjeon + Daegu + Jungang,4,True,0.5184666316645867,0.4876546906875924,0.030811940976994356,0.2383342203151493,0.40581094097174397,0.48153336833541327,0.6062395943685512
Gyeongbu + Gyeongjeon + Daegu + Chungbuk,4,True,0.5623660670048627,0.637762242237263,-0.07539617523240028,-0.655628240488796,0.7439683247679207,0.4376339329951373,0.5803731601530895
Gyeongbu + Gyeongjeon + Daegu + Taebaek,4,True,0.6685759303744986,0.7442340231701251,-0.07565809279562652,-0.7219923088388154,0.7648503969101403,0.3314240696255014,0.4239665869081971
Gyeongbu + Gyeongjeon + Daegu + Honam,4,True,0.7417345247457022,0.775911476985728,-0.034176952240025815,-0.3214066491168594,0.6260488775247205,0.25826547525429777,0.38781245522488744
Gyeongbu + Gyeongjeon + Yeongdong + Janghang,4,True,0.6694708282070645,0.7021870316715273,-0.0327162034644628,-0.29325173081383915,0.6153351271397703,0.3305291717929355,0.4331083207904831
Gyeongbu + Gyeongjeon + Yeongdong + Jeolla,4,True,0.5231140509680913,0.6227264444992039,-0.09961239353111262,-0.7956816881719597,0.7868914635194073,0.47688594903190873,0.48128934449374705
Gyeongbu + Gyeongjeon + Yeongdong + Jungang,4,True,0.45897330258575475,0.4591273589035923,-0.00015405631783754759,-0.0011997042123932065,0.5004786126194889,0.5410266974142453,0.6152455889618823
Gyeongbu + Gyeongjeon + Yeongdong + Chungbuk,4,True,0.5028727379260308,0.6092349104532628,-0.10636217252723201,-0.9198246770726509,0.8211678072119852,0.4971272620739692,0.5893791547464204
Gyeongbu + Gyeongjeon + Yeongdong + Taebaek,4,True,0.6090826012956666,0.7157066913861252,-0.10662409009045859,-0.9875631827012475,0.8383166875183734,0.3909173987043334,0.43297258150152795
Gyeongbu + Gyeongjeon + Yeongdong + Honam,4,True,0.6822411956668702,0.7473841452017278,-0.06514294953485755,-0.5995317279378977,0.7255908205609181,0.31775880433312975,0.39681844981821834
Gyeongbu + Gyeongjeon + Janghang + Jeolla,4,True,0.5629491657231169,0.5876846353487291,-0.024735469625612128,-0.18006220423508218,0.5714481328848423,0.43705083427688307,0.5060226628752766
Gyeongbu + Gyeongjeon + Janghang + Jungang,4,True,0.4988084173407804,0.42408554975311735,0.07472286758766306,0.6161632191066474,0.2688934005104786,0.5011915826592196,0.6399789073434119
Gyeongbu + Gyeongjeon + Janghang + Chungbuk,4,True,0.5427078526810565,0.5741931013027881,-0.03148524862173163,-0.26357500707162396,0.6039462904293145,0.4572921473189435,0.61411247312795
Gyeongbu + Gyeongjeon + Janghang + Taebaek,4,True,0.6489177160506924,0.6806648822356504,-0.03174716618495799,-0.2854808591417858,0.6123621166348996,0.3510822839493076,0.45770589988305765
Gyeongbu + Gyeongjeon + Janghang + Honam,4,True,0.722076310421896,0.7123423360512531,0.00973397437064294,0.08516467511422593,0.4660652368463566,0.277923689578104,0.421551768199748
Gyeongbu + Gyeongjeon + Jeolla + Jungang,4,True,0.35245164010180724,0.3446249625807939,0.007826677521013348,0.06629592667506914,0.47357111306737676,0.6475483598981928,0.6881599310466757
Gyeongbu + Gyeongjeon + Jeolla + Chungbuk,4,True,0.3963510754420833,0.49473251413046465,-0.09838143868838134,-0.8055254294638938,0.789741730990561,0.6036489245579166,0.662293496831214
Gyeongbu + Gyeongjeon + Jeolla + Taebaek,4,True,0.5025609388117193,0.601204295063327,-0.0986433562516077,-0.797796618302405,0.787505737969417,0.49743906118828074,0.5058869235863215
Gyeongbu + Gyeongjeon + Jeolla + Honam,4,True,0.5757195331829226,0.6328817488789296,-0.05716221569600699,-0.44245336934292545,0.670919416706428,0.42428046681707743,0.46973279190301187
Gyeongbu + Gyeongjeon + Jungang + Chungbuk,4,True,0.3322103270597466,0.3311334285348529,0.0010768985248937324,0.008989742272718405,0.49641366002285514,0.6677896729402534,0.7962497412993492
Gyeongbu + Gyeongjeon + Jungang + Taebaek,4,True,0.43842019042938263,0.43760520946771525,0.0008149809616673775,0.006567015203359429,0.4973801588097637,0.5615798095706174,0.6398431680544567
Gyeongbu + Gyeongjeon + Jungang + Honam,4,True,0.5115787848005862,0.4692826632833179,0.04229612151726825,0.3309379096877679,0.3703456930274376,0.48842121519941384,0.6036890363711471
Gyeongbu + Gyeongjeon + Chungbuk + Taebaek,4,True,0.4823196257696587,0.5877127610173858,-0.10539313524772709,-0.8625655953960698,0.80581182334867,0.5176803742303413,0.6139767338389949
Gyeongbu + Gyeongjeon + Chungbuk + Honam,4,True,0.5554782201408622,0.6193902148329885,-0.06391199469212627,-0.5440376837914112,0.7067922293522938,0.44452177985913777,0.5778226021556853
Gyeongbu + Gyeongjeon + Taebaek + Honam,4,True,0.6616880835104981,0.7258619957658508,-0.06417391225535263,-0.5883393960641764,0.7218477463612817,0.3383119164895019,0.4214160289107929
Gyeongbu + Daegu + Yeongdong + Janghang,4,True,0.723183174851653,0.7383146669687514,-0.01513149211709841,-0.14060457856678815,0.5559088344991032,0.27681682514834705,0.4049734205155692
Gyeongbu + Daegu + Yeongdong + Jeolla,4,True,0.5768263976126797,0.6588540797964278,-0.08202768218374812,-0.6927472033152322,0.7557658947442537,0.42317360238732027,0.4531544442188331
Gyeongbu + Daegu + Yeongdong + Jungang,4,True,0.5126856492303431,0.49525499420081626,0.017430655029526843,0.13158460337234257,0.44765643217603557,0.4873143507696569,0.5871106886869683
Gyeongbu + Daegu + Yeongdong + Chungbuk,4,True,0.5565850845706191,0.6453625457504869,-0.08877746117986784,-0.7710579049395022,0.7796636948938251,0.44341491542938094,0.5612442544715065
Gyeongbu + Daegu + Yeongdong + Taebaek,4,True,0.6627949479402551,0.7518343266833493,-0.0890393787430942,-0.8568829337021285,0.804245207251205,0.33720505205974494,0.4048376812266141
Gyeongbu + Daegu + Yeongdong + Honam,4,False,0.7359535423114586,0.7835117804989519,-0.047558238187493274,-0.4650023476368978,0.6790351123003765,0.2640464576885414,0.36868354954330446
Gyeongbu + Daegu + Janghang + Jeolla,4,True,0.6166615123677054,0.6238122706459531,-0.0071507582782477375,-0.05435198220597886,0.521672632542838,0.3833384876322946,0.4778877626003627
Gyeongbu + Daegu + Janghang + Jungang,4,True,0.5525207639853688,0.4602131850503413,0.09230757893502745,0.7330891090541006,0.23175204111533787,0.44747923601463124,0.6118440070684978
Gyeongbu + Daegu + Janghang + Chungbuk,4,True,0.5964201993256448,0.6103207366000122,-0.013900537274367353,-0.11646585566931776,0.5463583274318047,0.40357980067435517,0.5859775728530361
Gyeongbu + Daegu + Janghang + Taebaek,4,True,0.7026300626952808,0.7167925175328744,-0.014162454837593597,-0.131509181065932,0.5523137378941287,0.29736993730471917,0.4295709996081437
Gyeongbu + Daegu + Janghang + Honam,4,False,0.7757886570664844,0.748469971348477,0.02731868571800733,0.2514066539095922,0.4007498619033012,0.22421134293351563,0.39341686792483405
Gyeongbu + Daegu + Jeolla + Jungang,4,True,0.4061639867463956,0.38075259787801785,0.025411388868377738,0.21251320086194275,0.4158533400889124,0.5938360132536045,0.6600250307717618
Gyeongbu + Daegu + Jeolla + Chungbuk,4,True,0.45006342208667155,0.5308601494276886,-0.080796727341017,-0.6803088022839825,0.75184552389401,0.5499365779133285,0.6341585965563
Gyeongbu + Daegu + Jeolla + Taebaek,4,True,0.5562732854563076,0.6373319303605509,-0.0810586449042433,-0.6917332273182261,0.7554475618415932,0.4437267145436924,0.47775202331140754
Gyeongbu + Daegu + Jeolla + Honam,4,True,0.629431879827511,0.6690093841761535,-0.03957750434864249,-0.3270083716419994,0.6281692233193981,0.37056812017248897,0.4415978916280979
Gyeongbu + Daegu + Jungang + Chungbuk,4,True,0.38592267370433503,0.36726106383207685,0.018661609872258178,0.1463995307688147,0.44180299885604735,0.6140773262956649,0.7681148410244352
Gyeongbu + Daegu + Jungang + Taebaek,4,True,0.49213253707397103,0.4737328447649392,0.018399692309031823,0.14300327070785734,0.4431437990463659,0.5078674629260289,0.6117082677795427
Gyeongbu + Daegu + Jungang + Honam,4,False,0.5652911314451744,0.5054102985805419,0.05988083286463253,0.4592428753651226,0.3230298822282074,0.4347088685548256,0.5755541360962331
Gyeongbu + Daegu + Chungbuk + Taebaek,4,True,0.5360319724142469,0.6238403963146099,-0.08780842390036292,-0.7190992726864953,0.7639601222854431,0.46396802758575306,0.5858418335640809
Gyeongbu + Daegu + Chungbuk + Honam,4,False,0.6091905667854506,0.6555178501302126,-0.046327283344761994,-0.4017758287517485,0.6560754937523569,0.3908094332145494,0.5496877018807713
Gyeongbu + Daegu + Taebaek + Honam,4,False,0.7154004301550866,0.7619896310630748,-0.04658920090798824,-0.4515068994610477,0.6741878732339727,0.2845995698449134,0.39328112863587894
Gyeongbu + Yeongdong + Janghang + Jeolla,4,True,0.5571681832888734,0.5952849388619529,-0.038116755573079475,-0.2920479931210138,0.6148750352730671,0.4428318167111266,0.48689375719369365
Gyeongbu + Yeongdong + Janghang + Jungang,4,True,0.4930274349065369,0.43168585326634124,0.06134158164019565,0.4928073014456876,0.3110743755801102,0.5069725650934631,0.6208500016618289
Gyeongbu + Yeongdong + Janghang + Chungbuk,4,True,0.536926870246813,0.5817934048160118,-0.04486653456919887,-0.375795026085225,0.6464653570760532,0.46307312975318704,0.594983567446367
Gyeongbu + Yeongdong + Janghang + Taebaek,4,True,0.6431367336164489,0.6882651857488742,-0.045128452132425334,-0.40965031962938164,0.6589687606882059,0.35686326638355115,0.43857699420147467
Gyeongbu + Yeongdong + Janghang + Honam,4,False,0.7162953279876524,0.7199426395644768,-0.003647311576824408,-0.03306271912879282,0.5131877138447007,0.2837046720123476,0.402422862518165
Gyeongbu + Yeongdong + Jeolla + Jungang,4,True,0.3466706576675636,0.3522252660940177,-0.005554608426454111,-0.04775316789025243,0.5190435197235036,0.6533293423324364,0.6690310253650928
Gyeongbu + Yeongdong + Jeolla + Chungbuk,4,True,0.39057009300783974,0.5023328176436883,-0.11176272463584858,-0.9546064402581689,0.8301116204603411,0.6094299069921603,0.6431645911496309
Gyeongbu + Yeongdong + Jeolla + Taebaek,4,True,0.49677995637747574,0.6088045985765507,-0.11202464219907493,-0.9514483818931644,0.8293115950566143,0.5032200436225243,0.4867580179047385
Gyeongbu + Yeongdong + Jeolla + Honam,4,True,0.5699385507486792,0.6404820523921534,-0.07054350164347423,-0.5837699379343166,0.720312446845979,0.43006144925132084,0.4506038862214289
Gyeongbu + Yeongdong + Jungang + Chungbuk,4,True,0.32642934462550316,0.3387337320480768,-0.012304387422573615,-0.09799885459186213,0.5390333985528838,0.6735706553744969,0.7771208356177661
Gyeongbu + Yeongdong + Jungang + Taebaek,4,True,0.43263920799513905,0.445205512980939,-0.01256630498579997,-0.09753323692255773,0.5388485296014881,0.5673607920048609,0.6207142623728737
Gyeongbu + Yeongdong + Jungang + Honam,4,False,0.5057978023663425,0.47688296679654174,0.02891483556980079,0.22261999363202895,0.41191563712469226,0.49420219763365747,0.5845601306895641
Gyeongbu + Yeongdong + Chungbuk + Taebaek,4,True,0.4765386433354151,0.5953130645306097,-0.1187744211951946,-0.9594243903250599,0.8313275035957213,0.5234613566645849,0.5948478281574119
Gyeongbu + Yeongdong + Chungbuk + Honam,4,False,0.5496972377066187,0.6269905183462123,-0.07729328063959362,-0.6643981826335812,0.7467822521371174,0.4503027622933813,0.5586936964741023
Gyeongbu + Yeongdong + Taebaek + Honam,4,False,0.6559071010762546,0.7334622992790749,-0.07755519820282031,-0.7258876966165653,0.7660461902338378,0.3440928989237454,0.4022871232292099
Gyeongbu + Janghang + Jeolla + Jungang,4,True,0.3865057724225894,0.31718345694354283,0.06932231547904655,0.5931018898567862,0.2765564828867857,0.6134942275774107,0.6937643437466224
Gyeongbu + Janghang + Jeolla + Chungbuk,4,True,0.43040520776286545,0.4672910084932135,-0.03688580073034803,-0.28698689497377955,0.6129388226695918,0.5695947922371345,0.6678979095311606
Gyeongbu + Janghang + Jeolla + Taebaek,4,True,0.5366150711325014,0.5737627894260758,-0.03714771829357444,-0.2893101478957085,0.6138279763411727,0.4633849288674986,0.5114913362862681
Gyeongbu + Janghang + Jeolla + Honam,4,True,0.6097736655037049,0.6054402432416784,0.004333422262026487,0.032504230120738366,0.487034971332562,0.39022633449629507,0.4753372046029585
Gyeongbu + Janghang + Jungang + Chungbuk,4,True,0.3662644593805289,0.3036919228976018,0.0625725364829271,0.5366406950905037,0.29575791411143126,0.6337355406194711,0.8018541539992958
Gyeongbu + Janghang + Jungang + Taebaek,4,True,0.47247432275016477,0.41016370383046413,0.06231061891970063,0.5221121385869419,0.3007961276766441,0.5275256772498352,0.6454475807544033
Gyeongbu + Janghang + Jungang + Honam,4,False,0.5456329171213682,0.44184115764606674,0.10379175947530145,0.8457629534433293,0.19884249802215137,0.4543670828786318,0.6092934490710937
Gyeongbu + Janghang + Chungbuk + Taebaek,4,True,0.5163737580904408,0.5602712553801348,-0.04389749728969394,-0.3509003604371777,0.6371684494654398,0.48362624190955916,0.6195811465389415
Gyeongbu + Janghang + Chungbuk + Honam,4,False,0.5895323524616443,0.5919487091957376,-0.00241635673409335,-0.02013245389777451,0.508031144539562,0.41046764753835574,0.5834270148556319
Gyeongbu + Janghang + Taebaek + Honam,4,False,0.6957422158312804,0.6984204901285999,-0.002678274297319483,-0.024349748779741533,0.5097131844547793,0.3042577841687196,0.4270204416107395
Gyeongbu + Jeolla + Jungang + Chungbuk,4,True,0.2199076821415557,0.22423133572527834,-0.004323653583722636,-0.04544223272531263,0.5181225905543658,0.7800923178584442,0.8500351777025597
Gyeongbu + Jeolla + Jungang + Taebaek,4,True,0.3261175455111916,0.3307031166581406,-0.004585571146949019,-0.04190558989702517,0.5167130198896017,0.6738824544888085,0.6936286044576673
Gyeongbu + Jeolla + Jungang + Honam,4,True,0.3992761398823951,0.3623805704737433,0.036895569408651796,0.3175747996747482,0.3754037461114117,0.6007238601176049,0.6574744727743577
Gyeongbu + Jeolla + Chungbuk + Taebaek,4,True,0.37001698085146756,0.4808106682078113,-0.11079368735634376,-0.9107913869669443,0.8187973492428764,0.6299830191485325,0.6677621702422054
Gyeongbu + Jeolla + Chungbuk + Honam,4,True,0.44317557522267115,0.512488122023414,-0.06931254680074284,-0.580444364087038,0.7191925024480531,0.5568244247773289,0.6316080385588958
Gyeongbu + Jeolla + Taebaek + Honam,4,True,0.549385438592307,0.6189599029562763,-0.0695744643639693,-0.5833165205777571,0.7201598784293337,0.45061456140769296,0.4752014653140033
Gyeongbu + Jungang + Chungbuk + Taebaek,4,True,0.3058762324691311,0.3172115826121996,-0.011335350143068523,-0.08919246748079729,0.5355355242003126,0.6941237675308689,0.8017184147103407
Gyeongbu + Jungang + Chungbuk + Honam,4,False,0.3790348268403345,0.3488890364278024,0.030145790412532125,0.2449698929855053,0.4032398715602372,0.6209651731596655,0.7655642830270311
Gyeongbu + Jungang + Taebaek + Honam,4,False,0.4852446902099705,0.4553608173606647,0.029883872849305826,0.23781748232211253,0.40601132934774986,0.5147553097900295,0.6091577097821386
Gyeongbu + Chungbuk + Taebaek + Honam,4,False,0.5291441255502466,0.6054683689103353,-0.0763242433600887,-0.6211009123551099,0.7327333854936852,0.4708558744497534,0.5832912755666767
Gyeongjeon + Daegu + Yeongdong + Janghang,4,False,0.8670631072893569,0.8533854125940159,0.01367769469534097,0.17258739298677428,0.43148788106408,0.13293689271064313,0.10290127368699473
Gyeongjeon + Daegu + Yeongdong + Jeolla,4,False,0.7207063300503838,0.7739248254216925,-0.05321849537130874,-0.4925387270246794,0.6888307241866078,0.27929366994961624,0.15108229739025858
Gyeongjeon + Daegu + Yeongdong + Jungang,4,True,0.6565655816680472,0.6103257398260808,0.04623984184196639,0.36540207082274184,0.3574056478351718,0.34343441833195276,0.28503854185839383
Gyeongjeon + Daegu + Yeongdong + Chungbuk,4,False,0.7004650170083233,0.7604332913757514,-0.05996827436742813,-0.6045352510141188,0.7272560799825225,0.2995349829916767,0.259172107642932
Gyeongjeon + Daegu + Yeongdong + Taebaek,4,True,0.8066748803779591,0.8669050723086139,-0.06023019193065482,-0.775695811008088,0.781035693084338,0.1933251196220409,0.10276553439803957
Gyeongjeon + Daegu + Yeongdong + Honam,4,False,0.8798334747491627,0.8985825261242163,-0.01874905137505356,-0.25128293069845437,0.5992023143998682,0.12016652525083726,0.06661140271472993
Gyeongjeon + Daegu + Janghang + Jeolla,4,False,0.7605414448054094,0.7388830162712174,0.021658428534191976,0.17873601820889584,0.42907249305985584,0.23945855519459058,0.17581561577178823
Gyeongjeon + Daegu + Janghang + Jungang,4,True,0.6964006964230729,0.5752839306756058,0.1211167657474671,1.0221122083616991,0.15336389781798676,0.3035993035769271,0.3097718602399234
Gyeongjeon + Daegu + Janghang + Chungbuk,4,False,0.740300131763349,0.7253914822252765,0.014908649538072472,0.14515399779309307,0.4422946428088108,0.25969986823665103,0.28390542602446167
Gyeongjeon + Daegu + Janghang + Taebaek,4,True,0.8465099951329847,0.8318632631581389,0.014646731974845895,0.1809811153169284,0.4281911995145309,0.15349000486701525,0.1274988527795692
Gyeongjeon + Daegu + Janghang + Honam,4,False,0.9196685895041884,0.8635407169737416,0.05612787253044682,0.6890527872522206,0.24539502465338936,0.0803314104958116,0.09134472109625957
Gyeongjeon + Daegu + Jeolla + Jungang,4,True,0.5500439191840998,0.4958233435032823,0.05422057568081751,0.4363605142037051,0.33128759136498,0.4499560808159002,0.3579528839431873
Gyeongjeon + Daegu + Jeolla + Chungbuk,4,False,0.5939433545243759,0.645930895052953,-0.051987540528577125,-0.449710977786675,0.6735405726364377,0.40605664547562415,0.3320864497277255
Gyeongjeon + Daegu + Jeolla + Taebaek,4,True,0.7001532178940117,0.7524026759858155,-0.0522494580918037,-0.4843228987688899,0.6859216363770066,0.29984678210598825,0.17567987648283306
Gyeongjeon + Daegu + Jeolla + Honam,4,False,0.7733118122652152,0.7840801298014182,-0.010768317536202998,-0.09658484941714307,0.538471955674773,0.22668818773478483,0.13952574479952343
Gyeongjeon + Daegu + Jungang + Chungbuk,4,True,0.5298026061420393,0.4823318094573413,0.04747079668469806,0.37159603015297316,0.3550968226305329,0.47019739385796067,0.46604269419586075
Gyeongjeon + Daegu + Jungang + Taebaek,4,True,0.636012469511675,0.5888035903902037,0.047208879121471314,0.3819862640484219,0.3512357765989783,0.363987530488325,0.30963612095096826
Gyeongjeon + Daegu + Jungang + Honam,4,True,0.7091710638828785,0.6204810442058064,0.08869001967707213,0.7101801575410978,0.23879621196418765,0.29082893611712146,0.27348198926765865
Gyeongjeon + Daegu + Chungbuk + Taebaek,4,True,0.6799119048519512,0.7389111419398744,-0.058999237087923206,-0.54435585837622,0.7069016923576955,0.3200880951480488,0.2837696867355065
Gyeongjeon + Daegu + Chungbuk + Honam,4,False,0.7530704992231546,0.7705885957554769,-0.01751809653232228,-0.1751168687563876,0.5695060981361544,0.2469295007768454,0.24761555505219685
Gyeongjeon + Daegu + Taebaek + Honam,4,True,0.8592803625927905,0.8770603766883394,-0.017780014095548857,-0.22940218061221,0.5907218292657199,0.1407196374072095,0.09120898180730441
Gyeongjeon + Yeongdong + Janghang + Jeolla,4,True,0.7010481157265777,0.7103556844872174,-0.009307568760639762,-0.07542180700637716,0.5300604454295244,0.29895188427342234,0.18482161036511918
Gyeongjeon + Yeongdong + Janghang + Jungang,4,True,0.6369073673442409,0.5467565988916057,0.09015076845263525,0.7486387449026238,0.22703748644055044,0.3630926326557591,0.3187778548332544
Gyeongjeon + Yeongdong + Janghang + Chungbuk,4,True,0.6808068026845172,0.6968641504412763,-0.016057347756759044,-0.1505308030860896,0.559827074870978,0.3191931973154828,0.2929114206177926
Gyeongjeon + Yeongdong + Janghang + Taebaek,4,True,0.7870166660541531,0.8033359313741387,-0.01631926531998562,-0.18350629393134452,0.5727996096067847,0.2129833339458469,0.13650484737290017
Gyeongjeon + Yeongdong + Janghang + Honam,4,True,0.8601752604253565,0.8350133851897414,0.025161875235615083,0.2845853045141908,0.3879809356018168,0.13982473957464348,0.10035071568959053
Gyeongjeon + Yeongdong + Jeolla + Jungang,4,True,0.4905505901052679,0.46729601171928214,0.02325457838598577,0.18683338695087282,0.42589563440366973,0.5094494098947321,0.36695887853651826
Gyeongjeon + Yeongdong + Jeolla + Chungbuk,4,True,0.5344500254455439,0.6174035632689528,-0.08295353782340897,-0.7064954492068587,0.7600599591160302,0.4655499745544561,0.34109244432105645
Gyeongjeon + Yeongdong + Jeolla + Taebaek,4,True,0.6406598888151799,0.7238753442018152,-0.08321545538663533,-0.7416270150675893,0.7708433245164465,0.3593401111848201,0.18468587107616402
Gyeongjeon + Yeongdong + Jeolla + Honam,4,True,0.7138184831863834,0.7555527980174178,-0.0417343148310344,-0.3631774347636761,0.6417638285291546,0.2861815168136166,0.14853173939285438
Gyeongjeon + Yeongdong + Jungang + Chungbuk,4,True,0.4703092770632074,0.4538044776733411,0.01650479938986632,0.1278869166966495,0.44911923249346763,0.5296907229367926,0.4750486887891917
Gyeongjeon + Yeongdong + Jungang + Taebaek,4,True,0.5765191404328434,0.5602762586062034,0.01624288182663991,0.12785477867376696,0.44913194931735745,0.42348085956715664,0.3186421155442992
Gyeongjeon + Yeongdong + Jungang + Honam,4,True,0.6496777348040467,0.5919537124218062,0.0577240223822405,0.4523404263647636,0.32551187842823015,0.35032226519595333,0.2824879838609896
Gyeongjeon + Yeongdong + Chungbuk + Taebaek,4,True,0.6204185757731193,0.7103838101558742,-0.08996523438275483,-0.7895698098191256,0.7851104773335775,0.3795814242268807,0.29277568132883747
Gyeongjeon + Yeongdong + Chungbuk + Honam,4,False,0.6935771701443229,0.7420612639714769,-0.04848409382715402,-0.46089009430974465,0.6775612705247127,0.30642282985567715,0.2566215496455278
Gyeongjeon + Yeongdong + Taebaek + Honam,4,True,0.7997870335139587,0.8485330449043392,-0.048746011390380484,-0.5593195815489092,0.7120281831057756,0.20021296648604126,0.10021497640063537
Gyeongjeon + Janghang + Jeolla + Jungang,4,True,0.5303857048602937,0.4322542025688072,0.09813150229148648,0.7922191667979288,0.2141164472930106,0.4696142951397063,0.3916921969180479
Gyeongjeon + Janghang + Jeolla + Chungbuk,4,True,0.5742851402005696,0.582361754118478,-0.00807661391790837,-0.06322359373491757,0.5252057713615683,0.42571485979943036,0.36582576270258604
Gyeongjeon + Janghang + Jeolla + Taebaek,4,True,0.6804950035702056,0.6888335350513403,-0.008338531481134615,-0.0682325087859112,0.5271997255020571,0.31950499642979435,0.20941918945769367
Gyeongjeon + Janghang + Jeolla + Honam,4,True,0.753653597941409,0.720510988866943,0.03314260907446598,0.2612237142559385,0.39695999575261953,0.24634640205859104,0.17326505777438403
Gyeongjeon + Janghang + Jungang + Chungbuk,4,True,0.5101443918182332,0.41876266852286625,0.09138172329536698,0.7666510486736411,0.221644507665695,0.48985560818176677,0.4997820071707213
Gyeongjeon + Janghang + Jungang + Taebaek,4,True,0.616354255187869,0.5252344494557286,0.0911198057321404,0.784150671227879,0.21647585295330463,0.383645744812131,0.3433754339258289
Gyeongjeon + Janghang + Jungang + Honam,4,True,0.6895128495590724,0.5569119032713312,0.13260094628774122,1.1129376574882657,0.13286760269684628,0.31048715044092756,0.30722130224251926
Gyeongjeon + Janghang + Chungbuk + Taebaek,4,True,0.660253690528145,0.6753420010053992,-0.01508831047725423,-0.13219397389143195,0.552584566285018,0.339746309471855,0.31750899971036706
Gyeongjeon + Janghang + Chungbuk + Honam,4,True,0.7334122848993485,0.7070194548210018,0.026392830078346696,0.2444370815253846,0.40344616284744195,0.2665877151006515,0.28135486802705745
Gyeongjeon + Janghang + Taebaek + Honam,4,True,0.8396221482689844,0.8134912357538644,0.02613091251512001,0.29216908081661597,0.3850786753355203,0.1603778517310156,0.124948294782165
Gyeongjeon + Jeolla + Jungang + Chungbuk,4,True,0.36378761457925995,0.33930208135054274,0.024485533228717216,0.21796566829486003,0.4137279305147983,0.63621238542074,0.5479630308739851
Gyeongjeon + Jeolla + Jungang + Taebaek,4,True,0.4699974779488959,0.4457738622834051,0.024223615665490805,0.20335985675257856,0.4194268869307295,0.5300025220511041,0.39155645762909275
Gyeongjeon + Jeolla + Jungang + Honam,4,True,0.5431560723200993,0.47745131609900776,0.06570475622109156,0.526266328299054,0.2993515873422895,0.4568439276799007,0.35540232594578314
Gyeongjeon + Jeolla + Chungbuk + Taebaek,4,True,0.5138969132891719,0.5958814138330758,-0.08198450054390394,-0.6665222361999601,0.7474613222073947,0.48610308671082814,0.3656900234136309
Gyeongjeon + Jeolla + Chungbuk + Honam,4,True,0.5870555076603753,0.6275588676486785,-0.040503359988303234,-0.33674539591627506,0.6318455805300132,0.4129444923396247,0.3295358917303213
Gyeongjeon + Jeolla + Taebaek + Honam,4,True,0.6932653710300113,0.7340306485815408,-0.04076527755152948,-0.3564146426557889,0.6392349674081195,0.3067346289699887,0.17312931848542887
Gyeongjeon + Jungang + Chungbuk + Taebaek,4,True,0.44975616490683534,0.432282328237464,0.017473836669371356,0.1328668723093648,0.4471493333177404,0.5502438350931647,0.49964626788176614
Gyeongjeon + Jungang + Chungbuk + Honam,4,True,0.5229147592780389,0.46395978205306676,0.058954977224972116,0.4637196793778913,0.3214242979498172,0.4770852407219611,0.46349213619845653
Gyeongjeon + Jungang + Taebaek + Honam,4,True,0.6291246226476747,0.5704315629859291,0.05869305966174554,0.4720754020350486,0.3184364846183837,0.37087537735232534,0.30708556295356404
Gyeongjeon + Chungbuk + Taebaek + Honam,4,True,0.673024057987951,0.7205391145355998,-0.04751505654764887,-0.4185733879281886,0.6622360290472239,0.32697594201204905,0.2812191287381023
Daegu + Yeongdong + Janghang + Jeolla,4,False,0.754760462371166,0.7464833197844413,0.00827714258672474,0.07206853038276831,0.47127368509914247,0.245239537628834,0.15668671009020524
Daegu + Yeongdong + Janghang + Jungang,4,True,0.6906197139888295,0.5828842341888297,0.10773547979999976,0.8746435855250246,0.19088393231121925,0.3093802860111705,0.29064295455834044
Daegu + Yeongdong + Janghang + Chungbuk,4,False,0.7345191493291057,0.7329917857385003,0.0015273635906053462,0.014644293740420396,0.4941579808697736,0.26548085067089433,0.26477652034287863
Daegu + Yeongdong + Janghang + Taebaek,4,True,0.8407290126987415,0.8394635666713628,0.0012654460273786583,0.015502981471538954,0.4938154529545643,0.15927098730125855,0.1083699470979862
Daegu + Yeongdong + Janghang + Honam,4,False,0.913887607069945,0.8711410204869653,0.042746586582979695,0.5479884044899487,0.29184993240762946,0.08611239293005502,0.07221581541467656
Daegu + Yeongdong + Jeolla + Jungang,4,True,0.5442629367498563,0.5034236470165062,0.04083928973335005,0.32934475866997404,0.370947558425224,0.45573706325014374,0.3388239782616043
Daegu + Yeongdong + Jeolla + Chungbuk,4,False,0.5881623720901322,0.6535311985661767,-0.06536882647604447,-0.5847139425497586,0.7206299612471563,0.4118376279098678,0.3129575440461425
Daegu + Yeongdong + Jeolla + Taebaek,4,True,0.6943722354597682,0.7600029794990393,-0.06563074403927105,-0.6387480948824128,0.7385065902310761,0.30562776454023177,0.15655097080125008
Daegu + Yeongdong + Jeolla + Honam,4,False,0.7675308298309718,0.7916804333146419,-0.024149603483670123,-0.23361846518065665,0.5923594043773972,0.23246917016902824,0.12039683911794044
Daegu + Yeongdong + Jungang + Chungbuk,4,True,0.5240216237077957,0.4899321129705652,0.03408951073723049,0.253539740239565,0.39992557790981076,0.4759783762922043,0.4469137885142777
Daegu + Yeongdong + Jungang + Taebaek,4,True,0.6302314870774317,0.5964038939034275,0.03382759317400419,0.2608560919019149,0.39710174317319,0.3697685129225683,0.2905072152693853
Daegu + Yeongdong + Jungang + Honam,4,False,0.7033900814486352,0.6280813477190303,0.0753087337296049,0.5867168964671484,0.2786969289913107,0.29660991855136476,0.25435308358607567
Daegu + Yeongdong + Chungbuk + Taebaek,4,True,0.6741309224177078,0.7465114454530981,-0.07238052303539033,-0.6477149155463798,0.7414153223559332,0.3258690775822922,0.26464078105392347
Daegu + Yeongdong + Chungbuk + Honam,4,False,0.7472895167889113,0.7781888992687008,-0.030899382479789517,-0.3076973131102453,0.6208436677841346,0.2527104832110887,0.22848664937061383
Daegu + Yeongdong + Taebaek + Honam,4,False,0.8534993801585471,0.8846606802015633,-0.031161300043016205,-0.40676637631690155,0.6579102078655286,0.1465006198414529,0.07208007612572141
Daegu + Janghang + Jeolla + Jungang,4,True,0.5840980515048819,0.4683818378660312,0.1157162136388507,0.9349573837663651,0.1749051311264993,0.4159019484951181,0.3635572966431339
Daegu + Janghang + Jeolla + Chungbuk,4,False,0.6279974868451581,0.618489389415702,0.00950809742945613,0.07732104621006532,0.469184074285659,0.3720025131548419,0.33769086242767216
Daegu + Janghang + Jeolla + Taebaek,4,True,0.7342073502147939,0.7249611703485642,0.009246179866229665,0.0811196954145928,0.46767338131458125,0.2657926497852061,0.1812842891827797
Daegu + Janghang + Jeolla + Honam,4,False,0.8073659445859973,0.7566386241641672,0.05072732042183015,0.43390433730132927,0.3321789550000488,0.1926340554140027,0.14513015749947006
Daegu + Janghang + Jungang + Chungbuk,4,True,0.5638567384628215,0.4548903038200903,0.10896643464273115,0.8690967112019548,0.19239711771165746,0.43614326153717853,0.47164710689580736
Daegu + Janghang + Jungang + Taebaek,4,True,0.6700666018324574,0.5613620847529527,0.10870451707950468,0.9099838231132629,0.1814155205747856,0.32993339816754264,0.31524053365091487
Daegu + Janghang + Jungang + Honam,4,False,0.7432251962036608,0.5930395385685554,0.15018565763510539,1.248249619273762,0.1059698289511859,0.2567748037963392,0.27908640196760526
Daegu + Janghang + Chungbuk + Taebaek,4,True,0.7139660371727334,0.7114696363026234,0.0024964008701100493,0.02222009321178327,0.49113619474087766,0.28603396282726656,0.2893740994354531
Daegu + Janghang + Chungbuk + Honam,4,False,0.787124631543937,0.7431470901182259,0.043977541425711086,0.42382944162364244,0.33584510243018184,0.21287536845606303,0.2532199677521435
Daegu + Janghang + Taebaek + Honam,4,False,0.8933344949135729,0.8496188710510882,0.04371562386248462,0.5480578751975481,0.29182608198407944,0.10666550508642714,0.09681339450725104
Daegu + Jeolla + Jungang + Chungbuk,4,True,0.41749996122384825,0.3754297166477668,0.04207024457608144,0.36418578620614767,0.35785964011951377,0.5825000387761518,0.5198281305990713
Daegu + Jeolla + Jungang + Taebaek,4,True,0.5237098245934841,0.48190149758062906,0.041808327012855084,0.35123209832726776,0.3627071156101819,0.47629017540651586,0.3634215573541788
Daegu + Jeolla + Jungang + Honam,4,True,0.5968684189646877,0.5135789513962318,0.0832894675684559,0.6782224124077354,0.2488153420463488,0.4031315810353123,0.32726742567086914
Daegu + Jeolla + Chungbuk + Taebaek,4,True,0.5676092599337601,0.6320090491302996,-0.06439978919653955,-0.5454962204832109,0.7072938603748457,0.4323907400662399,0.33755512313871705
Daegu + Jeolla + Chungbuk + Honam,4,False,0.6407678543049635,0.6636865029459024,-0.022918648640938843,-0.20266837615904798,0.5803028788211876,0.3592321456950365,0.3014009914554074
Daegu + Jeolla + Taebaek + Honam,4,True,0.7469777176745996,0.7701582838787648,-0.0231805662041652,-0.22453609175044445,0.5888299067000102,0.25302228232540036,0.1449944182105149
Daegu + Jungang + Chungbuk + Taebaek,4,True,0.5034685115514236,0.4684099635346881,0.03505854801673547,0.2555980418967586,0.39913061526566684,0.4965314884485764,0.4715113676068522
Daegu + Jungang + Chungbuk + Honam,4,False,0.5766271059226272,0.5000874173502908,0.0765396885723364,0.5837039026545777,0.27970977056392254,0.4233728940773728,0.4353572359235426
Daegu + Jungang + Taebaek + Honam,4,False,0.682836969292263,0.6065591982831533,0.07627777100910971,0.6079096296052872,0.27162370625171006,0.317163030707737,0.2789506626786501
Daegu + Chungbuk + Taebaek + Honam,4,False,0.7267364046325391,0.7566667498328238,-0.029930345200284703,-0.27322731060991795,0.6076607562165104,0.2732635953674609,0.25308422846318834
Yeongdong + Janghang + Jeolla + Jungang,4,True,0.52460472242605,0.4398545060820311,0.08475021634401897,0.686666219794659,0.2461465443329055,0.47539527757394995,0.3725632912364649
Yeongdong + Janghang + Jeolla + Chungbuk,4,True,0.568504157766326,0.5899620576317018,-0.02145789986537583,-0.1728753458478936,0.5686252944901622,0.431495842233674,0.34669685702100306
Yeongdong + Janghang + Jeolla + Taebaek,4,True,0.6747140211359621,0.6964338385645642,-0.021719817428602073,-0.18484783602275567,0.573325806699992,0.3252859788640379,0.19029028377611068
Yeongdong + Janghang + Jeolla + Honam,4,True,0.7478726155071657,0.7281112923801668,0.019761323126998853,0.16522045068740154,0.43438523457512423,0.25212738449283434,0.15413615209280104
Yeongdong + Janghang + Jungang + Chungbuk,4,True,0.5043634093839896,0.4263629720360901,0.07800043734789952,0.6182175952713244,0.2682159565257898,0.4956365906160104,0.4806531014891383
Yeongdong + Janghang + Jungang + Taebaek,4,True,0.6105732727536254,0.5328347529689523,0.07773851978467305,0.6347653321850952,0.26279073838725875,0.3894267272463746,0.32424652824424594
Yeongdong + Janghang + Jungang + Honam,4,False,0.6837318671248289,0.5645122067845552,0.11921966034027376,0.9725265543979956,0.16539433048621865,0.3162681328751711,0.28809239656093627
Yeongdong + Janghang + Chungbuk + Taebaek,4,True,0.6544727080939017,0.682942304518623,-0.028469596424721355,-0.2430481398592911,0.5960159474604544,0.3455272919060983,0.29838009402878407
Yeongdong + Janghang + Chungbuk + Honam,4,False,0.7276313024651051,0.7146197583342259,0.013011544130879238,0.12035174109097006,0.4521022592366648,0.2723686975348949,0.2622259623454744
Yeongdong + Janghang + Taebaek + Honam,4,False,0.8338411658347411,0.8210915392670882,0.012749626567652883,0.14423662636277568,0.44265680983562794,0.1661588341652589,0.105819389100582
Yeongdong + Jeolla + Jungang + Chungbuk,4,True,0.3580066321450164,0.3469023848637666,0.011104247281249757,0.09688361931142904,0.46140940875017766,0.6419933678549836,0.5288341251924021
Yeongdong + Jeolla + Jungang + Taebaek,4,True,0.46421649551465227,0.4533741657966288,0.010842329718023458,0.09007117312143106,0.4641153283010728,0.5357835044853477,0.37242755194750976
Yeongdong + Jeolla + Jungang + Honam,4,True,0.5373750898858558,0.48505161961223164,0.05232347027362416,0.4240417069221072,0.33576769849047894,0.4626249101141442,0.33627342026420015
Yeongdong + Jeolla + Chungbuk + Taebaek,4,True,0.5081159308549283,0.6034817173462995,-0.09536578649137117,-0.7884717157872446,0.7847895817378077,0.49188406914507166,0.3465611177320479
Yeongdong + Jeolla + Chungbuk + Honam,4,True,0.5812745252261318,0.6351591711619022,-0.05388464593577047,-0.4671909994418352,0.6798183837188351,0.41872547477386823,0.3104069860487383
Yeongdong + Jeolla + Taebaek + Honam,4,True,0.6874843885957679,0.7416309520947648,-0.054146563498996936,-0.5005423754229988,0.6916533869556593,0.3125156114042321,0.15400041280384588
Yeongdong + Jungang + Chungbuk + Taebaek,4,True,0.4439751824725918,0.43988263175068787,0.004092550721903954,0.029368604244115856,0.48828530609121856,0.5560248175274082,0.48051736220018315
Yeongdong + Jungang + Chungbuk + Honam,4,False,0.5171337768437952,0.4715600855662907,0.04557369127750455,0.34330249932561996,0.36568545037775857,0.48286622315620475,0.44436323051687354
Yeongdong + Jungang + Taebaek + Honam,4,False,0.6233436402134311,0.578031866499153,0.04531177371427819,0.35061415105623056,0.3629389193500936,0.37665635978656886,0.28795665727198105
Yeongdong + Chungbuk + Taebaek + Honam,4,False,0.6672430755537073,0.7281394180488235,-0.06089634249511622,-0.5274889192410394,0.7010729453495412,0.3327569244462927,0.2620902230565193
Janghang + Jeolla + Jungang + Chungbuk,4,True,0.39784174690004215,0.31186057571329173,0.08598117118675042,0.7659163470560891,0.2218630392509382,0.6021582530999579,0.5535674435739318
Janghang + Jeolla + Jungang + Taebaek,4,True,0.5040516102696779,0.418332356646154,0.08571925362352395,0.7305542062804101,0.23252574593805142,0.49594838973032207,0.39716087032903935
Janghang + Jeolla + Jungang + Honam,4,True,0.5772102046408815,0.45000981046175664,0.12720039417912482,1.036849686016585,0.149902957752011,0.42278979535911854,0.36100673864572974
Janghang + Jeolla + Chungbuk + Taebaek,4,True,0.547951045609954,0.5684399081958247,-0.020488862585870682,-0.15908446948183422,0.5631988380242532,0.452048954390046,0.3712944361135776
Janghang + Jeolla + Chungbuk + Honam,4,True,0.6211096399811575,0.6001173620114275,0.020992277969730022,0.16695966470258636,0.433700893141292,0.37889036001884246,0.33514030443026793
Janghang + Jeolla + Taebaek + Honam,4,True,0.7273195033507934,0.7065891429442898,0.020730360406503667,0.17508174769850507,0.43050769998553073,0.27268049664920657,0.1787337311853755
Janghang + Jungang + Chungbuk + Taebaek,4,True,0.4838102972276175,0.4048408226002129,0.07896947462740456,0.6167191420127599,0.26870999653780636,0.5161897027723825,0.5052506805817127
Janghang + Jungang + Chungbuk + Honam,4,False,0.5569688915988209,0.43651827641581575,0.12045061518300515,0.978669778185669,0.16387158468833252,0.4430311084011791,0.46909654889840313
Janghang + Jungang + Taebaek + Honam,4,False,0.6631787549684567,0.5429900573486781,0.12018869761977857,1.0143965794313774,0.15519677791973807,0.3368212450315433,0.31268997565351075
Janghang + Chungbuk + Taebaek + Honam,4,False,0.707078190308733,0.6930976088983487,0.013980581410384274,0.12102051014682177,0.45183739492311714,0.292921809691267,0.2868235414380489
Jeolla + Jungang + Chungbuk + Taebaek,4,True,0.3374535199886443,0.3253802354278895,0.012073284560754793,0.10465462902348546,0.4583249324874574,0.6625464800113556,0.5534317042849767
Jeolla + Jungang + Chungbuk + Honam,4,True,0.4106121143598478,0.35705768924349224,0.05355442511635555,0.4739829164432589,0.3177560448053647,0.5893878856401522,0.5172775726016671
Jeolla + Jungang + Taebaek + Honam,4,True,0.5168219777294837,0.4635294701763545,0.0532925075531292,0.4515181521494708,0.3258080726334216,0.4831780222705163,0.3608709993567746
Jeolla + Chungbuk + Taebaek + Honam,4,True,0.5607214130697598,0.6136370217260253,-0.052915608656265545,-0.4371151872267583,0.668986093152198,0.43927858693024024,0.3350045651413128
Jungang + Chungbuk + Taebaek + Honam,4,False,0.4965806646874232,0.45003793613041354,0.04654272855700964,0.3443241784847184,0.36530125146917913,0.5034193353125769,0.46896080960944797
Gyeongbu + Gyeongjeon + Daegu + Yeongdong + Janghang,5,True,0.6694525775412103,0.6975894118239563,-0.028136834282745937,-0.2516725687430717,0.5993529191940933,0.33054742245878965,0.44111358725145544
Gyeongbu + Gyeongjeon + Daegu + Yeongdong + Jeolla,5,True,0.5230958003022371,0.6181288246516327,-0.09503302434939553,-0.7594357024310346,0.7762040184293979,0.4769041996977629,0.4892946109547194
Gyeongbu + Gyeongjeon + Daegu + Yeongdong + Jungang,5,True,0.45895505191990066,0.45452973905602106,0.0044253128638795936,0.03414926705263121,0.4863790609733759,0.5410449480800994,0.6232508554228545
Gyeongbu + Gyeongjeon + Daegu + Yeongdong + Chungbuk,5,True,0.5028544872601767,0.6046372906056917,-0.10178280334551504,-0.8810467289881736,0.8108537358040431,0.4971455127398233,0.5973844212073928
Gyeongbu + Gyeongjeon + Daegu + Yeongdong + Taebaek,5,True,0.6090643506298126,0.7111090715385541,-0.1020447209087415,-0.9419506478756069,0.8268910461466685,0.39093564937018743,0.4409778479625003
Gyeongbu + Gyeongjeon + Daegu + Yeongdong + Honam,5,True,0.6822229450010162,0.7427865253541567,-0.06056358035314047,-0.5552633536304703,0.7106427295517517,0.3177770549989838,0.40482371627919067
Gyeongbu + Gyeongjeon + Daegu + Janghang + Jeolla,5,True,0.5629309150572629,0.5830870155011578,-0.02015610044389493,-0.14689419308663101,0.5583922322760189,0.4370690849427371,0.514027929336249
Gyeongbu + Gyeongjeon + Daegu + Janghang + Jungang,5,True,0.49879016667492626,0.4194879299055461,0.07930223676938014,0.6479174340235708,0.258519177018357,0.5012098333250737,0.6479841738043841
Gyeongbu + Gyeongjeon + Daegu + Janghang + Chungbuk,5,True,0.5426896020152023,0.5695954814552169,-0.026905879440014546,-0.22566920210054114,0.5892706433219381,0.45731039798479767,0.6221177395889224
Gyeongbu + Gyeongjeon + Daegu + Janghang + Taebaek,5,True,0.6488994653848383,0.6760672623880792,-0.0271677970032409,-0.24380934212859795,0.5963107576679152,0.35110053461516166,0.46571116634403
Gyeongbu + Gyeongjeon + Daegu + Janghang + Honam,5,True,0.7220580597560419,0.707744716203682,0.014313343552359914,0.1249384492747546,0.4502861393603096,0.27794194024395813,0.4295570346607203
Gyeongbu + Gyeongjeon + Daegu + Jeolla + Jungang,5,True,0.3524333894359531,0.34002734273322266,0.012406046702730433,0.10431167034849524,0.45846100841987003,0.647566610564047,0.6961651975076479
Gyeongbu + Gyeongjeon + Daegu + Jeolla + Chungbuk,5,True,0.3963328247762291,0.4901348942828935,-0.09380206950666437,-0.7711574632850428,0.7796931981842228,0.6036671752237709,0.6702987632921862
Gyeongbu + Gyeongjeon + Daegu + Jeolla + Taebaek,5,True,0.502542688145865,0.5966066752157558,-0.09406398706989083,-0.761168960408584,0.776721922346515,0.497457311854135,0.5138921900472938
Gyeongbu + Gyeongjeon + Daegu + Jeolla + Honam,5,True,0.5757012825170685,0.6282841290313583,-0.052582846514289794,-0.4070716916324598,0.658022332939212,0.42429871748293146,0.4777380583639842
Gyeongbu + Gyeongjeon + Daegu + Jungang + Chungbuk,5,True,0.33219207639389253,0.32653580868728166,0.0056562677066108735,0.04689779555794012,0.4812973425263515,0.6678079236061074,0.8042550077603214
Gyeongbu + Gyeongjeon + Daegu + Jungang + Taebaek,5,True,0.43840193976352854,0.433007589620144,0.005394350143384519,0.04304894754308991,0.48283125774818547,0.5615980602364714,0.647848434515429
Gyeongbu + Gyeongjeon + Daegu + Jungang + Honam,5,True,0.5115605341347321,0.4646850434357467,0.046875490698985445,0.36331771012648384,0.3581837825866747,0.4884394658652679,0.6116943028321193
Gyeongbu + Gyeongjeon + Daegu + Chungbuk + Taebaek,5,True,0.4823013751038045,0.5831151411698146,-0.10081376606601006,-0.8258531925411856,0.7955563122317255,0.5176986248961954,0.6219820002999672
Gyeongbu + Gyeongjeon + Daegu + Chungbuk + Honam,5,True,0.555459969475008,0.6147925949854174,-0.05933262551040941,-0.5053594853665033,0.6933468152941759,0.444540030524992,0.5858278686166576
Gyeongbu + Gyeongjeon + Daegu + Taebaek + Honam,5,True,0.661669832844644,0.7212643759182795,-0.05959454307363554,-0.5443519943241143,0.7069003631045107,0.338330167155356,0.4294212953717652
Gyeongbu + Gyeongjeon + Yeongdong + Janghang + Jeolla,5,True,0.503437585978431,0.5545596837171578,-0.05112209773872678,-0.37747267869134643,0.6470888177398794,0.496562414021569,0.5230339239295799
Gyeongbu + Gyeongjeon + Yeongdong + Janghang + Jungang,5,True,0.4392968375960944,0.3909605981215461,0.04833623947454829,0.4026848755159784,0.3435900308428822,0.5607031624039056,0.6569901683977152
Gyeongbu + Gyeongjeon + Yeongdong + Janghang + Chungbuk,5,True,0.48319627293637046,0.5410681496712166,-0.05787187673484617,-0.4888800435293687,0.6875366874638642,0.5168037270636295,0.6311237341822533
Gyeongbu + Gyeongjeon + Yeongdong + Janghang + Taebaek,5,True,0.5894061363060064,0.647539930604079,-0.05813379429807264,-0.5149627323325513,0.6967104687211539,0.41059386369399364,0.4747171609373608
Gyeongbu + Gyeongjeon + Yeongdong + Janghang + Honam,5,True,0.6625647306772099,0.6792173844196816,-0.016652653742471712,-0.14453177379988272,0.5574597160080927,0.3374352693227901,0.4385630292540512
Gyeongbu + Gyeongjeon + Yeongdong + Jeolla + Jungang,5,True,0.2929400603571211,0.3115000109492225,-0.01855995059210136,-0.16175479501811413,0.5642505237572637,0.7070599396428789,0.705171192100979
Gyeongbu + Gyeongjeon + Yeongdong + Jeolla + Chungbuk,5,True,0.33683949569739724,0.4616075624988932,-0.12476806680149594,-1.0475240724518917,0.8525710321958617,0.6631605043026028,0.6793047578855171
Gyeongbu + Gyeongjeon + Yeongdong + Jeolla + Taebaek,5,True,0.4430493590670332,0.5680793434317555,-0.1250299843647223,-1.0144017283316524,0.8448044500249645,0.5569506409329668,0.5228981846406248
Gyeongbu + Gyeongjeon + Yeongdong + Jeolla + Honam,5,True,0.5162079534382367,0.5997567972473582,-0.08354884380912153,-0.6518276985591764,0.7427438344839205,0.48379204656176333,0.48674405295731515
Gyeongbu + Gyeongjeon + Yeongdong + Jungang + Chungbuk,5,True,0.27269874731506066,0.2980084769032815,-0.025309729588220864,-0.21505457010053425,0.5851376135193908,0.7273012526849394,0.8132610023536524
Gyeongbu + Gyeongjeon + Yeongdong + Jungang + Taebaek,5,True,0.3789086106846966,0.4044802578361438,-0.025571647151447163,-0.20515962923632614,0.5812762951433579,0.6210913893153034,0.65685442910876
Gyeongbu + Gyeongjeon + Yeongdong + Jungang + Honam,5,True,0.45206720505590015,0.4361577116517465,0.015909493404153652,0.12459974371098011,0.4504202156528043,0.5479327949440999,0.6207002974254504
Gyeongbu + Gyeongjeon + Yeongdong + Chungbuk + Taebaek,5,True,0.42280804602497263,0.5545878093858144,-0.1317797633608418,-1.0722065942881776,0.8581863754015684,0.5771919539750274,0.6309879948932982
Gyeongbu + Gyeongjeon + Yeongdong + Chungbuk + Honam,5,True,0.4959666403961762,0.5862652632014171,-0.09029862280524092,-0.7683496509831209,0.7788602578746299,0.5040333596038238,0.5948338632099885
Gyeongbu + Gyeongjeon + Yeongdong + Taebaek + Honam,5,True,0.6021765037658121,0.6927370441342794,-0.09056054036846728,-0.8086392402267428,0.7906386566296857,0.3978234962341879,0.43842728996509606
Gyeongbu + Gyeongjeon + Janghang + Jeolla + Jungang,5,True,0.33277517511214694,0.27645820179874764,0.0563169733133993,0.4906014093899772,0.31185419469825704,0.6672248248878531,0.7299045104825086
Gyeongbu + Gyeongjeon + Janghang + Jeolla + Chungbuk,5,True,0.37667461045242295,0.4265657533484183,-0.04989114289599533,-0.38401104207820186,0.6495148682948607,0.623325389547577,0.7040380762670468
Gyeongbu + Gyeongjeon + Janghang + Jeolla + Taebaek,5,True,0.4828844738220589,0.5330375342812806,-0.05015306045922174,-0.3770142048912618,0.6469184757196734,0.5171155261779411,0.5476315030221544
Gyeongbu + Gyeongjeon + Janghang + Jeolla + Honam,5,True,0.5560430681932623,0.5647149880968833,-0.008671919903620928,-0.06213119998954875,0.5247708245056919,0.4439569318067377,0.5114773713388447
Gyeongbu + Gyeongjeon + Janghang + Jungang + Chungbuk,5,True,0.3125338620700864,0.2629666677528066,0.049567194317279795,0.4609616276197647,0.3224130678073739,0.6874661379299136,0.8379943207351821
Gyeongbu + Gyeongjeon + Janghang + Jungang + Taebaek,5,True,0.4187437254397223,0.3694384486856689,0.04930527675405344,0.4314556976250799,0.3330685294303253,0.5812562745602776,0.6815877474902896
Gyeongbu + Gyeongjeon + Janghang + Jungang + Honam,5,True,0.49190231981092575,0.4011159025012716,0.09078641730965414,0.7572329010296824,0.22445517111528124,0.5080976801890742,0.64543361580698
Gyeongbu + Gyeongjeon + Janghang + Chungbuk + Taebaek,5,True,0.46264316077999834,0.5195460002353396,-0.05690283945534125,-0.45987705893956937,0.6771977661491588,0.5373568392200017,0.6557213132748277
Gyeongbu + Gyeongjeon + Janghang + Chungbuk + Honam,5,True,0.5358017551512019,0.5512234540509423,-0.015421698899740433,-0.12778994178596964,0.5508423949539824,0.4641982448487981,0.6195671815915181
Gyeongbu + Gyeongjeon + Janghang + Taebaek + Honam,5,True,0.6420116185208378,0.6576952349838047,-0.0156836164629669,-0.13699891563867062,0.554484173887358,0.35798838147916223,0.46316060834662576
Gyeongbu + Gyeongjeon + Jeolla + Jungang + Chungbuk,5,True,0.16617708483111318,0.18350608058048315,-0.01732899574936997,-0.19696391432191918,0.5780721116122539,0.8338229151688868,0.8861753444384459
Gyeongbu + Gyeongjeon + Jeolla + Jungang + Taebaek,5,True,0.2723869482007491,0.28997786151334537,-0.017590913312596268,-0.16395664275216867,0.5651173620480108,0.727613051799251,0.7297687711935534
Gyeongbu + Gyeongjeon + Jeolla + Jungang + Honam,5,True,0.34554554257195264,0.3216553153289481,0.023890227243004547,0.20536805783451934,0.4186422872644293,0.6544544574280473,0.6936146395102438
Gyeongbu + Gyeongjeon + Jeolla + Chungbuk + Taebaek,5,True,0.3162863835410251,0.44008541306301613,-0.12379902952199101,-1.0048438225742389,0.84251397070413,0.6837136164589749,0.7039023369780917
Gyeongbu + Gyeongjeon + Jeolla + Chungbuk + Honam,5,True,0.38944497791222865,0.47176286687861885,-0.0823178889663902,-0.6690441514307457,0.7482663429361185,0.6105550220877713,0.6677482052947821
Gyeongbu + Gyeongjeon + Jeolla + Taebaek + Honam,5,True,0.4956548412818646,0.5782346478114812,-0.08257980652961655,-0.6537818684510757,0.7433738252153921,0.5043451587181353,0.5113416320498896
Gyeongbu + Gyeongjeon + Jungang + Chungbuk + Taebaek,5,True,0.2521456351586886,0.2764863274674044,-0.024340692308715828,-0.20469813713414584,0.5810960120285761,0.7478543648413114,0.8378585814462269
Gyeongbu + Gyeongjeon + Jungang + Chungbuk + Honam,5,True,0.325304229529892,0.3081637812830071,0.017140448246884932,0.14681941676757085,0.44163727920134144,0.674695770470108,0.8017044497629173
Gyeongbu + Gyeongjeon + Jungang + Taebaek + Honam,5,True,0.431514092899528,0.4146355622158695,0.01687853068365852,0.1372407479215707,0.4454202517146947,0.568485907100472,0.6452978765180248
Gyeongbu + Gyeongjeon + Chungbuk + Taebaek + Honam,5,True,0.4754135282398041,0.5647431137655401,-0.089329585525736,-0.7226578795697536,0.7650549504197008,0.5245864717601959,0.619431442302563
Gyeongbu + Daegu + Yeongdong + Janghang + Jeolla,5,True,0.5571499326230194,0.5906873190143818,-0.03353738639136239,-0.25723826652989223,0.6015025773778696,0.4428500673769806,0.494899023654666
Gyeongbu + Daegu + Yeongdong + Janghang + Jungang,5,True,0.49300918424068274,0.42708823341876995,0.0659209508219128,0.5248702572811048,0.29983669340222496,0.5069908157593173,0.6288552681228011
Gyeongbu + Daegu + Yeongdong + Janghang + Chungbuk,5,True,0.5369086195809587,0.5771957849684407,-0.040287165387482005,-0.3380079978629609,0.6323214196423812,0.4630913804190413,0.6029888339073394
Gyeongbu + Daegu + Yeongdong + Janghang + Taebaek,5,True,0.6431184829505947,0.6836675659013031,-0.04054908295070836,-0.3672298624555263,0.6432762169743194,0.3568815170494053,0.446582260662447
Gyeongbu + Daegu + Yeongdong + Janghang + Honam,5,False,0.7162770773217983,0.7153450197169057,0.0009320576048926776,0.008425721122505106,0.4966386633731783,0.28372292267820165,0.41042812897913733
Gyeongbu + Daegu + Yeongdong + Jeolla + Jungang,5,True,0.34665240700170946,0.34762764624644643,-0.0009752392447369695,-0.008318666638274097,0.5033186295635486,0.6533475929982906,0.6770362918260651
Gyeongbu + Daegu + Yeongdong + Jeolla + Chungbuk,5,True,0.39055184234198553,0.49773519779611713,-0.1071833554541316,-0.9193357891552798,0.8210400181670274,0.6094481576580144,0.6511698576106033
Gyeongbu + Daegu + Yeongdong + Jeolla + Taebaek,5,True,0.49676170571162154,0.6042069787289794,-0.1074452730173579,-0.9128863559480204,0.8193488429335354,0.5032382942883784,0.4947632843657108
Gyeongbu + Daegu + Yeongdong + Jeolla + Honam,5,True,0.5699203000828251,0.6358844325445822,-0.06596413246175703,-0.545853658239537,0.7074167322481668,0.4300796999171749,0.4586091526824012
Gyeongbu + Daegu + Yeongdong + Jungang + Chungbuk,5,True,0.32641109395964907,0.33413611220050554,-0.007725018240856474,-0.06113461055245918,0.524373997272573,0.6735889060403509,0.7851261020787383
Gyeongbu + Daegu + Yeongdong + Jungang + Taebaek,5,True,0.43262095732928496,0.4406078931333678,-0.007986935804082829,-0.06142523949138564,0.5244897239495921,0.567379042670715,0.628719528833846
Gyeongbu + Daegu + Yeongdong + Jungang + Honam,5,False,0.5057795517004884,0.4722853469489705,0.033494204751517875,0.2554798746775726,0.3991762428347827,0.4942204482995116,0.5925653971505364
Gyeongbu + Daegu + Yeongdong + Chungbuk + Taebaek,5,True,0.4765203926695609,0.5907154446830385,-0.11419505201347757,-0.923076579226967,0.8220163505442271,0.5234796073304391,0.6028530946183842
Gyeongbu + Daegu + Yeongdong + Chungbuk + Honam,5,False,0.5496789870407646,0.6223928984986412,-0.07271391145787665,-0.625269949078396,0.7341030502285721,0.45032101295923543,0.5666989629350746
Gyeongbu + Daegu + Yeongdong + Taebaek + Honam,5,False,0.6558888504104006,0.7288646794315035,-0.07297582902110289,-0.6802278086874024,0.7518198865745869,0.34411114958959943,0.4102923896901822
Gyeongbu + Daegu + Janghang + Jeolla + Jungang,5,True,0.3864875217567353,0.3125858370959716,0.07390168466076369,0.6280520987447301,0.26498490560168964,0.6135124782432647,0.7017696102075947
Gyeongbu + Daegu + Janghang + Jeolla + Chungbuk,5,True,0.43038695709701125,0.4626933886456423,-0.032306431548631054,-0.25245762090257845,0.599656316503137,0.5696130429029888,0.6759031759921329
Gyeongbu + Daegu + Janghang + Jeolla + Taebaek,5,True,0.5365968204666473,0.5691651695785046,-0.03256834911185735,-0.25394884073242147,0.6002324590940825,0.46340317953335275,0.5194966027472404
Gyeongbu + Daegu + Janghang + Jeolla + Honam,5,True,0.6097554148378508,0.6008426233941073,0.008912791443743462,0.06690634285969806,0.47332813174197874,0.3902445851621492,0.4833424710639308
Gyeongbu + Daegu + Janghang + Jungang + Chungbuk,5,True,0.3662462087146747,0.2990943030500306,0.06715190566464413,0.5722780499951109,0.2835668089253406,0.6337537912853253,0.809859420460268
Gyeongbu + Daegu + Janghang + Jungang + Taebaek,5,True,0.4724560720843107,0.4055660839828929,0.06688998810141777,0.5550991555513016,0.28941342017709726,0.5275439279156893,0.6534528472153756
Gyeongbu + Daegu + Janghang + Jungang + Honam,5,False,0.5456146664555142,0.4372435377984955,0.10837112865701864,0.8747310122672871,0.19086014092140535,0.45438533354448585,0.617298715532066
Gyeongbu + Daegu + Janghang + Chungbuk + Taebaek,5,True,0.5163555074245867,0.5556736355325637,-0.03931812810797697,-0.3148042287501703,0.6235448496051754,0.4836444925754133,0.6275864129999138
Gyeongbu + Daegu + Janghang + Chungbuk + Honam,5,False,0.5895141017957901,0.5873510893481664,0.0021630124476237356,0.01804639291229324,0.49280092161740263,0.4104858982042099,0.5914322813166042
Gyeongbu + Daegu + Janghang + Taebaek + Honam,5,False,0.6957239651654262,0.6938228702810287,0.0019010948843974917,0.017237830081586584,0.49312344131306685,0.30427603483457377,0.4350257080717118
Gyeongbu + Daegu + Jeolla + Jungang + Chungbuk,5,True,0.21988943147570156,0.21963371587770714,0.00025571559799442145,0.002671875210110782,0.4989340772789862,0.7801105685242984,0.8580404441635319
Gyeongbu + Daegu + Jeolla + Jungang + Taebaek,5,True,0.32609929484533745,0.3261054968105694,-6.201965231933393e-06,-5.618373797345828e-05,0.5000224140685368,0.6739007051546626,0.7016338709186395
Gyeongbu + Daegu + Jeolla + Jungang + Honam,5,True,0.39925788921654093,0.35778295062617205,0.04147493859036888,0.35408607390789415,0.3616371891503998,0.6007421107834591,0.6654797392353299
Gyeongbu + Daegu + Jeolla + Chungbuk + Taebaek,5,True,0.3699987301856134,0.47621304836024014,-0.10621431817462673,-0.8766200388125657,0.8096534743772672,0.6300012698143866,0.6757674367031777
Gyeongbu + Daegu + Jeolla + Chungbuk + Honam,5,True,0.44315732455681695,0.5078905021758429,-0.06473317761902592,-0.5441192369308296,0.706820288244832,0.556842675443183,0.6396133050198681
Gyeongbu + Daegu + Jeolla + Taebaek + Honam,5,True,0.5493671879264529,0.6143622831087051,-0.06499509518225222,-0.5449530436226925,0.7071070934430755,0.4506328120735471,0.48320673177497564
Gyeongbu + Daegu + Jungang + Chungbuk + Taebaek,5,True,0.305857981803277,0.3126139627646284,-0.006755980961351382,-0.052833563039178674,0.5210677403012034,0.694142018196723,0.8097236811713129
Gyeongbu + Daegu + Jungang + Chungbuk + Honam,5,False,0.3790165761744804,0.34429141658023116,0.034725159594249266,0.2802359822972643,0.38964823114160796,0.6209834238255196,0.7735695494880033
Gyeongbu + Daegu + Jungang + Taebaek + Honam,5,False,0.48522643954411643,0.45076319751309346,0.03446324203102297,0.27156141774005393,0.392979634530198,0.5147735604558836,0.6171629762431108
Gyeongbu + Daegu + Chungbuk + Taebaek + Honam,5,False,0.5291258748843923,0.6008707490627642,-0.07174487417837183,-0.5840842133923619,0.7204181723240839,0.47087412511560767,0.591296542027649
Gyeongbu + Yeongdong + Janghang + Jeolla + Jungang,5,True,0.32699419267790336,0.28405850531197147,0.042935687365931896,0.3805568537205812,0.3517660510333779,0.6730058073220966,0.7107756048009257
Gyeongbu + Yeongdong + Janghang + Jeolla + Chungbuk,5,True,0.3708936280181794,0.4341660568616421,-0.06327242884346274,-0.5061105336895111,0.6936104718928837,0.6291063719818206,0.6849091705854637
Gyeongbu + Yeongdong + Janghang + Jeolla + Taebaek,5,True,0.4771034913878153,0.5406378377945044,-0.06353434640668904,-0.49870623696622834,0.6910068249403886,0.5228965086121846,0.5285025973405714
Gyeongbu + Yeongdong + Janghang + Jeolla + Honam,5,True,0.5502620857590189,0.5723152916101072,-0.022053205851088276,-0.16741708751728,0.566479059487198,0.4497379142409811,0.49234846565726176
Gyeongbu + Yeongdong + Janghang + Jungang + Chungbuk,5,True,0.3067528796358428,0.27056697126603046,0.036185908369812336,0.31815293581886833,0.37518446552648843,0.6932471203641573,0.818865415053599
Gyeongbu + Yeongdong + Janghang + Jungang + Taebaek,5,True,0.4129627430054788,0.3770387521988927,0.03592399080658609,0.30128660590406336,0.38159797681891505,0.5870372569945213,0.6624588418087066
Gyeongbu + Yeongdong + Janghang + Jungang + Honam,5,False,0.4861213373766822,0.4087162060144955,0.07740513136218674,0.6347943981512095,0.26278125864935564,0.5138786626233178,0.626304710125397
Gyeongbu + Yeongdong + Janghang + Chungbuk + Taebaek,5,True,0.4568621783457548,0.5271463037485634,-0.0702841254028086,-0.5615361545539901,0.7127839547098136,0.5431378216542452,0.6365924075932448
Gyeongbu + Yeongdong + Janghang + Chungbuk + Honam,5,False,0.5300207727169584,0.5588237575641661,-0.02880298484720778,-0.24123397140785297,0.5953131085775208,0.46997922728304165,0.6004382759099351
Gyeongbu + Yeongdong + Janghang + Taebaek + Honam,5,False,0.6362306360865942,0.6652955384970284,-0.029064902410434135,-0.2591120380217442,0.6022256015429488,0.36376936391340575,0.44403170266504277
Gyeongbu + Yeongdong + Jeolla + Jungang + Chungbuk,5,True,0.16039610239686966,0.19110638409370698,-0.030710281696837316,-0.3450843933434697,0.6349845370304391,0.8396038976031304,0.8670464387568629
Gyeongbu + Yeongdong + Jeolla + Jungang + Taebaek,5,True,0.2666059657665056,0.29757816502656925,-0.03097219926006367,-0.28913391556479806,0.6137605497167988,0.7333940342334944,0.7106398655119706
Gyeongbu + Yeongdong + Jeolla + Jungang + Honam,5,True,0.339764560137709,0.3292556188421719,0.010508941295537089,0.09276839143585837,0.46304378133620394,0.6602354398622909,0.674485733828661
Gyeongbu + Yeongdong + Jeolla + Chungbuk + Taebaek,5,True,0.3105054011067816,0.4476857165762399,-0.1371803154694583,-1.1455478890866193,0.8740088651774982,0.6894945988932184,0.6847734312965086
Gyeongbu + Yeongdong + Jeolla + Chungbuk + Honam,5,True,0.3836639954779851,0.47936317039184256,-0.09569917491385749,-0.8195161171008046,0.7937539948333694,0.616336004522015,0.648619299613199
Gyeongbu + Yeongdong + Jeolla + Taebaek + Honam,5,True,0.4898738588476211,0.585834951324705,-0.0959610924770839,-0.8042420066688833,0.789371388440097,0.510126141152379,0.4922127263683066
Gyeongbu + Yeongdong + Jungang + Chungbuk + Taebaek,5,True,0.24636465272444505,0.28408663098062825,-0.0377219782561832,-0.298921221384597,0.6174999226653255,0.7536353472755549,0.8187296757646438
Gyeongbu + Yeongdong + Jungang + Chungbuk + Honam,5,False,0.31952324709564855,0.31576408479623097,0.0037591622994175844,0.030951124604078773,0.48765425894686687,0.6804767529043514,0.7825755440813342
Gyeongbu + Yeongdong + Jungang + Taebaek + Honam,5,False,0.42573311046528445,0.4222358657290933,0.003497244736191174,0.027620956217374287,0.48898223369819294,0.5742668895347156,0.6261689708364419
Gyeongbu + Yeongdong + Chungbuk + Taebaek + Honam,5,False,0.46963254580556046,0.5723434172787639,-0.10271087147320346,-0.8280952822262123,0.7961917294444195,0.5303674541944395,0.60030253662098
Gyeongbu + Janghang + Jeolla + Jungang + Chungbuk,5,True,0.20023121715189537,0.1560645749432321,0.04416664220866329,0.5084498355467991,0.3055689554024069,0.7997687828481046,0.8917797571383925
Gyeongbu + Janghang + Jeolla + Jungang + Taebaek,5,True,0.3064410805215313,0.26253635587609436,0.04390472464543693,0.42029816097148753,0.3371338265953474,0.6935589194784687,0.7353731838935001
Gyeongbu + Janghang + Jeolla + Jungang + Honam,5,True,0.3795996748927348,0.294213809691697,0.08538586520103775,0.7541997220357823,0.22536465224706026,0.6204003251072652,0.6992190522101905
Gyeongbu + Janghang + Jeolla + Chungbuk + Taebaek,5,True,0.3503405158618073,0.412643907425765,-0.0623033915639577,-0.4856376393501977,0.6863879475337352,0.6496594841381926,0.7095067496780383
Gyeongbu + Janghang + Jeolla + Chungbuk + Honam,5,True,0.4234991102330108,0.4443213612413678,-0.020822251008356996,-0.16308026461691633,0.5647723808378154,0.5765008897669892,0.6733526179947287
Gyeongbu + Janghang + Jeolla + Taebaek + Honam,5,True,0.5297089736026468,0.55079314217423,-0.02108416857158324,-0.16308360532829155,0.5647736959834115,0.4702910263973532,0.5169460447498362
Gyeongbu + Janghang + Jungang + Chungbuk + Taebaek,5,True,0.2861997674794708,0.24904482183015336,0.03715494564931743,0.3250919014984708,0.3725557590165187,0.7138002325205293,0.8434629941461735
Gyeongbu + Janghang + Jungang + Chungbuk + Honam,5,False,0.3593583618506742,0.280722275645756,0.07863608620491819,0.7051449405824538,0.24036002080967467,0.6406416381493258,0.8073088624628639
Gyeongbu + Janghang + Jungang + Taebaek + Honam,5,False,0.46556822522031016,0.3871940565786184,0.07837416864169178,0.6738400196025448,0.2502065143944343,0.5344317747796898,0.6509022892179714
Gyeongbu + Janghang + Chungbuk + Taebaek + Honam,5,False,0.5094676605605862,0.5373016081282891,-0.027833947567702855,-0.22312294196235652,0.5882800883529209,0.49053233943941377,0.6250358550025096
Gyeongbu + Jeolla + Jungang + Chungbuk + Taebaek,5,True,0.1398429902404976,0.16958423465782987,-0.02974124441733228,-0.33803823769072705,0.6323328136948776,0.8601570097595024,0.8916440178494374
Gyeongbu + Jeolla + Jungang + Chungbuk + Honam,5,True,0.2130015846117011,0.20126168847343257,0.011739896138268535,0.13275071312295664,0.44719526724157865,0.786998415388299,0.8554898861661278
Gyeongbu + Jeolla + Jungang + Taebaek + Honam,5,True,0.319211447981337,0.3077334694062948,0.01147797857504218,0.10852077602842977,0.45679130047429584,0.680788552018663,0.6990833129212354
Gyeongbu + Jeolla + Chungbuk + Taebaek + Honam,5,True,0.36311088332161295,0.45784102095596557,-0.09473013763435262,-0.7829973902354267,0.7831856777072057,0.636889116678387,0.6732168787057735
Gyeongbu + Jungang + Chungbuk + Taebaek + Honam,5,False,0.2989701349392765,0.29424193536035387,0.0047281995789226205,0.03854332804429044,0.48462724317415085,0.7010298650607235,0.8071731231739088
Gyeongjeon + Daegu + Yeongdong + Janghang + Jeolla,5,False,0.7010298650607235,0.7057580646396461,-0.004728199578922565,-0.038543328044289976,0.515372756825849,0.2989701349392765,0.19282687682609148
Gyeongjeon + Daegu + Yeongdong + Janghang + Jungang,5,True,0.6368891166783869,0.5421589790440344,0.09473013763435245,0.7829973902354257,0.21681432229279451,0.3631108833216131,0.3267831212942267
Gyeongjeon + Daegu + Yeongdong + Janghang + Chungbuk,5,False,0.680788552018663,0.6922665305937051,-0.01147797857504218,-0.10852077602843034,0.5432086995257044,0.31921144798133705,0.3009166870787649
Gyeongjeon + Daegu + Yeongdong + Janghang + Taebaek,5,True,0.7869984153882988,0.7987383115265676,-0.011739896138268757,-0.13275071312295825,0.552804732758422,0.21300158461170116,0.14451011383387247
Gyeongjeon + Daegu + Yeongdong + Janghang + Honam,5,False,0.8601570097595024,0.8304157653421701,0.02974124441733228,0.3380382376907264,0.36766718630512274,0.13984299024049762,0.10835598215056283
Gyeongjeon + Daegu + Yeongdong + Jeolla + Jungang,5,True,0.4905323394394137,0.46269839187171097,0.027833947567702744,0.2231229419623551,0.41171991164707966,0.5094676605605863,0.37496414499749053
Gyeongjeon + Daegu + Yeongdong + Jeolla + Chungbuk,5,False,0.5344317747796897,0.6128059434213816,-0.07837416864169189,-0.6738400196025462,0.7497934856055661,0.46556822522031027,0.3490977107820288
Gyeongjeon + Daegu + Yeongdong + Jeolla + Taebaek,5,True,0.6406416381493257,0.7192777243542441,-0.07863608620491835,-0.7051449405824546,0.7596399791903256,0.35935836185067427,0.19269113753713632
Gyeongjeon + Daegu + Yeongdong + Jeolla + Honam,5,False,0.7138002325205293,0.7509551781698467,-0.03715494564931743,-0.3250919014984716,0.6274442409834816,0.28619976747947073,0.15653700585382668
Gyeongjeon + Daegu + Yeongdong + Jungang + Chungbuk,5,True,0.47029102639735326,0.4492068578257699,0.02108416857158335,0.16308360532829247,0.43522630401658813,0.5297089736026468,0.483053955250164
Gyeongjeon + Daegu + Yeongdong + Jungang + Taebaek,5,True,0.5765008897669893,0.5556786387586322,0.020822251008357107,0.16308026461691724,0.4352276191621842,0.4234991102330107,0.32664738200527155
Gyeongjeon + Daegu + Yeongdong + Jungang + Honam,5,True,0.6496594841381925,0.587356092574235,0.06230339156395748,0.4856376393501963,0.3136120524662652,0.3503405158618075,0.29049325032196194
Gyeongjeon + Daegu + Yeongdong + Chungbuk + Taebaek,5,True,0.6204003251072652,0.7057861903083029,-0.08538586520103775,-0.7541997220357823,0.7746353477529397,0.37959967489273483,0.3007809477898098
Gyeongjeon + Daegu + Yeongdong + Chungbuk + Honam,5,False,0.6935589194784687,0.7374636441239056,-0.04390472464543693,-0.4202981609714878,0.6628661734046528,0.3064410805215313,0.26462681610650013
Gyeongjeon + Daegu + Yeongdong + Taebaek + Honam,5,True,0.7997687828481046,0.843935425056768,-0.0441666422086634,-0.5084498355468003,0.6944310445975935,0.2002312171518954,0.10822024286160767
Gyeongjeon + Daegu + Janghang + Jeolla + Jungang,5,True,0.5303674541944394,0.427656582721236,0.1027108714732034,0.828095282226212,0.2038082705555806,0.4696325458055606,0.3996974633790202
Gyeongjeon + Daegu + Janghang + Jeolla + Chungbuk,5,False,0.5742668895347155,0.5777641342709068,-0.003497244736191285,-0.027620956217375214,0.5110177663018074,0.4257331104652845,0.37383102916355837
Gyeongjeon + Daegu + Janghang + Jeolla + Taebaek,5,True,0.6804767529043515,0.684235915203769,-0.003759162299417529,-0.03095112460407829,0.5123457410531329,0.3195232470956485,0.21742445591866597
Gyeongjeon + Daegu + Janghang + Jeolla + Honam,5,False,0.7536353472755548,0.7159133690193717,0.037721978256183064,0.2989212213845956,0.38250007733467506,0.2463646527244452,0.18127032423535633
Gyeongjeon + Daegu + Janghang + Jungang + Chungbuk,5,True,0.510126141152379,0.4141650486752951,0.0959610924770839,0.8042420066688843,0.21062861155990265,0.489873858847621,0.5077872736316936
Gyeongjeon + Daegu + Janghang + Jungang + Taebaek,5,True,0.6163360045220149,0.5206368296081574,0.09569917491385749,0.8195161171008051,0.2062460051666304,0.38366399547798513,0.35138070038680114
Gyeongjeon + Daegu + Janghang + Jungang + Honam,5,True,0.6894945988932184,0.5523142834237601,0.1371803154694583,1.1455478890866195,0.1259911348225018,0.3105054011067816,0.3152265687034915
Gyeongjeon + Daegu + Janghang + Chungbuk + Taebaek,5,True,0.6602354398622908,0.6707443811578279,-0.010508941295537033,-0.09276839143585837,0.5369562186637961,0.33976456013770917,0.3255142661713394
Gyeongjeon + Daegu + Janghang + Chungbuk + Honam,5,False,0.7333940342334943,0.7024218349734307,0.03097219926006356,0.2891339155647975,0.3862394502832014,0.26660596576650575,0.2893601344880298
Gyeongjeon + Daegu + Janghang + Taebaek + Honam,5,True,0.8396038976031301,0.808893615906293,0.030710281696837094,0.34508439334346735,0.3650154629695618,0.16039610239686986,0.1329535612431373
Gyeongjeon + Daegu + Jeolla + Jungang + Chungbuk,5,True,0.36376936391340575,0.33470446150297156,0.02906490241043419,0.25911203802174476,0.397774398457051,0.6362306360865942,0.5559682973349575
Gyeongjeon + Daegu + Jeolla + Jungang + Taebaek,5,True,0.4699792272830417,0.4411762424358339,0.02880298484720778,0.24123397140785344,0.40468689142247904,0.5300207727169584,0.3995617240900651
Gyeongjeon + Daegu + Jeolla + Jungang + Honam,5,True,0.5431378216542452,0.47285369625143653,0.07028412540280865,0.5615361545539901,0.2872160452901864,0.4568621783457548,0.3634075924067554
Gyeongjeon + Daegu + Jeolla + Chungbuk + Taebaek,5,True,0.5138786626233177,0.5912837939855046,-0.07740513136218685,-0.6347943981512104,0.7372187413506447,0.4861213373766823,0.3736952898746032
Gyeongjeon + Daegu + Jeolla + Chungbuk + Honam,5,False,0.5870372569945211,0.6229612478011072,-0.03592399080658604,-0.30128660590406287,0.6184020231810847,0.41296274300547886,0.3375411581912936
Gyeongjeon + Daegu + Jeolla + Taebaek + Honam,5,True,0.6932471203641571,0.7294330287339695,-0.03618590836981239,-0.3181529358188689,0.6248155344735118,0.30675287963584286,0.18113458494640117
Gyeongjeon + Daegu + Jungang + Chungbuk + Taebaek,5,True,0.4497379142409812,0.4276847083898928,0.022053205851088387,0.16741708751728043,0.43352094051280177,0.5502620857590188,0.5076515343427385
Gyeongjeon + Daegu + Jungang + Chungbuk + Honam,5,True,0.5228965086121846,0.45936216220549553,0.06353434640668909,0.4987062369662286,0.3089931750596113,0.4771034913878154,0.47149740265942885
Gyeongjeon + Daegu + Jungang + Taebaek + Honam,5,True,0.6291063719818206,0.5658339431383579,0.06327242884346274,0.5061105336895115,0.30638952810711606,0.3708936280181794,0.31509082941453637
Gyeongjeon + Daegu + Chungbuk + Taebaek + Honam,5,True,0.6730058073220967,0.7159414946880286,-0.042935687365931896,-0.3805568537205817,0.6482339489666222,0.3269941926779033,0.2892243951990746
Gyeongjeon + Yeongdong + Janghang + Jeolla + Jungang,5,True,0.47087412511560767,0.39912925093723595,0.07174487417837172,0.584084213392361,0.27958182767591655,0.5291258748843923,0.4087034579723512
Gyeongjeon + Yeongdong + Janghang + Jeolla + Chungbuk,5,True,0.5147735604558836,0.5492368024869065,-0.03446324203102291,-0.2715614177400535,0.6070203654698018,0.4852264395441164,0.3828370237568893
Gyeongjeon + Yeongdong + Janghang + Jeolla + Taebaek,5,True,0.6209834238255195,0.6557085834197689,-0.03472515959424938,-0.28023598229726526,0.6103517688583924,0.3790165761744805,0.22643045051199692
Gyeongjeon + Yeongdong + Janghang + Jeolla + Honam,5,True,0.6941420181967232,0.6873860372353716,0.006755980961351549,0.05283356303918005,0.47893225969879616,0.30585798180327683,0.19027631882868729
Gyeongjeon + Yeongdong + Janghang + Jungang + Chungbuk,5,True,0.45063281207354716,0.3856377168912949,0.06499509518225227,0.5449530436226935,0.2928929065569241,0.5493671879264528,0.5167932682250246
Gyeongjeon + Yeongdong + Janghang + Jungang + Taebaek,5,True,0.5568426754431831,0.49210949782415714,0.06473317761902597,0.5441192369308302,0.29317971175516777,0.4431573245568169,0.3603866949801321
Gyeongjeon + Yeongdong + Janghang + Jungang + Honam,5,True,0.6300012698143865,0.52378695163976,0.10621431817462657,0.8766200388125637,0.19034652562273324,0.36999873018561347,0.3242325632968225
Gyeongjeon + Yeongdong + Janghang + Chungbuk + Taebaek,5,True,0.600742110783459,0.6422170493738278,-0.04147493859036888,-0.35408607390789426,0.6383628108496003,0.39925788921654104,0.33452026076467034
Gyeongjeon + Yeongdong + Janghang + Chungbuk + Honam,5,True,0.6739007051546627,0.6738945031894304,6.20196523226646e-06,5.618373797664245e-05,0.4999775859314619,0.3260992948453373,0.2983661290813607
Gyeongjeon + Yeongdong + Janghang + Taebaek + Honam,5,True,0.7801105685242985,0.780366284122293,-0.0002557155979945325,-0.002671875210112312,0.5010659227210145,0.2198894314757015,0.14195955583646827
Gyeongjeon + Yeongdong + Jeolla + Jungang + Chungbuk,5,True,0.3042760348345739,0.30617712971897143,-0.0019010948843975473,-0.017237830081586056,0.506876558686933,0.6957239651654261,0.5649742919282884
Gyeongjeon + Yeongdong + Jeolla + Jungang + Taebaek,5,True,0.4104858982042098,0.4126489106518336,-0.0021630124476238466,-0.01804639291229324,0.5071990783825974,0.5895141017957902,0.40856771868339603
Gyeongjeon + Yeongdong + Jeolla + Jungang + Honam,5,True,0.4836444925754133,0.4443263644674364,0.03931812810797691,0.3148042287501697,0.3764551503948248,0.5163555074245867,0.37241358700008637
Gyeongjeon + Yeongdong + Jeolla + Chungbuk + Taebaek,5,True,0.45438533354448585,0.5627564622015043,-0.10837112865701848,-0.8747310122672862,0.8091398590785943,0.5456146664555142,0.38270128446793417
Gyeongjeon + Yeongdong + Jeolla + Chungbuk + Honam,5,True,0.5275439279156893,0.594433916017107,-0.06688998810141777,-0.5550991555513016,0.7105865798229027,0.47245607208431073,0.34654715278462456
Gyeongjeon + Yeongdong + Jeolla + Taebaek + Honam,5,True,0.6337537912853254,0.7009056969499694,-0.06715190566464402,-0.5722780499951104,0.7164331910746593,0.3662462087146746,0.19014057953973212
Gyeongjeon + Yeongdong + Jungang + Chungbuk + Taebaek,5,True,0.3902445851621494,0.3991573766058927,-0.008912791443743295,-0.06690634285969674,0.5266718682580207,0.6097554148378506,0.5166575289360694
Gyeongjeon + Yeongdong + Jungang + Chungbuk + Honam,5,True,0.4634031795333528,0.4308348304214953,0.03256834911185752,0.2539488407324219,0.39976754090591726,0.5365968204666471,0.4805033972527598
Gyeongjeon + Yeongdong + Jungang + Taebaek + Honam,5,True,0.5696130429029886,0.5373066113543576,0.032306431548631,0.25245762090257845,0.400343683496863,0.43038695709701136,0.3240968240078673
Gyeongjeon + Yeongdong + Chungbuk + Taebaek + Honam,5,True,0.6135124782432647,0.6874141629040282,-0.07390168466076352,-0.6280520987447296,0.73501509439831,0.3864875217567353,0.29823038979240557
Gyeongjeon + Janghang + Jeolla + Jungang + Chungbuk,5,True,0.3441111495895997,0.2711353205684965,0.07297582902110322,0.6802278086874045,0.24818011342541246,0.6558888504104003,0.589707610309818
Gyeongjeon + Janghang + Jeolla + Jungang + Taebaek,5,True,0.45032101295923554,0.37760710150135884,0.0727139114578767,0.6252699490783955,0.26589694977142786,0.5496789870407645,0.4333010370649256
Gyeongjeon + Janghang + Jeolla + Jungang + Honam,5,True,0.5234796073304391,0.40928455531696145,0.11419505201347763,0.923076579226968,0.17798364945577272,0.4765203926695609,0.397146905381616
Gyeongjeon + Janghang + Jeolla + Chungbuk + Taebaek,5,True,0.49422044829951156,0.5277146530510295,-0.03349420475151793,-0.25547987467757305,0.6008237571652174,0.5057795517004884,0.40743460284946376
Gyeongjeon + Janghang + Jeolla + Chungbuk + Honam,5,True,0.5673790426707149,0.5593921068666322,0.007986935804082718,0.06142523949138474,0.4755102760504082,0.43262095732928507,0.37128047116615415
Gyeongjeon + Janghang + Jeolla + Taebaek + Honam,5,True,0.673588906040351,0.6658638877994946,0.007725018240856474,0.061134610552459175,0.47562600272742706,0.32641109395964896,0.21487389792126177
Gyeongjeon + Janghang + Jungang + Chungbuk + Taebaek,5,True,0.43007969991717504,0.3641155674554178,0.06596413246175725,0.5458536582395385,0.29258326775183274,0.569920300082825,0.541390847317599
Gyeongjeon + Janghang + Jungang + Chungbuk + Honam,5,True,0.5032382942883786,0.3957930212710205,0.10744527301735812,0.9128863559480218,0.18065115706646429,0.49676170571162137,0.5052367156342894
Gyeongjeon + Janghang + Jungang + Taebaek + Honam,5,True,0.6094481576580143,0.5022648022038828,0.10718335545413149,0.9193357891552792,0.17895998183297268,0.3905518423419857,0.348830142389397
Gyeongjeon + Janghang + Chungbuk + Taebaek + Honam,5,True,0.6533475929982905,0.6523723537535534,0.0009752392447370806,0.008318666638276098,0.49668137043645066,0.3466524070017095,0.32296370817393516
Gyeongjeon + Jeolla + Jungang + Chungbuk + Taebaek,5,True,0.28372292267820176,0.2846549802830943,-0.0009320576048925666,-0.008425721122504046,0.5033613366268213,0.7162770773217982,0.5895718710208628
Gyeongjeon + Jeolla + Jungang + Chungbuk + Honam,5,True,0.35688151704940535,0.3163324340986971,0.04054908295070825,0.36722986245552536,0.356723783025681,0.6431184829505947,0.5534177393375532
Gyeongjeon + Jeolla + Jungang + Taebaek + Honam,5,True,0.4630913804190413,0.4228042150315593,0.040287165387482005,0.3380079978629609,0.3676785803576188,0.5369086195809587,0.39701116609266085
Gyeongjeon + Jeolla + Chungbuk + Taebaek + Honam,5,True,0.5069908157593173,0.57291176658123,-0.06592095082191274,-0.5248702572811043,0.7001633065977749,0.49300918424068274,0.371144731877199
Gyeongjeon + Jungang + Chungbuk + Taebaek + Honam,5,True,0.44285006737698074,0.40931268098561824,0.0335373863913625,0.25723826652989357,0.39849742262212984,0.5571499326230193,0.5051009763453342
Daegu + Yeongdong + Janghang + Jeolla + Jungang,5,True,0.5245864717601959,0.4352568862344599,0.089329585525736,0.7226578795697536,0.23494504958029916,0.4754135282398041,0.3805685576974372
Daegu + Yeongdong + Janghang + Jeolla + Chungbuk,5,False,0.5684859071004719,0.5853644377841306,-0.016878530683658743,-0.1372407479215726,0.5545797482853061,0.43151409289952813,0.3547021234819754
Daegu + Yeongdong + Janghang + Jeolla + Taebaek,5,True,0.674695770470108,0.6918362187169931,-0.0171404482468851,-0.14681941676757282,0.5583627207986595,0.325304229529892,0.19829555023708298
Daegu + Yeongdong + Janghang + Jeolla + Honam,5,False,0.7478543648413115,0.7235136725325957,0.024340692308715828,0.2046981371341456,0.41890398797142403,0.2521456351586885,0.16214141855377334
Daegu + Yeongdong + Janghang + Jungang + Chungbuk,5,True,0.5043451587181353,0.42176535218851885,0.0825798065296165,0.6537818684510757,0.2566261747846079,0.49565484128186466,0.4886583679501106
Daegu + Yeongdong + Janghang + Jungang + Taebaek,5,True,0.6105550220877713,0.5282371331213811,0.08231788896639025,0.6690441514307462,0.2517336570638813,0.38944497791222865,0.33225179470521815
Daegu + Yeongdong + Janghang + Jungang + Honam,5,False,0.6837136164589748,0.559914586936984,0.12379902952199073,1.0048438225742369,0.1574860292958704,0.31628638354102523,0.29609766302190854
Daegu + Yeongdong + Janghang + Chungbuk + Taebaek,5,True,0.6544544574280474,0.6783446846710518,-0.02389022724300438,-0.2053680578345172,0.5813577127355698,0.3455455425719526,0.3063853604897564
Daegu + Yeongdong + Janghang + Chungbuk + Honam,5,False,0.727613051799251,0.7100221384866545,0.017590913312596435,0.16395664275216978,0.4348826379519888,0.27238694820074905,0.27023122880644673
Daegu + Yeongdong + Janghang + Taebaek + Honam,5,False,0.833822915168887,0.816493919419517,0.01732899574936997,0.1969639143219195,0.421927888387746,0.16617708483111304,0.1138246555615543
Daegu + Yeongdong + Jeolla + Jungang + Chungbuk,5,True,0.3579883814791622,0.3423047650161954,0.015683616462966787,0.13699891563867014,0.44551582611264207,0.6420116185208378,0.5368393916533745
Daegu + Yeongdong + Jeolla + Jungang + Taebaek,5,True,0.46419824484879807,0.44877654594905764,0.015421698899740433,0.1277899417859701,0.4491576050460174,0.535801755151202,0.3804328184084821
Daegu + Yeongdong + Jeolla + Jungang + Honam,5,True,0.5373568392200015,0.48045399976466047,0.05690283945534108,0.459877058939568,0.3228022338508417,0.46264316077999845,0.3442786867251724
Daegu + Yeongdong + Jeolla + Chungbuk + Taebaek,5,True,0.5080976801890742,0.5988840974987283,-0.09078641730965409,-0.7572329010296815,0.7755448288847184,0.4919023198109258,0.3545663841930202
Daegu + Yeongdong + Jeolla + Chungbuk + Honam,5,False,0.5812562745602775,0.6305615513143309,-0.049305276754053384,-0.4314556976250794,0.6669314705696745,0.4187437254397225,0.3184122525097106
Daegu + Yeongdong + Jeolla + Taebaek + Honam,5,True,0.6874661379299137,0.7370333322471935,-0.04956719431727974,-0.46096162761976417,0.6775869321926259,0.31253386207008627,0.16200567926481818
Daegu + Yeongdong + Jungang + Chungbuk + Taebaek,5,True,0.4439569318067377,0.4352850119031167,0.008671919903620984,0.062131199989549586,0.47522917549430777,0.5560430681932623,0.4885226286611555
Daegu + Yeongdong + Jungang + Chungbuk + Honam,5,False,0.5171155261779411,0.46696246571871947,0.05015306045922163,0.37701420489126103,0.3530815242803269,0.4828844738220589,0.4523684969778458
Daegu + Yeongdong + Jungang + Taebaek + Honam,5,False,0.623325389547577,0.5734342466515818,0.049891142895995166,0.3840110420782005,0.35048513170513984,0.376674610452423,0.2959619237329534
Daegu + Yeongdong + Chungbuk + Taebaek + Honam,5,False,0.6672248248878532,0.7235417982012524,-0.05631697331339924,-0.49060140938997726,0.688145805301743,0.3327751751121468,0.27009548951749157
Daegu + Janghang + Jeolla + Jungang + Chungbuk,5,True,0.39782349623418795,0.3072629558657205,0.09056054036846745,0.8086392402267444,0.20936134337031387,0.602176503765812,0.5615727100349042
Daegu + Janghang + Jeolla + Jungang + Taebaek,5,True,0.5040333596038238,0.4137347367985828,0.09029862280524098,0.7683496509831214,0.22113974212537002,0.4959666403961762,0.4051661367900117
Daegu + Janghang + Jeolla + Jungang + Honam,5,True,0.5771919539750274,0.44541219061418547,0.13177976336084196,1.0722065942881793,0.14181362459843116,0.4228080460249726,0.369012005106702
Daegu + Janghang + Jeolla + Chungbuk + Taebaek,5,True,0.5479327949440997,0.5638422883482535,-0.015909493404153707,-0.12459974371098011,0.5495797843471957,0.45206720505590026,0.3792997025745499
Daegu + Janghang + Jeolla + Chungbuk + Honam,5,False,0.6210913893153034,0.5955197421638563,0.025571647151447108,0.20515962923632614,0.4187237048566421,0.3789086106846966,0.34314557089124026
Daegu + Janghang + Jeolla + Taebaek + Honam,5,True,0.7273012526849393,0.7019915230967185,0.025309729588220753,0.21505457010053372,0.41486238648060947,0.2726987473150607,0.1867389976463478
Daegu + Janghang + Jungang + Chungbuk + Taebaek,5,True,0.48379204656176333,0.40024320275264175,0.08354884380912159,0.6518276985591763,0.25725616551607955,0.5162079534382367,0.5132559470426851
Daegu + Janghang + Jungang + Chungbuk + Honam,5,False,0.5569506409329668,0.4319206565682445,0.12502998436472224,1.0144017283316524,0.15519554997503548,0.44304935906703324,0.47710181535937546
Daegu + Janghang + Jungang + Taebaek + Honam,5,False,0.6631605043026026,0.5383924375011069,0.12476806680149577,1.0475240724518897,0.14742896780413872,0.33683949569739735,0.32069524211448297
Daegu + Janghang + Chungbuk + Taebaek + Honam,5,False,0.7070599396428787,0.6884999890507776,0.018559950592101138,0.1617547950181126,0.43574947624273686,0.2929400603571213,0.2948288078990212
Daegu + Jeolla + Jungang + Chungbuk + Taebaek,5,True,0.3374352693227901,0.32078261558031834,0.016652653742471768,0.14453177379988272,0.44254028399190726,0.6625647306772099,0.561436970745949
Daegu + Jeolla + Jungang + Chungbuk + Honam,5,True,0.4105938636939936,0.352460069395921,0.05813379429807258,0.5149627323325519,0.30328953127884595,0.5894061363060064,0.5252828390626394
Daegu + Jeolla + Jungang + Taebaek + Honam,5,True,0.5168037270636295,0.4589318503287833,0.05787187673484623,0.48888004352936926,0.3124633125361356,0.48319627293637046,0.3688762658177469
Daegu + Jeolla + Chungbuk + Taebaek + Honam,5,True,0.5607031624039056,0.609039401878454,-0.04833623947454835,-0.4026848755159789,0.6564099691571179,0.4392968375960944,0.34300983160228515
Daegu + Jungang + Chungbuk + Taebaek + Honam,5,False,0.49656241402156903,0.44544031628284236,0.05112209773872667,0.37747267869134515,0.3529111822601211,0.503437585978431,0.4769660760704203
Yeongdong + Janghang + Jeolla + Jungang + Chungbuk,5,True,0.33833016715535613,0.27873562408172037,0.059594543073635764,0.5443519943241164,0.2930996368954887,0.6616698328446439,0.5705787046282351
Yeongdong + Janghang + Jeolla + Jungang + Taebaek,5,True,0.444540030524992,0.3852074050145826,0.05933262551040941,0.5053594853665038,0.30665318470582403,0.555459969475008,0.41417213138334263
Yeongdong + Janghang + Jeolla + Jungang + Honam,5,True,0.5176986248961954,0.41688485883018533,0.10081376606601011,0.8258531925411862,0.20444368776827437,0.48230137510380455,0.378017999700033
Yeongdong + Janghang + Jeolla + Chungbuk + Taebaek,5,True,0.488439465865268,0.5353149565642533,-0.046875490698985334,-0.3633177101264834,0.6418162174133252,0.511560534134732,0.38830569716788077
Yeongdong + Janghang + Jeolla + Chungbuk + Honam,5,True,0.5615980602364715,0.566992410379856,-0.005394350143384519,-0.04304894754308991,0.5171687422518145,0.4384019397635285,0.35215156548457116
Yeongdong + Janghang + Jeolla + Taebaek + Honam,5,True,0.6678079236061076,0.6734641913127184,-0.0056562677066107625,-0.04689779555793963,0.5187026574736484,0.33219207639389237,0.19574499223967878
Yeongdong + Janghang + Jungang + Chungbuk + Taebaek,5,True,0.42429871748293146,0.3717158709686416,0.05258284651428985,0.4070716916324598,0.341977667060788,0.5757012825170685,0.522261941636016
Yeongdong + Janghang + Jungang + Chungbuk + Honam,5,False,0.49745731185413494,0.4033933247842443,0.09406398706989066,0.7611689604085835,0.22327807765348506,0.502542688145865,0.4861078099527064
Yeongdong + Janghang + Jungang + Taebaek + Honam,5,False,0.603667175223771,0.5098651057171066,0.09380206950666437,0.7711574632850422,0.22030680181577744,0.396332824776229,0.32970123670781404
Yeongdong + Janghang + Chungbuk + Taebaek + Honam,5,False,0.647566610564047,0.6599726572667772,-0.012406046702730267,-0.10431167034849427,0.5415389915801295,0.35243338943595304,0.3038348024923522
Yeongdong + Jeolla + Jungang + Chungbuk + Taebaek,5,True,0.27794194024395824,0.29225528379631815,-0.014313343552359914,-0.12493844927475461,0.5497138606396904,0.7220580597560418,0.5704429653392799
Yeongdong + Jeolla + Jungang + Chungbuk + Honam,5,True,0.3511005346151617,0.3239327376119208,0.0271677970032409,0.24380934212859848,0.4036892423320846,0.6488994653848383,0.5342888336559702
Yeongdong + Jeolla + Jungang + Taebaek + Honam,5,True,0.4573103979847976,0.43040451854478307,0.026905879440014546,0.22566920210054073,0.4107293566780621,0.5426896020152023,0.37788226041107786
Yeongdong + Jeolla + Chungbuk + Taebaek + Honam,5,True,0.5012098333250736,0.5805120700944538,-0.0793022367693802,-0.6479174340235713,0.7414808229816432,0.49879016667492637,0.352015826195616
Yeongdong + Jungang + Chungbuk + Taebaek + Honam,5,False,0.4370690849427372,0.4169129844988421,0.020156100443895097,0.1468941930866319,0.4416077677239808,0.5629309150572628,0.48597207066375125
Janghang + Jeolla + Jungang + Chungbuk + Taebaek,5,True,0.31777705499898407,0.25721347464584327,0.0605635803531408,0.5552633536304729,0.28935727044824744,0.682222945001016,0.5951762837208096
Janghang + Jeolla + Jungang + Chungbuk + Honam,5,True,0.39093564937018754,0.28889092846144593,0.10204472090874162,0.9419506478756076,0.17310895385333125,0.6090643506298125,0.5590221520374999
Janghang + Jeolla + Jungang + Taebaek + Honam,5,True,0.4971455127398234,0.3953627093943083,0.1017828033455151,0.8810467289881732,0.18914626419595715,0.5028544872601766,0.40261557879260745
Janghang + Jeolla + Chungbuk + Taebaek + Honam,5,True,0.5410449480800994,0.545470260943979,-0.0044253128638795936,-0.03414926705263167,0.5136209390266243,0.4589550519199006,0.3767491445771457
Janghang + Jungang + Chungbuk + Taebaek + Honam,5,False,0.4769041996977629,0.3818711753483672,0.0950330243493957,0.7594357024310361,0.22379598157060165,0.5230958003022371,0.5107053890452808
Jeolla + Jungang + Chungbuk + Taebaek + Honam,5,True,0.33054742245878965,0.30241058817604377,0.02813683428274588,0.2516725687430717,0.4006470808059067,0.6694525775412103,0.5588864127485448
Gyeongbu + Gyeongjeon + Daegu + Yeongdong + Janghang + Jeolla,6,True,0.5034193353125768,0.5499620638695866,-0.046542728557009805,-0.3443241784847188,0.6346987485308211,0.49658066468742323,0.5310391903905523
Gyeongbu + Gyeongjeon + Daegu + Yeongdong + Janghang + Jungang,6,True,0.43927858693024024,0.3863629782739748,0.052915608656265434,0.43711518722675785,0.3310139068478021,0.5607214130697598,0.6649954348586874
Gyeongbu + Gyeongjeon + Daegu + Yeongdong + Janghang + Chungbuk,6,True,0.48317802227051626,0.5364705298236454,-0.05329250755312914,-0.4515181521494701,0.6741919273665782,0.5168219777294838,0.6391290006432256
Gyeongbu + Gyeongjeon + Daegu + Yeongdong + Janghang + Taebaek,6,True,0.5893878856401523,0.6429423107565079,-0.05355442511635555,-0.473982916443259,0.6822439551946353,0.4106121143598477,0.48272242739833315
Gyeongbu + Gyeongjeon + Daegu + Yeongdong + Janghang + Honam,6,True,0.6625464800113559,0.6746197645721105,-0.012073284560754627,-0.10465462902348445,0.5416750675125421,0.33745351998864415,0.44656829571502354
Gyeongbu + Gyeongjeon + Daegu + Yeongdong + Jeolla + Jungang,6,True,0.292921809691267,0.30690239110165124,-0.013980581410384219,-0.12102051014682177,0.5481626050768829,0.707078190308733,0.7131764585619512
Gyeongbu + Gyeongjeon + Daegu + Yeongdong + Jeolla + Chungbuk,6,True,0.33682124503154304,0.457009942651322,-0.12018869761977896,-1.0143965794313803,0.8448032220802626,0.6631787549684569,0.6873100243464896
Gyeongbu + Gyeongjeon + Daegu + Yeongdong + Jeolla + Taebaek,6,True,0.443031108401179,0.5634817235841844,-0.12045061518300537,-0.9786697781856709,0.8361284153116679,0.556968891598821,0.5309034511015971
Gyeongbu + Gyeongjeon + Daegu + Yeongdong + Jeolla + Honam,6,True,0.5161897027723825,0.595159177399787,-0.07896947462740445,-0.6167191420127591,0.7312900034621934,0.4838102972276175,0.4947493194182875
Gyeongbu + Gyeongjeon + Daegu + Yeongdong + Jungang + Chungbuk,6,True,0.2726804966492065,0.2934108570557103,-0.02073036040650378,-0.17508174769850607,0.5694923000144696,0.7273195033507935,0.8212662688146246
Gyeongbu + Gyeongjeon + Daegu + Yeongdong + Jungang + Taebaek,6,True,0.37889036001884246,0.3998826379885725,-0.020992277969730022,-0.16695966470258633,0.566299106858708,0.6211096399811575,0.6648596955697322
Gyeongbu + Gyeongjeon + Daegu + Yeongdong + Jungang + Honam,6,True,0.452048954390046,0.43156009180417526,0.020488862585870737,0.15908446948183422,0.4368011619757468,0.547951045609954,0.6287055638864226
Gyeongbu + Gyeongjeon + Daegu + Yeongdong + Chungbuk + Taebaek,6,True,0.4227897953591185,0.5499901895382433,-0.12720039417912482,-1.0368496860165854,0.8500970422479892,0.5772102046408816,0.6389932613542705
Gyeongbu + Gyeongjeon + Daegu + Yeongdong + Chungbuk + Honam,6,True,0.495948389730322,0.5816676433538459,-0.0857192536235239,-0.7305542062804096,0.7674742540619484,0.5040516102696779,0.6028391296709609
Gyeongbu + Gyeongjeon + Daegu + Yeongdong + Taebaek + Honam,6,True,0.6021582530999581,0.6881394242867083,-0.0859811711867502,-0.7659163470560882,0.7781369607490616,0.3978417469000419,0.4464325564260684
Gyeongbu + Gyeongjeon + Daegu + Janghang + Jeolla + Jungang,6,True,0.3327569244462928,0.2718605819511764,0.060896342495116385,0.5274889192410414,0.2989270546504581,0.6672430755537072,0.7379097769434808
Gyeongbu + Gyeongjeon + Daegu + Janghang + Jeolla + Chungbuk,6,True,0.3766563597865688,0.4219681335008471,-0.0453117737142783,-0.35061415105623195,0.637061080649907,0.6233436402134311,0.7120433427280191
Gyeongbu + Gyeongjeon + Daegu + Janghang + Jeolla + Taebaek,6,True,0.48286622315620475,0.5284399144337095,-0.04557369127750477,-0.3433024993256218,0.6343145496222421,0.5171337768437952,0.5556367694831267
Gyeongbu + Gyeongjeon + Daegu + Janghang + Jeolla + Honam,6,True,0.5560248175274082,0.5601173682493121,-0.004092550721903954,-0.029368604244115856,0.5117146939087814,0.4439751824725918,0.5194826377998171
Gyeongbu + Gyeongjeon + Daegu + Janghang + Jungang + Chungbuk,6,True,0.31251561140423223,0.25836904790523535,0.05414656349899688,0.500542375422998,0.3083466130443411,0.6874843885957678,0.8459995871961543
Gyeongbu + Gyeongjeon + Daegu + Janghang + Jungang + Taebaek,6,True,0.4187254747738682,0.3648408288380977,0.05388464593577047,0.4671909994418352,0.3201816162811649,0.5812745252261318,0.6895930139512618
Gyeongbu + Gyeongjeon + Daegu + Janghang + Jungang + Honam,6,True,0.49188406914507166,0.39651828265370037,0.09536578649137128,0.7884717157872446,0.21521041826219234,0.5081159308549283,0.6534388822679522
Gyeongbu + Gyeongjeon + Daegu + Janghang + Chungbuk + Taebaek,6,True,0.46262491011414414,0.5149483803877684,-0.05232347027362422,-0.42404170692210813,0.6642323015095215,0.5373750898858558,0.6637265797358001
Gyeongbu + Gyeongjeon + Daegu + Janghang + Chungbuk + Honam,6,True,0.5357835044853477,0.5466258342033712,-0.010842329718023458,-0.09007117312143155,0.5358846716989274,0.46421649551465227,0.6275724480524905
Gyeongbu + Gyeongjeon + Daegu + Janghang + Taebaek + Honam,6,True,0.6419933678549837,0.6530976151362335,-0.011104247281249813,-0.09688361931142903,0.5385905912498223,0.35800663214501627,0.4711658748075981
Gyeongbu + Gyeongjeon + Daegu + Jeolla + Jungang + Chungbuk,6,True,0.16615883416525903,0.17890846073291192,-0.012749626567652883,-0.14423662636277607,0.5573431901643722,0.833841165834741,0.8941806108994181
Gyeongbu + Gyeongjeon + Daegu + Jeolla + Jungang + Taebaek,6,True,0.272368697534895,0.28538024166577414,-0.013011544130879127,-0.12035174109096897,0.5478977407633348,0.727631302465105,0.7377740376545256
Gyeongbu + Gyeongjeon + Daegu + Jeolla + Jungang + Honam,6,True,0.3455272919060985,0.3170576954813769,0.028469596424721577,0.24304813985929208,0.4039840525395453,0.6544727080939015,0.701619905971216
Gyeongbu + Gyeongjeon + Daegu + Jeolla + Chungbuk + Taebaek,6,True,0.3162681328751709,0.43548779321544495,-0.11921966034027404,-0.9725265543979984,0.834605669513782,0.6837318671248291,0.7119076034390639
Gyeongbu + Gyeongjeon + Daegu + Jeolla + Chungbuk + Honam,6,True,0.3894267272463745,0.46716524703104767,-0.07773851978467317,-0.6347653321850957,0.7372092616127414,0.6105732727536255,0.6757534717557543
Gyeongbu + Gyeongjeon + Daegu + Jeolla + Taebaek + Honam,6,True,0.49563659061601045,0.57363702796391,-0.07800043734789958,-0.6182175952713248,0.7317840434742103,0.5043634093839895,0.5193468985108619
Gyeongbu + Gyeongjeon + Daegu + Jungang + Chungbuk + Taebaek,6,True,0.25212738449283445,0.27188870761983325,-0.019761323126998798,-0.16522045068740054,0.5656147654248753,0.7478726155071656,0.8458638479071992
Gyeongbu + Gyeongjeon + Daegu + Jungang + Chungbuk + Honam,6,True,0.3252859788640379,0.3035661614354359,0.021719817428601962,0.18484783602275517,0.4266741933000081,0.6747140211359621,0.8097097162238895
Gyeongbu + Gyeongjeon + Daegu + Jungang + Taebaek + Honam,6,True,0.4314958422336739,0.41003794236829827,0.021457899865375607,0.17287534584789221,0.43137470550983836,0.5685041577663261,0.653303142978997
Gyeongbu + Gyeongjeon + Daegu + Chungbuk + Taebaek + Honam,6,True,0.4753952775739499,0.5601454939179689,-0.08475021634401897,-0.6866662197946589,0.7538534556670945,0.5246047224260502,0.6274367087635353
Gyeongbu + Gyeongjeon + Yeongdong + Janghang + Jeolla + Jungang,6,True,0.27326359536746087,0.2433332501671762,0.029930345200284675,0.2732273106099188,0.3923392437834893,0.7267364046325391,0.7469157715368119
Gyeongbu + Gyeongjeon + Yeongdong + Janghang + Jeolla + Chungbuk,6,True,0.31716303070773694,0.39344080171684687,-0.07627777100910993,-0.6079096296052893,0.7283762937482906,0.6828369692922631,0.72104933732135
Gyeongbu + Gyeongjeon + Yeongdong + Janghang + Jeolla + Taebaek,6,True,0.4233728940773729,0.4999125826497092,-0.07653968857233634,-0.5837039026545776,0.7202902294360775,0.5766271059226271,0.5646427640764576
Gyeongbu + Gyeongjeon + Yeongdong + Janghang + Jeolla + Honam,6,True,0.49653148844857636,0.5315900364653119,-0.035058548016735525,-0.2555980418967586,0.6008693847343332,0.5034685115514237,0.528488632393148
Gyeongbu + Gyeongjeon + Yeongdong + Janghang + Jungang + Chungbuk,6,True,0.25302228232540036,0.22984171612123525,0.023180566204165115,0.22453609175044364,0.4111700932999901,0.7469777176745996,0.8550055817894853
Gyeongbu + Gyeongjeon + Yeongdong + Janghang + Jungang + Taebaek,6,True,0.35923214569503625,0.3363134970540975,0.022918648640938732,0.20266837615904745,0.41969712117881264,0.6407678543049637,0.6985990085445929
Gyeongbu + Gyeongjeon + Yeongdong + Janghang + Jungang + Honam,6,True,0.4323907400662398,0.3679909508697002,0.0643997891965396,0.5454962204832109,0.29270613962515435,0.5676092599337602,0.6624448768612833
Gyeongbu + Gyeongjeon + Yeongdong + Janghang + Chungbuk + Taebaek,6,True,0.4031315810353123,0.4864210486037682,-0.0832894675684559,-0.6782224124077354,0.7511846579536512,0.5968684189646877,0.672732574329131
Gyeongbu + Gyeongjeon + Yeongdong + Janghang + Chungbuk + Honam,6,True,0.4762901754065158,0.5180985024193708,-0.04180832701285503,-0.3512320983272673,0.637292884389818,0.5237098245934841,0.6365784426458214
Gyeongbu + Gyeongjeon + Yeongdong + Janghang + Taebaek + Honam,6,True,0.5825000387761518,0.6245702833522332,-0.04207024457608144,-0.36418578620614767,0.6421403598804862,0.41749996122384825,0.48017186940092893
Gyeongbu + Gyeongjeon + Yeongdong + Jeolla + Jungang + Chungbuk,6,True,0.10666550508642712,0.15038112894891176,-0.043715623862484634,-0.5480578751975491,0.708173918015921,0.8933344949135729,0.9031866054927492
Gyeongbu + Gyeongjeon + Yeongdong + Jeolla + Jungang + Taebaek,6,True,0.21287536845606306,0.256852909881774,-0.04397754142571095,-0.4238294416236416,0.6641548975698179,0.787124631543937,0.7467800322478567
Gyeongbu + Gyeongjeon + Yeongdong + Jeolla + Jungang + Honam,6,True,0.2860339628272665,0.2885303636973767,-0.002496400870110216,-0.022220093211784833,0.508863805259123,0.7139660371727334,0.7106259005645471
Gyeongbu + Gyeongjeon + Yeongdong + Jeolla + Chungbuk + Taebaek,6,True,0.25677480379633905,0.40696046143144476,-0.15018565763510572,-1.2482496192737642,0.8940301710488145,0.7432251962036609,0.7209135980323949
Gyeongbu + Gyeongjeon + Yeongdong + Jeolla + Chungbuk + Honam,6,True,0.32993339816754264,0.4386379152470474,-0.10870451707950479,-0.909983823113264,0.8185844794252146,0.6700666018324574,0.6847594663490852
Gyeongbu + Gyeongjeon + Yeongdong + Jeolla + Taebaek + Honam,6,True,0.4361432615371786,0.5451096961799098,-0.1089664346427312,-0.8690967112019552,0.8076028822883426,0.5638567384628215,0.5283528931041929
Gyeongbu + Gyeongjeon + Yeongdong + Jungang + Chungbuk + Taebaek,6,True,0.19263405541400255,0.24336137583583303,-0.05072732042183048,-0.4339043373013313,0.667821044999952,0.8073659445859974,0.8548698425005301
Gyeongbu + Gyeongjeon + Yeongdong + Jungang + Chungbuk + Honam,6,True,0.265792649785206,0.2750388296514358,-0.009246179866229776,-0.08111969541459331,0.532326618685419,0.734207350214794,0.8187157108172205
Gyeongbu + Gyeongjeon + Yeongdong + Jungang + Taebaek + Honam,6,True,0.37200251315484195,0.381510610584298,-0.009508097429456075,-0.07732104621006437,0.5308159257143406,0.6279974868451581,0.6623091375723281
Gyeongbu + Gyeongjeon + Yeongdong + Chungbuk + Taebaek + Honam,6,True,0.415901948495118,0.5316181621339687,-0.1157162136388507,-0.934957383766365,0.8250948688735007,0.5840980515048819,0.6364427033568663
Gyeongbu + Gyeongjeon + Janghang + Jeolla + Jungang + Chungbuk,6,True,0.14650061984145288,0.11533931979843685,0.031161300043016024,0.40676637631689905,0.34208979213447244,0.8534993801585471,0.9279199238742788
Gyeongbu + Gyeongjeon + Janghang + Jeolla + Jungang + Taebaek,6,True,0.2527104832110888,0.22181110073129912,0.030899382479789683,0.3076973131102474,0.37915633221586464,0.7472895167889112,0.7715133506293863
Gyeongbu + Gyeongjeon + Janghang + Jeolla + Jungang + Honam,6,True,0.3258690775822923,0.25348855454690183,0.07238052303539044,0.6477149155463814,0.25858467764406634,0.6741309224177077,0.7353592189460767
Gyeongbu + Gyeongjeon + Janghang + Jeolla + Chungbuk + Taebaek,6,True,0.29660991855136487,0.3719186522809698,-0.07530873372960495,-0.5867168964671494,0.7213030710086896,0.7033900814486351,0.7456469164139246
Gyeongbu + Gyeongjeon + Janghang + Jeolla + Chungbuk + Honam,6,True,0.36976851292256835,0.40359610609657254,-0.03382759317400419,-0.26085609190191533,0.6028982568268102,0.6302314870774317,0.709492784730615
Gyeongbu + Gyeongjeon + Janghang + Jeolla + Taebaek + Honam,6,True,0.4759783762922043,0.5100678870294348,-0.034089510737230544,-0.2535397402395654,0.6000744220901895,0.5240216237077957,0.5530862114857225
Gyeongbu + Gyeongjeon + Janghang + Jungang + Chungbuk + Taebaek,6,True,0.2324691701690283,0.20831956668535814,0.02414960348367015,0.2336184651806561,0.40764059562260313,0.7675308298309718,0.8796031608820598
Gyeongbu + Gyeongjeon + Janghang + Jungang + Chungbuk + Honam,6,True,0.30562776454023177,0.2399970205009608,0.06563074403927097,0.6387480948824122,0.261493409768924,0.6943722354597682,0.8434490291987502
Gyeongbu + Gyeongjeon + Janghang + Jungang + Taebaek + Honam,6,True,0.4118376279098677,0.3464688014338231,0.06536882647604464,0.5847139425497595,0.2793700387528435,0.5881623720901323,0.6870424559538577
Gyeongbu + Gyeongjeon + Janghang + Chungbuk + Taebaek + Honam,6,True,0.4557370632501437,0.49657635298349384,-0.04083928973335016,-0.32934475866997504,0.6290524415747765,0.5442629367498564,0.6611760217383958
Gyeongbu + Gyeongjeon + Jeolla + Jungang + Chungbuk + Taebaek,6,True,0.08611239293005506,0.12885897951303465,-0.0427465865829796,-0.5479884044899477,0.7081500675923702,0.913887607069945,0.9277841845853236
Gyeongbu + Gyeongjeon + Jeolla + Jungang + Chungbuk + Honam,6,True,0.15927098730125858,0.16053643332863737,-0.001265446027378797,-0.01550298147153967,0.506184547045436,0.8407290126987415,0.891630052902014
Gyeongbu + Gyeongjeon + Jeolla + Jungang + Taebaek + Honam,6,True,0.26548085067089455,0.26700821426149957,-0.0015273635906050131,-0.01464429374041703,0.5058420191302251,0.7345191493291054,0.7352234796571215
Gyeongbu + Gyeongjeon + Jeolla + Chungbuk + Taebaek + Honam,6,True,0.3093802860111705,0.4171157658111704,-0.10773547979999987,-0.8746435855250256,0.809116067688781,0.6906197139888295,0.7093570454416598
Gyeongbu + Gyeongjeon + Jungang + Chungbuk + Taebaek + Honam,6,True,0.245239537628834,0.2535166802155587,-0.008277142586724684,-0.07206853038276753,0.5287263149008572,0.754760462371166,0.843313289909795
Gyeongbu + Daegu + Yeongdong + Janghang + Jeolla + Jungang,6,True,0.3269759420120492,0.27946088546440023,0.04751505654764898,0.4185733879281891,0.337763970952776,0.6730240579879507,0.7187808712618979
Gyeongbu + Daegu + Yeongdong + Janghang + Jeolla + Chungbuk,6,True,0.37087537735232523,0.42956843701407094,-0.058693059661745706,-0.4720754020350505,0.681563515381617,0.6291246226476748,0.6929144370464362
Gyeongbu + Daegu + Yeongdong + Janghang + Jeolla + Taebaek,6,True,0.4770852407219612,0.5360402179469332,-0.05895497722497206,-0.4637196793778913,0.6785757020501828,0.5229147592780388,0.5365078638015437
Gyeongbu + Daegu + Yeongdong + Janghang + Jeolla + Honam,6,True,0.5502438350931647,0.567717671762536,-0.0174738366693713,-0.1328668723093635,0.552850666682259,0.44975616490683534,0.5003537321182341
Gyeongbu + Daegu + Yeongdong + Janghang + Jungang + Chungbuk,6,True,0.30673462896998865,0.26596935141845923,0.04076527755152942,0.3564146426557894,0.3607650325918803,0.6932653710300114,0.8268706815145712
Gyeongbu + Daegu + Yeongdong + Janghang + Jungang + Taebaek,6,True,0.41294449233962466,0.3724411323513215,0.04050335998830318,0.33674539591627456,0.36815441946998706,0.5870555076603754,0.6704641082696788
Gyeongbu + Daegu + Yeongdong + Janghang + Jungang + Honam,6,False,0.48610308671082814,0.4041185861669242,0.08198450054390394,0.6665222361999601,0.2525386777926053,0.5138969132891719,0.6343099765863692
Gyeongbu + Daegu + Yeongdong + Janghang + Chungbuk + Taebaek,6,True,0.4568439276799006,0.5225486839009923,-0.06570475622109168,-0.5262663282990548,0.7006484126577108,0.5431560723200994,0.6445976740542171
Gyeongbu + Daegu + Yeongdong + Janghang + Chungbuk + Honam,6,False,0.5300025220511042,0.5542261377165949,-0.024223615665490694,-0.2033598567525781,0.5805731130692704,0.4699974779488958,0.6084435423709075
Gyeongbu + Daegu + Yeongdong + Janghang + Taebaek + Honam,6,False,0.6362123854207402,0.6606979186494573,-0.02448553322871705,-0.21796566829485897,0.5862720694852014,0.3637876145792598,0.4520369691260151
Gyeongbu + Daegu + Yeongdong + Jeolla + Jungang + Chungbuk,6,True,0.16037785173101549,0.1865087642461358,-0.026130912515120314,-0.29216908081661963,0.6149213246644811,0.8396221482689845,0.8750517052178352
Gyeongbu + Daegu + Yeongdong + Jeolla + Jungang + Taebaek,6,True,0.26658771510065143,0.292980545178998,-0.026392830078346585,-0.24443708152538468,0.596553837152558,0.7334122848993485,0.7186451319729428
Gyeongbu + Daegu + Yeongdong + Jeolla + Jungang + Honam,6,True,0.33974630947185486,0.32465799899460074,0.015088310477254119,0.13219397389143145,0.44741543371498216,0.6602536905281451,0.6824910002896332
Gyeongbu + Daegu + Yeongdong + Jeolla + Chungbuk + Taebaek,6,True,0.3104871504409274,0.4430880967286687,-0.13260094628774133,-1.1129376574882661,0.867132397303154,0.6895128495590725,0.692778697757481
Gyeongbu + Daegu + Yeongdong + Jeolla + Chungbuk + Honam,6,True,0.38364574481213093,0.4747655505442714,-0.09111980573214046,-0.78415067122788,0.7835241470466957,0.6163542551878691,0.6566245660741714
Gyeongbu + Daegu + Yeongdong + Jeolla + Taebaek + Honam,6,True,0.48985560818176693,0.5812373314771337,-0.09138172329536681,-0.7666510486736402,0.7783554923343048,0.5101443918182331,0.5002179928292789
Gyeongbu + Daegu + Yeongdong + Jungang + Chungbuk + Taebaek,6,True,0.2463464020585909,0.279489011133057,-0.03314260907446612,-0.2612237142559392,0.6030400042473808,0.7536535979414091,0.826734942225616
Gyeongbu + Daegu + Yeongdong + Jungang + Chungbuk + Honam,6,False,0.3195049964297944,0.3111664649486598,0.008338531481134615,0.0682325087859112,0.47280027449794293,0.6804950035702055,0.7905808105423064
Gyeongbu + Daegu + Yeongdong + Jungang + Taebaek + Honam,6,False,0.4257148597994303,0.41763824588152204,0.00807661391790826,0.06322359373491664,0.474794228638432,0.5742851402005698,0.6341742372974141
Gyeongbu + Daegu + Yeongdong + Chungbuk + Taebaek + Honam,6,False,0.4696142951397063,0.5677457974311928,-0.09813150229148648,-0.7922191667979288,0.7858835527069894,0.5303857048602937,0.6083078030819523
Gyeongbu + Daegu + Janghang + Jeolla + Jungang + Chungbuk,6,True,0.20021296648604123,0.15146695509566088,0.048746011390380345,0.5593195815489082,0.2879718168942247,0.7997870335139587,0.8997850235993647
Gyeongbu + Daegu + Janghang + Jeolla + Jungang + Taebaek,6,True,0.30642282985567715,0.25793873602852313,0.04848409382715402,0.4608900943097441,0.3224387294752875,0.6935771701443229,0.7433784503544724
Gyeongbu + Daegu + Janghang + Jeolla + Jungang + Honam,6,True,0.3795814242268806,0.28961618984412585,0.08996523438275478,0.7895698098191261,0.21488952266642236,0.6204185757731193,0.7072243186711628
Gyeongbu + Daegu + Janghang + Jeolla + Chungbuk + Taebaek,6,True,0.3503222651959531,0.40804628757819383,-0.057724022382240725,-0.452340426364765,0.6744881215717704,0.6496777348040469,0.7175120161390106
Gyeongbu + Daegu + Janghang + Jeolla + Chungbuk + Honam,6,True,0.42348085956715664,0.4397237413937966,-0.016242881826639965,-0.12785477867376743,0.5508680506826428,0.5765191404328434,0.681357884455701
Gyeongbu + Daegu + Janghang + Jeolla + Taebaek + Honam,6,True,0.5296907229367926,0.5461955223266589,-0.016504799389866265,-0.12788691669664906,0.5508807675065323,0.47030927706320735,0.5249513112108085
Gyeongbu + Daegu + Janghang + Jungang + Chungbuk + Taebaek,6,True,0.2861815168136166,0.24444720198258213,0.04173431483103446,0.3631774347636766,0.3582361714708453,0.7138184831863834,0.8514682606071458
Gyeongbu + Daegu + Janghang + Jungang + Chungbuk + Honam,6,False,0.35934011118482007,0.2761246557981848,0.08321545538663527,0.7416270150675893,0.22915667548355345,0.64065988881518,0.8153141289238361
Gyeongbu + Daegu + Janghang + Jungang + Taebaek + Honam,6,False,0.465549974554456,0.38259643673104715,0.08295353782340886,0.7064954492068583,0.23994004088397003,0.534450025445544,0.6589075556789437
Gyeongbu + Daegu + Janghang + Chungbuk + Taebaek + Honam,6,False,0.509449409894732,0.532703988280718,-0.02325457838598599,-0.18683338695087373,0.5741043655963306,0.490550590105268,0.6330411214634819
Gyeongbu + Daegu + Jeolla + Jungang + Chungbuk + Taebaek,6,True,0.13982473957464342,0.16498661481025867,-0.02516187523561525,-0.28458530451419245,0.6120190643981838,0.8601752604253565,0.8996492843104096
Gyeongbu + Daegu + Jeolla + Jungang + Chungbuk + Honam,6,True,0.21298333394584695,0.19666406862586136,0.016319265319985593,0.18350629393134324,0.4272003903932159,0.7870166660541531,0.8634951526271
Gyeongbu + Daegu + Jeolla + Jungang + Taebaek + Honam,6,True,0.31919319731548285,0.3031358495587236,0.016057347756759266,0.15053080308609124,0.4401729251290213,0.6808068026845171,0.7070885793822076
Gyeongbu + Daegu + Jeolla + Chungbuk + Taebaek + Honam,6,True,0.36309263265575875,0.4532434011083944,-0.09015076845263564,-0.7486387449026272,0.7729625135594506,0.6369073673442412,0.6812221451667458
Gyeongbu + Daegu + Jungang + Chungbuk + Taebaek + Honam,6,False,0.29895188427342234,0.28964431551278264,0.009307568760639706,0.07542180700637763,0.46993955457047554,0.7010481157265777,0.815178389634881
Gyeongbu + Yeongdong + Janghang + Jeolla + Jungang + Chungbuk,6,True,0.14071963740720933,0.1229396233116607,0.017780014095548635,0.22940218061220716,0.4092781707342812,0.8592803625927907,0.9087910181926958
Gyeongbu + Yeongdong + Janghang + Jeolla + Jungang + Taebaek,6,True,0.24692950077684525,0.22941140424452297,0.01751809653232228,0.1751168687563879,0.4304939018638454,0.7530704992231547,0.7523844449478034
Gyeongbu + Yeongdong + Janghang + Jeolla + Jungang + Honam,6,True,0.32008809514804876,0.2610888580601256,0.05899923708792315,0.5443558583762189,0.2930983076423048,0.6799119048519513,0.7162303132644938
Gyeongbu + Yeongdong + Janghang + Jeolla + Chungbuk + Taebaek,6,True,0.2908289361171213,0.3795189557941937,-0.08869001967707241,-0.7101801575410998,0.7612037880358129,0.7091710638828788,0.7265180107323415
Gyeongbu + Yeongdong + Janghang + Jeolla + Chungbuk + Honam,6,True,0.3639875304883248,0.4111964096097963,-0.047208879121471536,-0.3819862640484233,0.6487642234010222,0.6360124695116752,0.6903638790490318
Gyeongbu + Yeongdong + Janghang + Jeolla + Taebaek + Honam,6,True,0.4701973938579607,0.5176681905426586,-0.047470796684697836,-0.37159603015297177,0.6449031773694666,0.5298026061420393,0.5339573058041395
Gyeongbu + Yeongdong + Janghang + Jungang + Chungbuk + Taebaek,6,True,0.22668818773478477,0.21591987019858197,0.010768317536202804,0.09658484941714175,0.4615280443252274,0.7733118122652152,0.8604742552004767
Gyeongbu + Yeongdong + Janghang + Jungang + Chungbuk + Honam,6,False,0.2998467821059882,0.24759732401418466,0.052249458091803536,0.4843228987688877,0.31407836362299413,0.7001532178940117,0.8243201235171671
Gyeongbu + Yeongdong + Janghang + Jungang + Taebaek + Honam,6,False,0.4060566454756242,0.3540691049470469,0.05198754052857729,0.44971097778667624,0.3264594273635619,0.5939433545243757,0.6679135502722747
Gyeongbu + Yeongdong + Janghang + Chungbuk + Taebaek + Honam,6,False,0.44995608081590016,0.5041766564967177,-0.05422057568081756,-0.4363605142037051,0.66871240863502,0.5500439191840998,0.6420471160568129
Gyeongbu + Yeongdong + Jeolla + Jungang + Chungbuk + Taebaek,6,True,0.08033141049581152,0.1364592830262585,-0.05612787253044699,-0.6890527872522231,0.7546049753466113,0.9196685895041885,0.9086552789037406
Gyeongbu + Yeongdong + Jeolla + Jungang + Chungbuk + Honam,6,True,0.15349000486701503,0.16813673684186123,-0.0146467319748462,-0.1809811153169324,0.5718088004854707,0.846509995132985,0.872501147220431
Gyeongbu + Yeongdong + Jeolla + Jungang + Taebaek + Honam,6,True,0.2596998682366509,0.27460851777472345,-0.014908649538072527,-0.14515399779309335,0.5577053571911892,0.7403001317633491,0.7160945739755387
Gyeongbu + Yeongdong + Jeolla + Chungbuk + Taebaek + Honam,6,True,0.303599303576927,0.42471606932439415,-0.12111676574746716,-1.0221122083616998,0.8466361021820135,0.696400696423073,0.6902281397600767
Gyeongbu + Yeongdong + Jungang + Chungbuk + Taebaek + Honam,6,False,0.23945855519459047,0.26111698372878245,-0.021658428534191976,-0.17873601820889656,0.5709275069401445,0.7605414448054095,0.8241843842282119
Gyeongbu + Janghang + Jeolla + Jungang + Chungbuk + Taebaek,6,True,0.12016652525083724,0.1014174738757836,0.01874905137505363,0.25128293069845586,0.4007976856001313,0.8798334747491627,0.9333885972852702
Gyeongbu + Janghang + Jeolla + Jungang + Chungbuk + Honam,6,True,0.1933251196220408,0.1330949276913863,0.060230191930654486,0.7756958110080832,0.2189643069156635,0.8066748803779592,0.8972344656019606
Gyeongbu + Janghang + Jeolla + Jungang + Taebaek + Honam,6,True,0.29953498299167663,0.23956670862424856,0.059968274367428076,0.6045352510141191,0.2727439200174774,0.7004650170083233,0.7408278923570683
Gyeongbu + Janghang + Jeolla + Chungbuk + Taebaek + Honam,6,True,0.3434344183319527,0.3896742601739192,-0.0462398418419665,-0.3654020708227428,0.6425943521648285,0.6565655816680473,0.7149614581416064
Gyeongbu + Janghang + Jungang + Chungbuk + Taebaek + Honam,6,False,0.27929366994961624,0.22607517457830756,0.05321849537130868,0.49253872702467855,0.3111692758133925,0.7207063300503838,0.8489177026097416
Gyeongbu + Jeolla + Jungang + Chungbuk + Taebaek + Honam,6,True,0.13293689271064296,0.1466145874059841,-0.013677694695341136,-0.17258739298677614,0.5685121189359208,0.8670631072893571,0.8970987263130055
Gyeongjeon + Daegu + Yeongdong + Janghang + Jeolla + Jungang,6,True,0.47085587444975346,0.39453163108966477,0.0763242433600887,0.6211009123551099,0.26726661450631484,0.5291441255502465,0.4167087244333234
Gyeongjeon + Daegu + Yeongdong + Janghang + Jeolla + Chungbuk,6,False,0.5147553097900295,0.5446391826393353,-0.029883872849305826,-0.23781748232211253,0.5939886706522501,0.4852446902099705,0.39084229021786165
Gyeongjeon + Daegu + Yeongdong + Janghang + Jeolla + Taebaek,6,True,0.6209651731596654,0.6511109635721977,-0.030145790412532292,-0.24496989298550675,0.5967601284397634,0.3790348268403346,0.23443571697296922
Gyeongjeon + Daegu + Yeongdong + Janghang + Jeolla + Honam,6,False,0.6941237675308689,0.6827884173878003,0.011335350143068634,0.08919246748079868,0.46446447579968686,0.3058762324691311,0.19828158528965958
Gyeongjeon + Daegu + Yeongdong + Janghang + Jungang + Chungbuk,6,True,0.45061456140769296,0.38104009704372366,0.0695744643639693,0.5833165205777575,0.27984012157066607,0.549385438592307,0.5247985346859969
Gyeongjeon + Daegu + Yeongdong + Janghang + Jungang + Taebaek,6,True,0.556824424777329,0.48751187797658596,0.069312546800743,0.5804443640870389,0.28080749755194656,0.44317557522267104,0.3683919614411044
Gyeongjeon + Daegu + Yeongdong + Janghang + Jungang + Honam,6,True,0.6299830191485324,0.5191893317921886,0.11079368735634376,0.910791386966945,0.18120265075712338,0.3700169808514676,0.3322378297577948
Gyeongjeon + Daegu + Yeongdong + Janghang + Chungbuk + Taebaek,6,True,0.6007238601176048,0.6376194295262567,-0.03689556940865191,-0.3175747996747487,0.6245962538885885,0.3992761398823952,0.34252552722564267
Gyeongjeon + Daegu + Yeongdong + Janghang + Chungbuk + Honam,6,False,0.6738824544888086,0.6692968833418593,0.004585571146949241,0.04190558989702624,0.48328698011039783,0.32611754551119143,0.306371395542333
Gyeongjeon + Daegu + Yeongdong + Janghang + Taebaek + Honam,6,True,0.7800923178584444,0.7757686642747218,0.004323653583722553,0.045442232725311706,0.4818774094456345,0.21990768214155565,0.14996482229744057
Gyeongjeon + Daegu + Yeongdong + Jeolla + Jungang + Chungbuk,6,True,0.30425778416871974,0.3015795098714002,0.0026782742973195384,0.024349748779741005,0.4902868155452208,0.6957422158312803,0.5729795583892607
Gyeongjeon + Daegu + Yeongdong + Jeolla + Jungang + Taebaek,6,True,0.41046764753835563,0.40805129080426245,0.0024163567340931835,0.020132453897772552,0.4919688554604388,0.5895323524616444,0.41657298514436825
Gyeongjeon + Daegu + Yeongdong + Jeolla + Jungang + Honam,6,True,0.4836262419095591,0.43972874461986516,0.04389749728969394,0.3509003604371773,0.3628315505345603,0.5163737580904408,0.38041885346105864
Gyeongjeon + Daegu + Yeongdong + Jeolla + Chungbuk + Taebaek,6,True,0.4543670828786317,0.5581588423539331,-0.10379175947530139,-0.8457629534433274,0.8011575019778481,0.5456329171213683,0.3907065509289065
Gyeongjeon + Daegu + Yeongdong + Jeolla + Chungbuk + Honam,6,False,0.5275256772498351,0.5898362961695358,-0.06231061891970069,-0.5221121385869424,0.699203872323356,0.4724743227501649,0.3545524192455969
Gyeongjeon + Daegu + Yeongdong + Jeolla + Taebaek + Honam,6,True,0.6337355406194711,0.6963080771023984,-0.06257253648292727,-0.5366406950905045,0.704242085888569,0.3662644593805289,0.19814584600070442
Gyeongjeon + Daegu + Yeongdong + Jungang + Chungbuk + Taebaek,6,True,0.3902263344962952,0.3945597567583215,-0.004333422262026321,-0.03250423012073704,0.5129650286674374,0.6097736655037048,0.5246627953970417
Gyeongjeon + Daegu + Yeongdong + Jungang + Chungbuk + Honam,6,True,0.4633849288674986,0.4262372105739241,0.037147718293574494,0.2893101478957089,0.3861720236588271,0.5366150711325014,0.4885086637137321
Gyeongjeon + Daegu + Yeongdong + Jungang + Taebaek + Honam,6,True,0.5695947922371346,0.5327089915067865,0.036885800730348084,0.28698689497378,0.387061177330408,0.4304052077628654,0.33210209046883965
Gyeongjeon + Daegu + Yeongdong + Chungbuk + Taebaek + Honam,6,True,0.6134942275774105,0.6828165430564571,-0.06932231547904666,-0.5931018898567869,0.7234435171132145,0.38650577242258954,0.3062356562533779
Gyeongjeon + Daegu + Janghang + Jeolla + Jungang + Chungbuk,6,True,0.3440928989237455,0.2665377007209253,0.0775551982028202,0.7258876966165639,0.23395380976616253,0.6559071010762545,0.5977128767707903
Gyeongjeon + Daegu + Janghang + Jeolla + Jungang + Taebaek,6,True,0.45030276229338134,0.37300948165378767,0.07729328063959368,0.6643981826335816,0.25321774786288254,0.5496972377066187,0.44130630352589795
Gyeongjeon + Daegu + Janghang + Jeolla + Jungang + Honam,6,True,0.5234613566645849,0.4046869354693903,0.11877442119519466,0.9594243903250593,0.16867249640427895,0.47653864333541507,0.4051521718425883
Gyeongjeon + Daegu + Janghang + Jeolla + Chungbuk + Taebaek,6,True,0.49420219763365747,0.5231170332034583,-0.02891483556980079,-0.22261999363202895,0.5880843628753077,0.5057978023663425,0.4154398693104361
Gyeongjeon + Daegu + Janghang + Jeolla + Chungbuk + Honam,6,False,0.5673607920048608,0.554794487019061,0.012566304985799803,0.09753323692255592,0.46115147039851256,0.4326392079951392,0.3792857376271265
Gyeongjeon + Daegu + Janghang + Jeolla + Taebaek + Honam,6,True,0.6735706553744969,0.6612662679519232,0.01230438742257367,0.09799885459186305,0.4609666014471159,0.3264293446255031,0.22287916438223407
Gyeongjeon + Daegu + Janghang + Jungang + Chungbuk + Taebaek,6,True,0.43006144925132084,0.35951794760784656,0.07054350164347428,0.5837699379343175,0.2796875531540207,0.5699385507486792,0.5493961137785713
Gyeongjeon + Daegu + Janghang + Jungang + Chungbuk + Honam,6,True,0.5032200436225244,0.3911954014234493,0.1120246421990751,0.9514483818931659,0.17068840494338522,0.49677995637747563,0.5132419820952617
Gyeongjeon + Daegu + Janghang + Jungang + Taebaek + Honam,6,True,0.6094299069921603,0.4976671823563117,0.11176272463584858,0.9546064402581684,0.16988837953965907,0.39057009300783974,0.35683540885036924
Gyeongjeon + Daegu + Janghang + Chungbuk + Taebaek + Honam,6,True,0.6533293423324363,0.6477747339059821,0.005554608426454277,0.04775316789025392,0.48095648027649585,0.34667065766756366,0.3309689746349075
Gyeongjeon + Daegu + Jeolla + Jungang + Chungbuk + Taebaek,6,True,0.2837046720123476,0.2800573604355231,0.003647311576824519,0.03306271912879441,0.4868122861552987,0.7162953279876524,0.5975771374818352
Gyeongjeon + Daegu + Jeolla + Jungang + Chungbuk + Honam,6,True,0.35686326638355115,0.31173481425112587,0.04512845213242528,0.4096503196293806,0.34103123931179447,0.6431367336164489,0.5614230057985256
Gyeongjeon + Daegu + Jeolla + Jungang + Taebaek + Honam,6,True,0.4630731297531871,0.4182065951839881,0.04486653456919898,0.375795026085226,0.3535346429239463,0.5369268702468128,0.4050164325536332
Gyeongjeon + Daegu + Jeolla + Chungbuk + Taebaek + Honam,6,True,0.5069725650934631,0.5683141467336588,-0.06134158164019565,-0.4928073014456881,0.68892562441989,0.4930274349065369,0.3791499983381713
Gyeongjeon + Daegu + Jungang + Chungbuk + Taebaek + Honam,6,True,0.44283181671112654,0.40471506113804706,0.038116755573079475,0.2920479931210138,0.3851249647269329,0.5571681832888735,0.5131062428063066
Gyeongjeon + Yeongdong + Janghang + Jeolla + Jungang + Chungbuk,6,True,0.2845995698449136,0.23801036893692515,0.04658920090798843,0.45150689946104916,0.3258121267660268,0.7154004301550865,0.6067188713641214
Gyeongjeon + Yeongdong + Janghang + Jeolla + Jungang + Taebaek,6,True,0.39080943321454953,0.34448214986978737,0.04632728334476216,0.4017758287517495,0.3439245062476428,0.6091905667854505,0.4503122981192289
Gyeongjeon + Yeongdong + Janghang + Jeolla + Jungang + Honam,6,True,0.463968027585753,0.37615960368539014,0.08780842390036286,0.7190992726864949,0.23603987771455703,0.536031972414247,0.4141581664359193
Gyeongjeon + Yeongdong + Janghang + Jeolla + Chungbuk + Taebaek,6,True,0.43470886855482554,0.4945897014194582,-0.05988083286463264,-0.45924287536512354,0.676970117771793,0.5652911314451745,0.42444586390376704
Gyeongjeon + Yeongdong + Janghang + Jeolla + Chungbuk + Honam,6,True,0.5078674629260289,0.5262671552350608,-0.018399692309031934,-0.14300327070785784,0.5568562009536343,0.4921325370739711,0.38829173222045743
Gyeongjeon + Yeongdong + Janghang + Jeolla + Taebaek + Honam,6,True,0.6140773262956649,0.6327389361679231,-0.018661609872258178,-0.1463995307688138,0.5581970011439523,0.3859226737043351,0.23188515897556503
Gyeongjeon + Yeongdong + Janghang + Jungang + Chungbuk + Taebaek,6,True,0.37056812017248897,0.3309906158238465,0.03957750434864249,0.3270083716419994,0.37183077668060194,0.629431879827511,0.5584021083719023
Gyeongjeon + Yeongdong + Janghang + Jungang + Chungbuk + Honam,6,True,0.44372671454369256,0.36266806963944903,0.08105864490424353,0.6917332273182281,0.24455243815840622,0.5562732854563075,0.5222479766885927
Gyeongjeon + Yeongdong + Janghang + Jungang + Taebaek + Honam,6,True,0.5499365779133284,0.4691398505723114,0.080796727341017,0.6803088022839836,0.24815447610598973,0.4500634220866716,0.3658414034437002
Gyeongjeon + Yeongdong + Janghang + Chungbuk + Taebaek + Honam,6,True,0.5938360132536046,0.6192474021219821,-0.02541138886837757,-0.21251320086194178,0.5841466599110873,0.4061639867463954,0.33997496922823844
Gyeongjeon + Yeongdong + Jeolla + Jungang + Chungbuk + Taebaek,6,True,0.22421134293351572,0.25153002865152296,-0.027318685718007246,-0.2514066539095922,0.5992501380966988,0.7757886570664843,0.6065831320751661
Gyeongjeon + Yeongdong + Jeolla + Jungang + Chungbuk + Honam,6,True,0.2973699373047193,0.2832074824671256,0.014162454837593652,0.1315091810659331,0.4476862621058708,0.7026300626952807,0.5704290003918565
Gyeongjeon + Yeongdong + Jeolla + Jungang + Taebaek + Honam,6,True,0.40357980067435517,0.3896792633999879,0.013900537274367297,0.11646585566931777,0.4536416725681953,0.5964201993256448,0.41402242714696413
Gyeongjeon + Yeongdong + Jeolla + Chungbuk + Taebaek + Honam,6,True,0.44747923601463124,0.5397868149496586,-0.09230757893502739,-0.7330891090541006,0.7682479588846621,0.5525207639853688,0.38815599293150227
Gyeongjeon + Yeongdong + Jungang + Chungbuk + Taebaek + Honam,6,True,0.3833384876322947,0.37618772935404693,0.007150758278247793,0.0543519822059793,0.47832736745716176,0.6166615123677053,0.5221122373996375
Gyeongjeon + Janghang + Jeolla + Jungang + Chungbuk + Taebaek,6,True,0.2640464576885415,0.2164882195010481,0.04755823818749341,0.46500234763689896,0.32096488769962295,0.7359535423114585,0.6313164504566957
Gyeongjeon + Janghang + Jeolla + Jungang + Chungbuk + Honam,6,True,0.33720505205974505,0.24816567331665074,0.08903937874309431,0.8568829337021308,0.19575479274879437,0.662794947940255,0.5951623187733861
Gyeongjeon + Janghang + Jeolla + Jungang + Taebaek + Honam,6,True,0.4434149154293809,0.35463745424951304,0.08877746117986784,0.7710579049395021,0.22033630510617508,0.5565850845706191,0.4387557455284937
Gyeongjeon + Janghang + Jeolla + Chungbuk + Taebaek + Honam,6,True,0.48731435076965696,0.5047450057991837,-0.01743065502952673,-0.1315846033723421,0.5523435678239643,0.5126856492303431,0.41288931131303186
Gyeongjeon + Janghang + Jungang + Chungbuk + Taebaek + Honam,6,True,0.42317360238732044,0.341145920203572,0.08202768218374845,0.6927472033152355,0.2442341052557453,0.5768263976126795,0.5468455557811671
Gyeongjeon + Jeolla + Jungang + Chungbuk + Taebaek + Honam,6,True,0.27681682514834716,0.2616853330312485,0.015131492117098633,0.14060457856678976,0.4440911655008961,0.7231831748516528,0.5950265794844309
Daegu + Yeongdong + Janghang + Jeolla + Jungang + Chungbuk,6,True,0.33831191648950193,0.27413800423414914,0.0641739122553528,0.5883393960641768,0.2781522536387182,0.6616880835104981,0.5785839710892073
Daegu + Yeongdong + Janghang + Jeolla + Jungang + Taebaek,6,True,0.4445217798591378,0.38060978516701144,0.06391199469212638,0.5440376837914112,0.2932077706477062,0.5554782201408621,0.42217739784431496
Daegu + Yeongdong + Janghang + Jeolla + Jungang + Honam,6,True,0.5176803742303412,0.41228723898261416,0.10539313524772703,0.8625655953960704,0.1941881766513298,0.4823196257696588,0.3860232661610053
Daegu + Yeongdong + Janghang + Jeolla + Chungbuk + Taebaek,6,True,0.48842121519941384,0.5307173367166821,-0.04229612151726825,-0.3309379096877679,0.6296543069725624,0.5115787848005862,0.3963109636288531
Daegu + Yeongdong + Janghang + Jeolla + Chungbuk + Honam,6,False,0.5615798095706173,0.5623947905322848,-0.0008149809616675441,-0.0065670152033603735,0.5026198411902367,0.43842019042938274,0.3601568319455435
Daegu + Yeongdong + Janghang + Jeolla + Taebaek + Honam,6,True,0.6677896729402534,0.6688665714651473,-0.001076898524893899,-0.008989742272719384,0.5035863399771452,0.3322103270597466,0.20375025870065108
Daegu + Yeongdong + Janghang + Jungang + Chungbuk + Taebaek,6,True,0.42428046681707726,0.36711825112107044,0.057162215696006824,0.4424533693429245,0.32908058329357237,0.5757195331829228,0.5302672080969884
Daegu + Yeongdong + Janghang + Jungang + Chungbuk + Honam,6,False,0.49743906118828074,0.3987957049366731,0.09864335625160764,0.7977966183024042,0.2124942620305832,0.5025609388117193,0.4941130764136787
Daegu + Yeongdong + Janghang + Jungang + Taebaek + Honam,6,False,0.6036489245579169,0.5052674858695354,0.09838143868838145,0.8055254294638947,0.21025826900943878,0.39635107544208315,0.33770650316878625
Daegu + Yeongdong + Janghang + Chungbuk + Taebaek + Honam,6,False,0.6475483598981927,0.6553750374192061,-0.007826677521013403,-0.06629592667506864,0.526428886932623,0.3524516401018073,0.3118400689533245
Daegu + Yeongdong + Jeolla + Jungang + Chungbuk + Taebaek,6,True,0.2779236895781041,0.2876576639487469,-0.009733974370642828,-0.08516467511422542,0.5339347631536433,0.7220763104218959,0.5784482318002522
Daegu + Yeongdong + Jeolla + Jungang + Chungbuk + Honam,6,True,0.35108228394930757,0.31933511776434964,0.03174716618495793,0.2854808591417852,0.3876378833651005,0.6489177160506925,0.5422941001169426
Daegu + Yeongdong + Jeolla + Jungang + Taebaek + Honam,6,True,0.45729214731894346,0.4258068986972119,0.031485248621731576,0.26357500707162346,0.39605370957068575,0.5427078526810565,0.3858875268720502
Daegu + Yeongdong + Jeolla + Chungbuk + Taebaek + Honam,6,True,0.5011915826592196,0.5759144502468826,-0.074722867587663,-0.616163219106647,0.7311065994895212,0.4988084173407804,0.3600210926565883
Daegu + Yeongdong + Jungang + Chungbuk + Taebaek + Honam,6,False,0.437050834276883,0.41231536465127094,0.024735469625612072,0.18006220423508218,0.4285518671151577,0.5629491657231169,0.4939773371247236
Daegu + Janghang + Jeolla + Jungang + Chungbuk + Taebaek,6,True,0.31775880433312986,0.25261585479827203,0.06514294953485783,0.5995317279379005,0.27440917943908094,0.6822411956668701,0.6031815501817819
Daegu + Janghang + Jeolla + Jungang + Chungbuk + Honam,6,True,0.39091739870433334,0.2842933086138747,0.10662409009045865,0.9875631827012487,0.16168331248162637,0.6090826012956667,0.5670274184984723
Daegu + Janghang + Jeolla + Jungang + Taebaek + Honam,6,True,0.4971272620739692,0.39076508954673705,0.10636217252723212,0.9198246770726519,0.17883219278801454,0.5028727379260308,0.4106208452535798
Daegu + Janghang + Jeolla + Chungbuk + Taebaek + Honam,6,True,0.5410266974142453,0.5408726410964076,0.0001540563178376031,0.001199704212394119,0.49952138738051066,0.45897330258575475,0.384754411038118
Daegu + Janghang + Jungang + Chungbuk + Taebaek + Honam,6,False,0.4768859490319087,0.377273555500796,0.09961239353111268,0.79568168817196,0.21310853648059258,0.5231140509680914,0.5187106555062532
Daegu + Jeolla + Jungang + Chungbuk + Taebaek + Honam,6,True,0.3305291717929355,0.29781296832847254,0.03271620346446297,0.29325173081383965,0.38466487286022943,0.6694708282070645,0.5668916792095171
Yeongdong + Janghang + Jeolla + Jungang + Chungbuk + Taebaek,6,True,0.25826547525429794,0.2240885230142719,0.03417695224002604,0.32140664911686134,0.37395112247527873,0.7417345247457021,0.6121875447751128
Yeongdong + Janghang + Jeolla + Jungang + Chungbuk + Honam,6,True,0.33142406962550147,0.25576597682987456,0.07565809279562691,0.7219923088388192,0.23514960308985855,0.6685759303744985,0.5760334130918032
Yeongdong + Janghang + Jeolla + Jungang + Taebaek + Honam,6,True,0.43763393299513736,0.36223775776273676,0.07539617523240061,0.6556282404887989,0.25603167523207826,0.5623660670048627,0.41962683984691074
Yeongdong + Janghang + Jeolla + Chungbuk + Taebaek + Honam,6,True,0.4815333683354134,0.5123453093124076,-0.030811940976994245,-0.23833422031514886,0.5941890590282559,0.5184666316645866,0.3937604056314489
Yeongdong + Janghang + Jungang + Chungbuk + Taebaek + Honam,6,False,0.4173926199530768,0.34874622371679587,0.06864639623628094,0.545942680766742,0.29255266932756296,0.5826073800469231,0.5277166500995841
Yeongdong + Jeolla + Jungang + Chungbuk + Taebaek + Honam,6,True,0.27103584271410364,0.26928563654447235,0.0017502061696312854,0.015860680865131958,0.49367276908902125,0.7289641572858964,0.575897673802848
Janghang + Jeolla + Jungang + Chungbuk + Taebaek + Honam,6,True,0.3108709574691294,0.2342438273939975,0.07662713007513192,0.7372609153047223,0.23048184783268533,0.6891290425308706,0.6006309921843777
Gyeongbu + Gyeongjeon + Daegu + Yeongdong + Janghang + Jeolla + Jungang,7,True,0.2732453447016068,0.23873563031960499,0.03450971438200179,0.31343045560273664,0.3769768244090488,0.7267546552983932,0.7549210379977841
Gyeongbu + Gyeongjeon + Daegu + Yeongdong + Janghang + Jeolla + Chungbuk,7,True,0.31714478004188273,0.3888431818692757,-0.07169840182739295,-0.5751774642894111,0.7174143588701136,0.6828552199581173,0.7290546037823225
Gyeongbu + Gyeongjeon + Daegu + Yeongdong + Janghang + Jeolla + Taebaek,7,True,0.4233546434115187,0.49531496280213805,-0.07196031939061936,-0.5504011091696428,0.7089778559606724,0.5766453565884813,0.57264803053743
Gyeongbu + Gyeongjeon + Daegu + Yeongdong + Janghang + Jeolla + Honam,7,True,0.49651323778272216,0.5269924166177408,-0.030479178835018605,-0.2227445845082975,0.5881328502352753,0.5034867622172778,0.5364938988541204
Gyeongbu + Gyeongjeon + Daegu + Yeongdong + Janghang + Jungang + Chungbuk,7,True,0.2530040316595462,0.225244096273664,0.0277599353858822,0.26749662087499687,0.3945434077825505,0.7469959683404538,0.8630108482504575
Gyeongbu + Gyeongjeon + Daegu + Yeongdong + Janghang + Jungang + Taebaek,7,True,0.35921389502918216,0.33171587720652634,0.027498017822655818,0.2411362858281296,0.4047247451813242,0.6407861049708179,0.7066042750055651
Gyeongbu + Gyeongjeon + Daegu + Yeongdong + Janghang + Jungang + Honam,7,True,0.43237248940038564,0.36339333102212895,0.06897915837825669,0.5795830820231933,0.28109790227241715,0.5676275105996144,0.6704501433222555
Gyeongbu + Gyeongjeon + Daegu + Yeongdong + Janghang + Chungbuk + Taebaek,7,True,0.4031133303694581,0.48182342875619705,-0.07871009838673892,-0.6433337705803435,0.7399962260573837,0.5968866696305419,0.6807378407901034
Gyeongbu + Gyeongjeon + Daegu + Yeongdong + Janghang + Chungbuk + Honam,7,True,0.47627192474066166,0.5135008825717997,-0.037228957831138054,-0.313883641000765,0.6231952922325892,0.5237280752593383,0.6445837091067937
Gyeongbu + Gyeongjeon + Daegu + Yeongdong + Janghang + Taebaek + Honam,7,True,0.5824817881102976,0.6199726635046621,-0.037490875394364465,-0.3245061410048597,0.6272225631241448,0.4175182118897024,0.48817713586190126
Gyeongbu + Gyeongjeon + Daegu + Yeongdong + Jeolla + Jungang + Chungbuk,7,True,0.10664725442057298,0.14578350910134052,-0.03913625468076755,-0.48891316271393365,0.6875484117711335,0.893352745579427,0.9111918719537214
Gyeongbu + Gyeongjeon + Daegu + Yeongdong + Jeolla + Jungang + Taebaek,7,True,0.21285711779020888,0.25225529003420283,-0.039398172243993945,-0.377087118419032,0.6469455680873806,0.7871428822097911,0.7547852987088289
Gyeongbu + Gyeongjeon + Daegu + Yeongdong + Jeolla + Jungang + Honam,7,True,0.28601571216141236,0.2839327438498055,0.00208296831160687,0.018423305839150063,0.4926505801128239,0.7139842878385876,0.7186311670255193
Gyeongbu + Gyeongjeon + Daegu + Yeongdong + Jeolla + Chungbuk + Taebaek,7,True,0.25675655313048495,0.4023628415838736,-0.14560628845338863,-1.2177312673729204,0.8883369445053311,0.743243446869515,0.7289188644933673
Gyeongbu + Gyeongjeon + Daegu + Yeongdong + Jeolla + Chungbuk + Honam,7,True,0.32991514750168843,0.43404029539947625,-0.10412514789778782,-0.8768135931483887,0.8097060526809461,0.6700848524983116,0.6927647328100577
Gyeongbu + Gyeongjeon + Daegu + Yeongdong + Jeolla + Taebaek + Honam,7,True,0.4361250108713244,0.5405120763323386,-0.10438706546101417,-0.8342539569692868,0.7979310542051747,0.5638749891286756,0.5363581595651652
Gyeongbu + Gyeongjeon + Daegu + Yeongdong + Jungang + Chungbuk + Taebaek,7,True,0.1926158047481484,0.2387637559882618,-0.046147951240113394,-0.3927529069428218,0.6527490049693491,0.8073841952518516,0.8628751089615023
Gyeongbu + Gyeongjeon + Daegu + Yeongdong + Jungang + Chungbuk + Honam,7,True,0.2657743991193519,0.27044120980386455,-0.0046668106845126345,-0.04071003028517188,0.5162364673926843,0.734225600880648,0.8267209772781927
Gyeongbu + Gyeongjeon + Daegu + Yeongdong + Jungang + Taebaek + Honam,7,True,0.37198426248898786,0.3769129907367268,-0.004928728247738934,-0.039748984698576954,0.5158533758152369,0.6280157375110121,0.6703144040333003
Gyeongbu + Gyeongjeon + Daegu + Yeongdong + Chungbuk + Taebaek + Honam,7,True,0.4158836978292638,0.5270205422863975,-0.11113684445713368,-0.9001512562811514,0.8159801189791507,0.5841163021707362,0.6444479698178386
Gyeongbu + Gyeongjeon + Daegu + Janghang + Jeolla + Jungang + Chungbuk,7,True,0.14648236917559873,0.11074169995086565,0.03574066922473308,0.46591228293026177,0.32063914439098773,0.8535176308244012,0.935925190335251
Gyeongbu + Gyeongjeon + Daegu + Janghang + Jeolla + Jungang + Taebaek,7,True,0.25269223254523465,0.21721348088372788,0.03547875166150677,0.3512116746797404,0.3627147761042545,0.7473077674547653,0.7795186170903585
Gyeongbu + Gyeongjeon + Daegu + Janghang + Jeolla + Jungang + Honam,7,True,0.3258508269164382,0.24889093469933063,0.07695989221710756,0.685099973940609,0.24664041835098538,0.6741491730835618,0.7433644854070489
Gyeongbu + Gyeongjeon + Daegu + Janghang + Jeolla + Chungbuk + Taebaek,7,True,0.29659166788551067,0.36732103243339864,-0.07072936454788797,-0.5545526128857331,0.7103996453856554,0.7034083321144893,0.7536521828748968
Gyeongbu + Gyeongjeon + Daegu + Janghang + Jeolla + Chungbuk + Honam,7,True,0.36975026225671415,0.39899848624900136,-0.029248223992287214,-0.2268750975538114,0.5897395667792549,0.6302497377432859,0.7174980511915872
Gyeongbu + Gyeongjeon + Daegu + Janghang + Jeolla + Taebaek + Honam,7,True,0.4759601256263501,0.5054702671818637,-0.029510141555513625,-0.22004506074494726,0.5870819693846933,0.5240398743736498,0.5610914779466948
Gyeongbu + Gyeongjeon + Daegu + Janghang + Jungang + Chungbuk + Taebaek,7,True,0.23245091950317415,0.20372194683778694,0.02872897266538721,0.27651244908166916,0.39107724963241264,0.7675490804968259,0.887608427343032
Gyeongbu + Gyeongjeon + Daegu + Janghang + Jungang + Chungbuk + Honam,7,True,0.3056095138743776,0.2353994006533896,0.07021011322098802,0.6794625914038488,0.248422401287002,0.6943904861256224,0.8514542956597224
Gyeongbu + Gyeongjeon + Daegu + Janghang + Jungang + Taebaek + Honam,7,True,0.4118193772440136,0.3418711815862519,0.06994819565776167,0.6201332240907624,0.2675850400463935,0.5881806227559865,0.6950477224148299
Gyeongbu + Gyeongjeon + Daegu + Janghang + Chungbuk + Taebaek + Honam,7,True,0.4557188125842895,0.49197873313592266,-0.036259920551633185,-0.29340753220593196,0.6153946655942777,0.5442811874157105,0.6691812881993682
Gyeongbu + Gyeongjeon + Daegu + Jeolla + Jungang + Chungbuk + Taebaek,7,True,0.08609414226420092,0.12426135966546345,-0.038167217401262526,-0.487582593942937,0.6870772364801683,0.913905857735799,0.9357894510462959
Gyeongbu + Gyeongjeon + Daegu + Jeolla + Jungang + Chungbuk + Honam,7,True,0.15925273663540443,0.15593881348106614,0.0033139231543382885,0.04043628435395255,0.4838726515812576,0.8407472633645956,0.8996353193629862
Gyeongbu + Gyeongjeon + Daegu + Jeolla + Jungang + Taebaek + Honam,7,True,0.26546260000504035,0.2624105944139284,0.0030520055911119615,0.029052274266515007,0.4884114496658475,0.7345373999949596,0.7432287461180938
Gyeongbu + Gyeongjeon + Daegu + Jeolla + Chungbuk + Taebaek + Honam,7,True,0.3093620353453163,0.4125181459635992,-0.10315611061828289,-0.8422057695929223,0.8001636075700707,0.6906379646546836,0.717362311902632
Gyeongbu + Gyeongjeon + Daegu + Jungang + Chungbuk + Taebaek + Honam,7,True,0.24522128696297982,0.24891906036798744,-0.003697773405007626,-0.03201869300126561,0.5127714281597846,0.7547787130370202,0.8513185563707673
Gyeongbu + Gyeongjeon + Yeongdong + Janghang + Jeolla + Jungang + Chungbuk,7,True,0.08698904009676685,0.08221436816686546,0.004774671929901386,0.07470441809259949,0.4702249461845882,0.9130109599032331,0.9449311849285821
Gyeongbu + Gyeongjeon + Yeongdong + Janghang + Jeolla + Jungang + Taebaek,7,True,0.19319890346640278,0.18868614909972775,0.004512754366675031,0.04774280045327325,0.4809606115733517,0.8068010965335972,0.7885246116836896
Gyeongbu + Gyeongjeon + Yeongdong + Janghang + Jeolla + Jungang + Honam,7,True,0.2663574978376063,0.22036360291533041,0.0459938949222759,0.4351480726932477,0.33172747573540873,0.7336425021623937,0.75237048000038
Gyeongbu + Gyeongjeon + Yeongdong + Janghang + Jeolla + Chungbuk + Taebaek,7,True,0.23709833880667874,0.33879370064939845,-0.10169536184271971,-0.8203583495398896,0.7939940740542515,0.7629016611933213,0.7626581774682277
Gyeongbu + Gyeongjeon + Yeongdong + Janghang + Jeolla + Chungbuk + Honam,7,True,0.3102569331778823,0.3704711544650011,-0.06021422128711884,-0.48298334151533734,0.685446217781452,0.6897430668221177,0.7265040457849181
Gyeongbu + Gyeongjeon + Yeongdong + Janghang + Jeolla + Taebaek + Honam,7,True,0.4164667965475182,0.4769429353978634,-0.060476138850345196,-0.4579698228501997,0.676512939058337,0.5835332034524818,0.5700974725400257
Gyeongbu + Gyeongjeon + Yeongdong + Janghang + Jungang + Chungbuk + Taebaek,7,True,0.17295759042434228,0.17519461505378675,-0.002237024629444473,-0.022587718180567703,0.5090104295991149,0.8270424095756577,0.896614421936363
Gyeongbu + Gyeongjeon + Yeongdong + Janghang + Jungang + Chungbuk + Honam,7,True,0.2461161847955457,0.20687206886938947,0.03924411592615623,0.40233249592526493,0.34371967115925817,0.7538838152044542,0.8604602902530534
Gyeongbu + Gyeongjeon + Yeongdong + Janghang + Jungang + Taebaek + Honam,7,True,0.35232604816518165,0.3133438498022518,0.038982198362929876,0.35454414530482775,0.36146556328247614,0.6476739518348184,0.704053717008161
Gyeongbu + Gyeongjeon + Yeongdong + Janghang + Chungbuk + Taebaek + Honam,7,True,0.3962254835054577,0.4634514013519224,-0.0672259178464647,-0.5487334582632615,0.7084058093023629,0.6037745164945423,0.6781872827926991
Gyeongbu + Gyeongjeon + Yeongdong + Jeolla + Jungang + Chungbuk + Taebaek,7,True,0.02660081318536903,0.09573402788146328,-0.06913321469609425,-1.0047725203750624,0.8424968006142949,0.973399186814631,0.9447954456396269
Gyeongbu + Gyeongjeon + Yeongdong + Jeolla + Jungang + Chungbuk + Honam,7,True,0.0997594075565725,0.12741148169706598,-0.027652074140493477,-0.38546103972789886,0.650052066807592,0.9002405924434275,0.9086413139563173
Gyeongbu + Gyeongjeon + Yeongdong + Jeolla + Jungang + Taebaek + Honam,7,True,0.20596927092620845,0.23388326262992823,-0.027913991703719776,-0.27920795117172315,0.6099573789795677,0.7940307290737916,0.7522347407114248
Gyeongbu + Gyeongjeon + Yeongdong + Jeolla + Chungbuk + Taebaek + Honam,7,True,0.24986870626648447,0.38399081417959896,-0.1341221079131145,-1.1203522328626778,0.8687181541095474,0.7501312937335155,0.726368306495963
Gyeongbu + Gyeongjeon + Yeongdong + Jungang + Chungbuk + Taebaek + Honam,7,True,0.18572795788414795,0.22039172858398726,-0.03466377069983931,-0.30904850570064946,0.6213576853059932,0.814272042115852,0.8603245509640982
Gyeongbu + Gyeongjeon + Janghang + Jeolla + Jungang + Chungbuk + Taebaek,7,True,0.06643592794039475,0.06069221873098839,0.005743709209406367,0.09644582978713911,0.46158324741946877,0.9335640720596052,0.9695287640211565
Gyeongbu + Gyeongjeon + Janghang + Jeolla + Jungang + Chungbuk + Honam,7,True,0.13959452231159827,0.09236967254659108,0.047224849765007196,0.7034972931335005,0.24087294653664015,0.8604054776884017,0.9333746323378469
Gyeongbu + Gyeongjeon + Janghang + Jeolla + Jungang + Taebaek + Honam,7,True,0.24580438568123422,0.19884145347945337,0.046962932201780855,0.4905129826183723,0.31188547263821165,0.7541956143187658,0.7769680590929544
Gyeongbu + Gyeongjeon + Janghang + Jeolla + Chungbuk + Taebaek + Honam,7,True,0.2897038210215102,0.348949005029124,-0.059245184007613805,-0.4656999123173957,0.679284842430455,0.7102961789784898,0.7511016248774927
Gyeongbu + Gyeongjeon + Janghang + Jungang + Chungbuk + Taebaek + Honam,7,True,0.22556307263917366,0.18534991943351237,0.040213153205661295,0.4136193015894557,0.3395764676692862,0.7744369273608264,0.8850578693456279
Gyeongbu + Gyeongjeon + Jeolla + Jungang + Chungbuk + Taebaek + Honam,7,True,0.07920629540020045,0.10588933226118888,-0.026683036860988427,-0.38598086642016227,0.650244580369421,0.9207937045997996,0.9332388930488917
Gyeongbu + Daegu + Yeongdong + Janghang + Jeolla + Jungang + Chungbuk,7,True,0.14070138674135518,0.11834200346408948,0.022359383277265707,0.2879531903375883,0.3866912851845342,0.8592986132586449,0.916796284653668
Gyeongbu + Daegu + Yeongdong + Janghang + Jeolla + Jungang + Taebaek,7,True,0.2469112501109911,0.22481378439695177,0.022097465714039338,0.21951002949439827,0.4131263839844238,0.7530887498890089,0.7603897114087756
Gyeongbu + Daegu + Yeongdong + Janghang + Jeolla + Jungang + Honam,7,True,0.32006984448219467,0.25649123821255443,0.06357860626964024,0.5831983123568827,0.27987990356922987,0.6799301555178053,0.724235579725466
Gyeongbu + Daegu + Yeongdong + Janghang + Jeolla + Chungbuk + Taebaek,7,True,0.2908106854512671,0.3749213359466225,-0.08411065049535543,-0.6779092325072343,0.751085377111623,0.7091893145487329,0.7345232771933139
Gyeongbu + Daegu + Yeongdong + Janghang + Jeolla + Chungbuk + Honam,7,True,0.36396927982247057,0.4065987897622251,-0.042629509939754506,-0.34710459282281003,0.63574362840308,0.6360307201775295,0.6983691455100043
Gyeongbu + Daegu + Yeongdong + Janghang + Jeolla + Taebaek + Honam,7,True,0.4701791431921065,0.5130705706950874,-0.04289142750298092,-0.33663990386734316,0.6318058143787111,0.5298208568078935,0.5419625722651118
Gyeongbu + Daegu + Yeongdong + Janghang + Jungang + Chungbuk + Taebaek,7,True,0.2266699370689306,0.21132225035101077,0.015347686717919834,0.13702483446972294,0.44550558259467576,0.7733300629310694,0.8684795216614489
Gyeongbu + Daegu + Yeongdong + Janghang + Jungang + Chungbuk + Honam,7,False,0.29982853144013405,0.24299970416661346,0.056828827273520593,0.5239323463961401,0.30016279794609035,0.7001714685598659,0.8323253899781393
Gyeongbu + Daegu + Yeongdong + Janghang + Jungang + Taebaek + Honam,7,False,0.40603839480977005,0.34947148509947573,0.05656690971029432,0.48515340109462063,0.3137837671189234,0.5939616051902299,0.6759188167332469
Gyeongbu + Daegu + Yeongdong + Janghang + Chungbuk + Taebaek + Honam,7,False,0.44993783015004596,0.4995790366491465,-0.04964120649910053,-0.40077396771900997,0.6557067266662169,0.550062169849954,0.6500523825177852
Gyeongbu + Daegu + Yeongdong + Jeolla + Jungang + Chungbuk + Taebaek,7,True,0.08031315982995739,0.1318616631786873,-0.051548503348729915,-0.6305162117961591,0.7358215503220693,0.9196868401700427,0.9166605453647129
Gyeongbu + Daegu + Yeongdong + Jeolla + Jungang + Chungbuk + Honam,7,True,0.1534717542011609,0.16353911699429002,-0.010067362793129114,-0.12383022265742305,0.5492751491230516,0.8465282457988391,0.8805064136814033
Gyeongbu + Daegu + Yeongdong + Jeolla + Jungang + Taebaek + Honam,7,True,0.2596816175707968,0.2700108979271522,-0.010329280356355441,-0.09979388001011633,0.5397460165792969,0.7403183824292032,0.7240998404365109
Gyeongbu + Daegu + Yeongdong + Jeolla + Chungbuk + Taebaek + Honam,7,True,0.3035810529110728,0.420118449476823,-0.11653739656575018,-0.9892583136528375,0.8387316129556543,0.6964189470889273,0.6982334062210491
Gyeongbu + Daegu + Yeongdong + Jungang + Chungbuk + Taebaek + Honam,7,False,0.2394403045287363,0.2565193638812112,-0.017079059352474918,-0.14021585986894447,0.5557552793337261,0.7605596954712637,0.8321896506891842
Gyeongbu + Daegu + Janghang + Jeolla + Jungang + Chungbuk + Taebaek,7,True,0.12014827458498309,0.09681985402821239,0.0233284205567707,0.31210902870487967,0.3774788325619084,0.8798517254150169,0.9413938637462425
Gyeongbu + Daegu + Janghang + Jeolla + Jungang + Chungbuk + Honam,7,True,0.19330686895618662,0.1284973078438151,0.06480956111237152,0.832552139614908,0.20254868042657836,0.8066931310438133,0.9052397320629328
Gyeongbu + Daegu + Janghang + Jeolla + Jungang + Taebaek + Honam,7,True,0.29951673232582254,0.23496908877667735,0.06454764354914519,0.6462794791342348,0.25904918757233286,0.7004832676741775,0.7488331588180405
Gyeongbu + Daegu + Janghang + Jeolla + Chungbuk + Taebaek + Honam,7,True,0.3434161676660985,0.38507664032634803,-0.041660472660249526,-0.3312187349627946,0.6297603651423309,0.6565838323339015,0.7229667246025787
Gyeongbu + Daegu + Janghang + Jungang + Chungbuk + Taebaek + Honam,7,False,0.27927541928376204,0.22147755473073635,0.057797864553025685,0.5321075373815923,0.29732575864837807,0.7207245807162379,0.8569229690707139
Gyeongbu + Daegu + Jeolla + Jungang + Chungbuk + Taebaek + Honam,7,True,0.13291864204478884,0.1420169675584129,-0.00909832551362405,-0.11428344275585645,0.5454934463663754,0.8670813579552111,0.9051039927739777
Gyeongbu + Yeongdong + Janghang + Jeolla + Jungang + Chungbuk + Taebaek,7,True,0.060654945506151234,0.06829252224421221,-0.0076375767380609805,-0.11992377450854609,0.5477282344737322,0.9393450544938488,0.9503998583395735
Gyeongbu + Yeongdong + Janghang + Jeolla + Jungang + Chungbuk + Honam,7,True,0.1338135398773547,0.09996997605981492,0.03384356381753978,0.5130013951655006,0.30397517238066163,0.8661864601226453,0.9142457266562639
Gyeongbu + Yeongdong + Janghang + Jeolla + Jungang + Taebaek + Honam,7,True,0.24002340324699062,0.20644175699267722,0.033581646254313396,0.3580420333646663,0.3601559288830529,0.7599765967530094,0.7578391534113715
Gyeongbu + Yeongdong + Janghang + Jeolla + Chungbuk + Taebaek + Honam,7,True,0.28392283858726663,0.35654930854234795,-0.07262646995508132,-0.5927458809925581,0.7233243844455463,0.7160771614127334,0.7319727191959096
Gyeongbu + Yeongdong + Janghang + Jungang + Chungbuk + Taebaek + Honam,7,False,0.21978209020493017,0.19295022294673622,0.026831867258193948,0.2569532822105901,0.39860741889737406,0.7802179097950699,0.8659289636640448
Gyeongbu + Yeongdong + Jeolla + Jungang + Chungbuk + Taebaek + Honam,7,True,0.07342531296595693,0.11348963577441273,-0.0400643228084558,-0.5645253508177538,0.7138016738043079,0.9265746870340431,0.9141099873673088
Gyeongbu + Janghang + Jeolla + Jungang + Chungbuk + Taebaek + Honam,7,True,0.11326042772098265,0.07844782662393783,0.034812601097044815,0.5630794063359577,0.28669040695796266,0.8867395722790173,0.9388433057488383
Gyeongjeon + Daegu + Yeongdong + Janghang + Jeolla + Jungang + Chungbuk,7,True,0.2845813191790594,0.23341274908935394,0.051168570089705434,0.49874784034089187,0.3089785186402245,0.7154186808209406,0.6147241378250936
Gyeongjeon + Daegu + Yeongdong + Janghang + Jeolla + Jungang + Taebaek,7,True,0.3907911825486953,0.3398845300222162,0.050906652526479135,0.4417816430876174,0.329323611717252,0.6092088174513046,0.4583175645802011
Gyeongjeon + Daegu + Yeongdong + Janghang + Jeolla + Jungang + Honam,7,True,0.46394977691989886,0.3715619838378189,0.09238779308207995,0.7567626076204338,0.22459604928012955,0.5360502230801012,0.4221634328968915
Gyeongjeon + Daegu + Yeongdong + Janghang + Jeolla + Chungbuk + Taebaek,7,True,0.4346906178889714,0.48999208157188695,-0.05530146368291555,-0.42850233049021225,0.6658572814008872,0.5653093821110287,0.43245113036473937
Gyeongjeon + Daegu + Yeongdong + Janghang + Jeolla + Chungbuk + Honam,7,False,0.5078492122601749,0.5216695353874895,-0.013820323127314627,-0.10851448313195505,0.5432062037617351,0.4921507877398251,0.39629699868142976
Gyeongjeon + Daegu + Yeongdong + Janghang + Jeolla + Taebaek + Honam,7,True,0.6140590756298108,0.6281413163203519,-0.014082240690541092,-0.11126596294688706,0.54429727729676,0.38594092437018923,0.23989042543653732
Gyeongjeon + Daegu + Yeongdong + Janghang + Jungang + Chungbuk + Taebaek,7,True,0.3705498695066348,0.32639299597627514,0.044156873530359686,0.36520434107256067,0.35747943903268053,0.6294501304933652,0.5664073748328746
Gyeongjeon + Daegu + Yeongdong + Janghang + Jungang + Chungbuk + Honam,7,True,0.44370846387783835,0.35807044979187785,0.0856380140859605,0.7312817001009971,0.23230355292454474,0.5562915361221616,0.530253243149565
Gyeongjeon + Daegu + Yeongdong + Janghang + Jungang + Taebaek + Honam,7,True,0.5499183272474742,0.4645422307247402,0.08537609652273404,0.7166683382185819,0.2367893833118171,0.45008167275252575,0.3738466699046725
Gyeongjeon + Daegu + Yeongdong + Janghang + Chungbuk + Taebaek + Honam,7,True,0.5938177625877503,0.614649782274411,-0.020832019686660708,-0.17570710274011295,0.5697379725281464,0.4061822374122497,0.34798023568921077
Gyeongjeon + Daegu + Yeongdong + Jeolla + Jungang + Chungbuk + Taebaek,7,True,0.2241930922676616,0.24693240880395173,-0.022739316536290133,-0.2101126691458527,0.5832101311812197,0.7758069077323384,0.6145883985361384
Gyeongjeon + Daegu + Yeongdong + Jeolla + Jungang + Chungbuk + Honam,7,True,0.2973516866388651,0.27860986261955445,0.018741824019310627,0.17466607631520692,0.4306710125636074,0.702648313361135,0.5784342668528288
Gyeongjeon + Daegu + Yeongdong + Jeolla + Jungang + Taebaek + Honam,7,True,0.40356155000850097,0.3850816435524167,0.018479906456084272,0.15472413729546258,0.4385194001660385,0.596438449991499,0.42202769360793635
Gyeongjeon + Daegu + Yeongdong + Jeolla + Chungbuk + Taebaek + Honam,7,True,0.4474609853487771,0.5351891951020874,-0.0877282097533103,-0.7035884278624341,0.7591554399763505,0.5525390146512229,0.3961612593924746
Gyeongjeon + Daegu + Yeongdong + Jungang + Chungbuk + Taebaek + Honam,7,True,0.3833202369664406,0.37159010950647575,0.011730127459964823,0.0891360231160651,0.46448690450876207,0.6166797630335594,0.5301175038606099
Gyeongjeon + Daegu + Janghang + Jeolla + Jungang + Chungbuk + Taebaek,7,True,0.2640282070226873,0.2118905996534768,0.0521376073692105,0.5128381302205473,0.30403227742385486,0.7359717929773126,0.639321716917668
Gyeongjeon + Daegu + Janghang + Jeolla + Jungang + Chungbuk + Honam,7,True,0.3371868013938909,0.2435680534690795,0.0936187479248114,0.9057186380445533,0.18254239744828382,0.6628131986061091,0.6031675852343584
Gyeongjeon + Daegu + Janghang + Jeolla + Jungang + Taebaek + Honam,7,True,0.4433966647635267,0.35003983440194186,0.09335683036158482,0.8111070762587239,0.2086520912533596,0.5566033352364733,0.44676101198946605
Gyeongjeon + Daegu + Janghang + Jeolla + Chungbuk + Taebaek + Honam,7,True,0.4872961001038028,0.5001473859516125,-0.012851285847809646,-0.09796085879833914,0.5390183130094399,0.5127038998961972,0.4208945777740042
Gyeongjeon + Daegu + Janghang + Jungang + Chungbuk + Taebaek + Honam,7,True,0.42315535172146623,0.3365483003560008,0.08660705136546543,0.731951294524618,0.23209914813306054,0.5768446482785338,0.5548508222421394
Gyeongjeon + Daegu + Jeolla + Jungang + Chungbuk + Taebaek + Honam,7,True,0.27679857448249295,0.25708771318367735,0.019710861298815607,0.1838464500589615,0.42706695763483493,0.723201425517507,0.6030318459454033
Gyeongjeon + Yeongdong + Janghang + Jeolla + Jungang + Chungbuk + Taebaek,7,True,0.20453487794385544,0.18336326786947665,0.02117161007437879,0.21579461323655383,0.41457392370677915,0.7954651220561446,0.6483277115109991
Gyeongjeon + Yeongdong + Janghang + Jeolla + Jungang + Chungbuk + Honam,7,True,0.277693472315059,0.21504072168507937,0.0626527506299796,0.6329796357532692,0.26337347074327844,0.722306527684941,0.6121735798276895
Gyeongjeon + Yeongdong + Janghang + Jeolla + Jungang + Taebaek + Honam,7,True,0.3839033356846949,0.3215125026179416,0.062390833066753304,0.5495344906269167,0.29131935080006177,0.6160966643153051,0.455767006582797
Gyeongjeon + Yeongdong + Janghang + Jeolla + Chungbuk + Taebaek + Honam,7,True,0.4278027710249709,0.4716200541676124,-0.043817283142641494,-0.33388170564213276,0.6307655874069344,0.5721972289750291,0.42990057236733514
Gyeongjeon + Yeongdong + Janghang + Jungang + Chungbuk + Taebaek + Honam,7,True,0.36366202264263436,0.3080209685720006,0.055641054070633744,0.47148791803953344,0.3186461727820554,0.6363379773573656,0.5638568168354704
Gyeongjeon + Yeongdong + Jeolla + Jungang + Chungbuk + Taebaek + Honam,7,True,0.21730524540366114,0.22856038139967716,-0.011255135996016019,-0.10724531421264538,0.5427028164208328,0.7826947545963389,0.6120378405387342
Gyeongjeon + Janghang + Jeolla + Jungang + Chungbuk + Taebaek + Honam,7,True,0.2571403601586869,0.19351857224920227,0.06362178790948464,0.6520536998848219,0.2571832654902839,0.7428596398413131,0.6367711589202638
Daegu + Yeongdong + Janghang + Jeolla + Jungang + Chungbuk + Taebaek,7,True,0.2582472245884438,0.21949090316670064,0.03875632142174315,0.36639095659390153,0.3570366834479637,0.7417527754115563,0.620192811236085
Daegu + Yeongdong + Janghang + Jeolla + Jungang + Chungbuk + Honam,7,True,0.3314058189596473,0.2511683569823034,0.08023746197734394,0.7694493947797647,0.2208132875779112,0.6685941810403526,0.5840386795527754
Daegu + Yeongdong + Janghang + Jeolla + Jungang + Taebaek + Honam,7,True,0.43761568232928316,0.3576401379151656,0.07997554441411758,0.6955195863789054,0.24336487047952016,0.5623843176707168,0.42763210630788306
Daegu + Yeongdong + Janghang + Jeolla + Chungbuk + Taebaek + Honam,7,True,0.48151511766955923,0.5077476894648364,-0.02623257179527716,-0.20495151840204506,0.581194998204307,0.5184848823304408,0.4017656720924212
Daegu + Yeongdong + Janghang + Jungang + Chungbuk + Taebaek + Honam,7,False,0.41737436928722266,0.3441486038692247,0.07322576541799797,0.5826192629234197,0.28007481748070273,0.5826256307127773,0.5357219165605565
Daegu + Yeongdong + Jeolla + Jungang + Chungbuk + Taebaek + Honam,7,True,0.27101759204824943,0.2646880166969012,0.00632957535134826,0.05754995515277234,0.4770535567794101,0.7289824079517506,0.5839029402638203
Daegu + Janghang + Jeolla + Jungang + Chungbuk + Taebaek + Honam,7,True,0.3108527068032752,0.22964620754642626,0.08120649925684895,0.785316695362767,0.21613395475268282,0.6891472931967249,0.60863625864535
Yeongdong + Janghang + Jeolla + Jungang + Chungbuk + Taebaek + Honam,7,True,0.25135937772444333,0.20111887576242612,0.05024050196201721,0.5005383110999782,0.30834804356480594,0.7486406222755566,0.6176422532386809
Gyeongbu + Gyeongjeon + Daegu + Yeongdong + Janghang + Jeolla + Jungang + Chungbuk,8,True,0.0869707894309127,0.07761674831929426,0.009354041111618444,0.1465644971245027,0.4417378890919783,0.9130292105690873,0.9529364513895543
Gyeongbu + Gyeongjeon + Daegu + Yeongdong + Janghang + Jeolla + Jungang + Taebaek,8,True,0.19318065280054864,0.18408852925215655,0.00909212354839209,0.09569609317506644,0.46188097192764666,0.8068193471994514,0.7965298781446618
Gyeongbu + Gyeongjeon + Daegu + Yeongdong + Janghang + Jeolla + Jungang + Honam,8,True,0.2663392471717521,0.2157659830677592,0.050573264103992904,0.47626826512437886,0.3169416355404031,0.7336607528282479,0.7603757464613522
Gyeongbu + Gyeongjeon + Daegu + Yeongdong + Janghang + Jeolla + Chungbuk + Taebaek,8,True,0.23708008814082462,0.3341960808018273,-0.09711599266100265,-0.7894966320049073,0.7850891012564853,0.7629199118591754,0.7706634439292002
Gyeongbu + Gyeongjeon + Daegu + Yeongdong + Janghang + Jeolla + Chungbuk + Honam,8,True,0.31023868251202813,0.3658735346174299,-0.055634852105401755,-0.449511182030944,0.6734685282773835,0.6897613174879719,0.7345093122458906
Gyeongbu + Gyeongjeon + Daegu + Yeongdong + Janghang + Jeolla + Taebaek + Honam,8,True,0.4164485458816641,0.47234531555029224,-0.055896769668628166,-0.4247589131820616,0.6644937839436262,0.583551454118336,0.5781027390009981
Gyeongbu + Gyeongjeon + Daegu + Yeongdong + Janghang + Jungang + Chungbuk + Taebaek,8,True,0.17293933975848813,0.17059699520621555,0.002342344552272585,0.023553797087910604,0.4906042632489326,0.8270606602415118,0.9046196883973352
Gyeongbu + Gyeongjeon + Daegu + Yeongdong + Janghang + Jungang + Chungbuk + Honam,8,True,0.24609793412969158,0.20227444902181824,0.043823485107873345,0.4471141099050337,0.3273963359095582,0.7539020658703084,0.8684655567140256
Gyeongbu + Gyeongjeon + Daegu + Yeongdong + Janghang + Jungang + Taebaek + Honam,8,True,0.3523077974993275,0.30874622995468054,0.04356156754464696,0.3930088773177995,0.3471564623613329,0.6476922025006725,0.7120589834691332
Gyeongbu + Gyeongjeon + Daegu + Yeongdong + Janghang + Chungbuk + Taebaek + Honam,8,True,0.3962072328396035,0.45885378150435124,-0.06264654866474773,-0.5136101251574764,0.6962377004312499,0.6037927671603964,0.6861925492536715
Gyeongbu + Gyeongjeon + Daegu + Yeongdong + Jeolla + Jungang + Chungbuk + Taebaek,8,True,0.02658256251951489,0.09113640803389207,-0.06455384551437718,-0.9367497693478224,0.8255563555716314,0.9734174374804851,0.9528007121005991
Gyeongbu + Gyeongjeon + Daegu + Yeongdong + Jeolla + Jungang + Chungbuk + Honam,8,True,0.09974115689071837,0.12281386184949475,-0.023072704958776377,-0.32081661309119835,0.6258253155406063,0.9002588431092816,0.9166465804172895
Gyeongbu + Gyeongjeon + Daegu + Yeongdong + Jeolla + Jungang + Taebaek + Honam,8,True,0.2059510202603543,0.22928564278235702,-0.023334622522002718,-0.23189637875878008,0.5916907513968748,0.7940489797396457,0.760240007172397
Gyeongbu + Gyeongjeon + Daegu + Yeongdong + Jeolla + Chungbuk + Taebaek + Honam,8,True,0.24985045560063035,0.3793931943320278,-0.12954273873139743,-1.0896519794010735,0.862066761625297,0.7501495443993696,0.7343735729569354
Gyeongbu + Gyeongjeon + Daegu + Yeongdong + Jungang + Chungbuk + Taebaek + Honam,8,True,0.18570970721829377,0.21579410873641602,-0.03008440151812225,-0.2669607137728273,0.6052502952532373,0.8142902927817062,0.8683298174250704
Gyeongbu + Gyeongjeon + Daegu + Janghang + Jeolla + Jungang + Chungbuk + Taebaek,8,True,0.06641767727454062,0.056094598883417154,0.010323078391123466,0.17369480471492663,0.4310526603495144,0.9335823227254594,0.9775340304821287
Gyeongbu + Gyeongjeon + Daegu + Janghang + Jeolla + Jungang + Chungbuk + Honam,8,True,0.13957627164574413,0.08777205269901987,0.051804218946724254,0.7719965539301686,0.22005823426196214,0.8604237283542558,0.9413798987988191
Gyeongbu + Gyeongjeon + Daegu + Janghang + Jeolla + Jungang + Taebaek + Honam,8,True,0.24578613501538005,0.19424383363188213,0.05154230138349791,0.5354010328222271,0.29618628804686764,0.75421386498462,0.7849733255539266
Gyeongbu + Gyeongjeon + Daegu + Janghang + Jeolla + Chungbuk + Taebaek + Honam,8,True,0.28968557035565606,0.34435138518155284,-0.054665814825896775,-0.43275264096671384,0.6674027588196045,0.710314429644344,0.7591068913384649
Gyeongbu + Gyeongjeon + Daegu + Janghang + Jungang + Chungbuk + Taebaek + Honam,8,True,0.22554482197331951,0.18075229958594116,0.04479252238737835,0.4585495656161532,0.3232788305788806,0.7744551780266805,0.8930631358066001
Gyeongbu + Gyeongjeon + Daegu + Jeolla + Jungang + Chungbuk + Taebaek + Honam,8,True,0.0791880447343463,0.10129171241361767,-0.02210366767927137,-0.31896099360193914,0.6251219541769722,0.9208119552656537,0.941244159509864
Gyeongbu + Gyeongjeon + Yeongdong + Janghang + Jeolla + Jungang + Chungbuk + Taebaek,8,True,0.006924348195708749,0.027567267099417002,-0.020642918903708254,-0.4878773113349912,0.6871816269216764,0.9930756518042912,0.9865400250754598
Gyeongbu + Gyeongjeon + Yeongdong + Janghang + Jeolla + Jungang + Chungbuk + Honam,8,True,0.08008294256691223,0.059244720915019686,0.020838221651892544,0.4099127733226298,0.3409349674901081,0.9199170574330877,0.9503858933921502
Gyeongbu + Gyeongjeon + Yeongdong + Janghang + Jeolla + Jungang + Taebaek + Honam,8,True,0.18629280593654818,0.16571650184788198,0.020576304088666203,0.23182014857667899,0.4083388535009349,0.8137071940634518,0.7939793201472577
Gyeongbu + Gyeongjeon + Yeongdong + Janghang + Jeolla + Chungbuk + Taebaek + Honam,8,True,0.23019224127682417,0.3158240533975527,-0.08563181212072854,-0.7006331290224656,0.7582340009890841,0.7698077587231759,0.7681128859317958
Gyeongbu + Gyeongjeon + Yeongdong + Janghang + Jungang + Chungbuk + Taebaek + Honam,8,True,0.16605149289448765,0.15222496780194097,0.013826525092546671,0.15053289050151025,0.44017210175258914,0.8339485071055124,0.9020691303999311
Gyeongbu + Gyeongjeon + Yeongdong + Jeolla + Jungang + Chungbuk + Taebaek + Honam,8,True,0.01969471565551443,0.0727643806296175,-0.05306966497410307,-0.9252537232228176,0.8225830278566458,0.9803052843444856,0.950250154103195
Gyeongbu + Gyeongjeon + Janghang + Jeolla + Jungang + Chungbuk + Taebaek + Honam,8,True,0.05952983041054015,0.03772257147914261,0.02180725893139754,0.49307592740952483,0.3109794696976196,0.9404701695894598,0.9749834724847246
Gyeongbu + Daegu + Yeongdong + Janghang + Jeolla + Jungang + Chungbuk + Taebaek,8,True,0.060636694840297094,0.063694902396641,-0.003058207556343902,-0.04806740405643606,0.5191687380204522,0.9393633051597029,0.9584051248005457
Gyeongbu + Daegu + Yeongdong + Janghang + Jeolla + Jungang + Chungbuk + Honam,8,True,0.13379528921150058,0.0953723562122437,0.03842293299925688,0.5822104663503401,0.28021246216053775,0.8662047107884994,0.9222509931172361
Gyeongbu + Daegu + Yeongdong + Janghang + Jeolla + Jungang + Taebaek + Honam,8,True,0.24000515258113647,0.20184413714510602,0.038161015436030454,0.4044060652862199,0.34295707038798384,0.7599948474188636,0.7658444198723438
Gyeongbu + Daegu + Yeongdong + Janghang + Jeolla + Chungbuk + Taebaek + Honam,8,True,0.2839045879214125,0.3519516886947767,-0.06804710077336423,-0.5595028253030588,0.7120906982149924,0.7160954120785875,0.739977985656882
Gyeongbu + Daegu + Yeongdong + Janghang + Jungang + Chungbuk + Taebaek + Honam,8,False,0.21976383953907602,0.18835260309916502,0.031411236439911006,0.29949051501114654,0.382282904020114,0.780236160460924,0.873934230125017
Gyeongbu + Daegu + Yeongdong + Jeolla + Jungang + Chungbuk + Taebaek + Honam,8,True,0.07340706230010278,0.10889201592684151,-0.03548495362673873,-0.4985332493333183,0.6909458800056305,0.9265929376998973,0.922115253828281
Gyeongbu + Daegu + Janghang + Jeolla + Jungang + Chungbuk + Taebaek + Honam,8,True,0.1132421770551285,0.0738502067763666,0.0393919702787619,0.6371163510986478,0.26202452933552145,0.8867578229448715,0.9468485722098106
Gyeongbu + Yeongdong + Janghang + Jeolla + Jungang + Chungbuk + Taebaek + Honam,8,True,0.053748847976296636,0.04532287499236644,0.008425972983930198,0.18075766861113826,0.42827889562334276,0.9462511520237034,0.9558545668031416
Gyeongjeon + Daegu + Yeongdong + Janghang + Jeolla + Jungang + Chungbuk + Taebaek,8,True,0.20451662727800132,0.17876564802190545,0.025750979256095874,0.2645701829544657,0.3956702961827796,0.7954833727219986,0.6563329779719713
Gyeongjeon + Daegu + Yeongdong + Janghang + Jeolla + Jungang + Chungbuk + Honam,8,True,0.2776752216492048,0.21044310183750817,0.0672321198116966,0.6841865211970443,0.24692869623886526,0.7223247783507952,0.6201788462886617
Gyeongjeon + Daegu + Yeongdong + Janghang + Jeolla + Jungang + Taebaek + Honam,8,True,0.3838850850188407,0.31691488277037044,0.06697020224847028,0.5907109904847977,0.27735704135990447,0.6161149149811593,0.4637722730437692
Gyeongjeon + Daegu + Yeongdong + Janghang + Jeolla + Chungbuk + Taebaek + Honam,8,True,0.4277845203591168,0.46702243432004115,-0.03923791396092435,-0.30220685503798417,0.6187528105737957,0.5722154796408832,0.43790583882830747
Gyeongjeon + Daegu + Yeongdong + Janghang + Jungang + Chungbuk + Taebaek + Honam,8,True,0.36364377197678016,0.3034233487244294,0.060220423252350774,0.5111736892533375,0.30461472020244096,0.6363562280232198,0.5718620832964427
Gyeongjeon + Daegu + Yeongdong + Jeolla + Jungang + Chungbuk + Taebaek + Honam,8,True,0.217286994737807,0.22396276155210595,-0.006675766814298961,-0.06394343822160568,0.5254923678352967,0.782713005262193,0.6200431069997066
Gyeongjeon + Daegu + Janghang + Jeolla + Jungang + Chungbuk + Taebaek + Honam,8,True,0.25712210949283276,0.18892095240163104,0.06820115709120173,0.7043226122038909,0.24061594375578177,0.7428778905071672,0.6447764253812361
Gyeongjeon + Yeongdong + Janghang + Jeolla + Jungang + Chungbuk + Taebaek + Honam,8,True,0.19762878041400084,0.16039362061763085,0.03723515979636999,0.40275538405395445,0.34356409298686963,0.8023712195859991,0.6537824199745672
Daegu + Yeongdong + Janghang + Jeolla + Jungang + Chungbuk + Taebaek + Honam,8,True,0.2513411270585892,0.19652125591485486,0.05481987114373432,0.5499229116419198,0.2911861243274707,0.7486588729414108,0.6256475196996532
Gyeongbu + Gyeongjeon + Daegu + Yeongdong + Janghang + Jeolla + Jungang + Chungbuk + Taebaek,9,True,0.006906097529854606,0.022969647251845776,-0.01606354972199117,-0.38419626588117994,0.6495835071308493,0.9930939024701454,0.994545291536432
Gyeongbu + Gyeongjeon + Daegu + Yeongdong + Janghang + Jeolla + Jungang + Chungbuk + Honam,9,True,0.08006469190105808,0.054647101067448474,0.02541759083360961,0.5030178490522396,0.30747586152224105,0.9199353080989419,0.9583911598531224
Gyeongbu + Gyeongjeon + Daegu + Yeongdong + Janghang + Jeolla + Jungang + Taebaek + Honam,9,True,0.18627455527069403,0.16111888200031074,0.02515567327038329,0.28210313266572695,0.38893221561391933,0.813725444729306,0.8019845866082299
Gyeongbu + Gyeongjeon + Daegu + Yeongdong + Janghang + Jeolla + Chungbuk + Taebaek + Honam,9,True,0.23017399061097002,0.3112264335499815,-0.08105244293901145,-0.6688977222478747,0.7482196383516967,0.76982600938903,0.7761181523927683
Gyeongbu + Gyeongjeon + Daegu + Yeongdong + Janghang + Jungang + Chungbuk + Taebaek + Honam,9,True,0.1660332422286335,0.14762734795436977,0.01840589427426373,0.19965671069958288,0.4208745359395558,0.8339667577713665,0.9100743968609033
Gyeongbu + Gyeongjeon + Daegu + Yeongdong + Jeolla + Jungang + Chungbuk + Taebaek + Honam,9,True,0.01967646498966029,0.0681667607820463,-0.04849029579238601,-0.8459746839498766,0.8012165663975455,0.9803235350103398,0.9582554205641672
Gyeongbu + Gyeongjeon + Daegu + Janghang + Jeolla + Jungang + Chungbuk + Taebaek + Honam,9,True,0.05951157974468601,0.03312495163157139,0.026386628113114617,0.6018173888134175,0.27364784948001286,0.940488420255314,0.9829887389456968
Gyeongbu + Gyeongjeon + Yeongdong + Janghang + Jeolla + Jungang + Chungbuk + Taebaek + Honam,9,True,1.8250665854146437e-05,0.004597619847571224,-0.004579369181717078,-0.5847180073712872,0.7206313280644839,0.9999817493341459,0.9919947335390279
Gyeongbu + Daegu + Yeongdong + Janghang + Jeolla + Jungang + Chungbuk + Taebaek + Honam,9,True,0.053730597310442496,0.040725255144795226,0.01300534216564727,0.28076541921800197,0.389445164306355,0.9462694026895575,0.963859833264114
Gyeongjeon + Daegu + Yeongdong + Janghang + Jeolla + Jungang + Chungbuk + Taebaek + Honam,9,True,0.19761052974814672,0.15579600077005962,0.0418145289780871,0.4568919208584427,0.3238743656556473,0.8023894702518533,0.6617876864355394
