variant,gini_eff,gini_topo,top3_eff,overlap_top5,max_eff,n_nonzero_pool,swaps_done
degree-preserving,0.8657293563111221,0.0972222222222221,1.0,5,0.1835103812248685,2,430.0
degree-preserving,0.7863797635121239,2.220446049250313e-16,1.0,5,0.15799791646936256,2,430.0
degree-preserving,0.7486316612149575,2.220446049250313e-16,1.0,5,0.17454960753017845,3,430.0
degree-preserving,0.8214002841402046,0.0972222222222221,0.96899765402962,5,0.16259856588131594,4,430.0
degree-preserving,0.8705362808774642,0.0972222222222221,1.0,5,0.2545889477080736,2,430.0
degree-preserving,0.8422241162503015,0.0972222222222221,1.0,5,0.16873847983031331,3,430.0
degree-preserving,0.8117745065055566,0.0972222222222221,1.0,5,0.2651875131927668,3,430.0
degree-preserving,0.6682570184412766,0.22916666666666652,0.957521988016179,5,0.13684095925255124,4,430.0
degree-preserving,0.8269546234909821,0.0972222222222221,1.0,5,0.1861364528388586,3,430.0
degree-preserving,0.7992855827915721,0.0972222222222221,0.9835627979151619,5,0.25165969740992333,4,430.0
degree-preserving,0.875,0.0972222222222221,1.0,4,0.25286347457544933,1,430.0
degree-preserving,0.680629639011908,0.22916666666666652,0.9942034935804791,5,0.218247826579676,4,430.0
degree-preserving,0.786269966162628,2.220446049250313e-16,1.0,5,0.17558816296417723,2,430.0
degree-preserving,0.875,0.0972222222222221,1.0,5,0.17004248592036353,1,430.0
degree-preserving,0.680517985786157,2.220446049250313e-16,1.0,5,0.17936434079082297,3,430.0
degree-preserving,0.7515050911617978,0.1499999999999999,1.0,5,0.15915456262619676,2,430.0
degree-preserving,0.7078210135112704,2.220446049250313e-16,1.0,5,0.288755281117972,3,430.0
degree-preserving,0.7502140328738918,0.1499999999999999,1.0,5,0.22681416778652352,3,430.0
degree-preserving,0.693508177071166,2.220446049250313e-16,1.0,5,0.1387753630156746,3,430.0
degree-preserving,0.8420424522504921,0.0972222222222221,1.0,5,0.15274523012115637,3,430.0
degree-preserving,0.7696324805074461,0.1499999999999999,1.0,5,0.19966414818504896,2,430.0
degree-preserving,0.7533296239882623,0.1499999999999999,1.0,5,0.17556927608473993,2,430.0
degree-preserving,0.8665247952642317,0.0972222222222221,1.0,5,0.14815282631374582,2,430.0
degree-preserving,0.7561227339858192,2.220446049250313e-16,1.0,5,0.2460603257458125,2,430.0
degree-preserving,0.8688789225225346,0.0972222222222221,1.0,5,0.15569977908200505,2,430.0
degree-preserving,0.8519155950858515,0.0972222222222221,1.0,5,0.19851328179632355,2,430.0
degree-preserving,0.8608970164893401,0.17499999999999982,1.0,5,0.19527561227785706,2,430.0
degree-preserving,0.8006642714638459,0.27083333333333326,1.0,5,0.15944935597049592,3,430.0
degree-preserving,0.7653950903647946,2.220446049250313e-16,1.0,5,0.1538701398383343,3,430.0
degree-preserving,0.875,0.0972222222222221,1.0,5,0.17355536389570758,1,430.0
degree-preserving,0.8555571407163494,0.0972222222222221,1.0,5,0.1660835762876579,3,430.0
degree-preserving,0.8531004264054958,0.0972222222222221,1.0,5,0.16053414051360415,2,430.0
degree-preserving,0.8504946630584957,0.0972222222222221,1.0,5,0.2011080713953246,3,430.0
degree-preserving,0.73070509662494,2.220446049250313e-16,1.0,5,0.16913142284315574,3,430.0
degree-preserving,0.7773609925238705,2.220446049250313e-16,1.0,5,0.36278170859538794,3,430.0
degree-preserving,0.7451587245151357,0.1499999999999999,1.0,5,0.17800209992376992,3,430.0
degree-preserving,0.8519566106115823,0.0972222222222221,1.0,5,0.23730972813258933,3,430.0
degree-preserving,0.8446511899019387,0.0972222222222221,1.0,5,0.19377702803459596,3,430.0
degree-preserving,0.7951654636585386,2.220446049250313e-16,1.0,5,0.13319745354697965,3,430.0
degree-preserving,0.7477808520215232,0.1499999999999999,1.0,5,0.1725338436989654,3,430.0
degree-preserving,0.853288664812696,0.0972222222222221,1.0,5,0.1361092020874869,2,430.0
degree-preserving,0.875,2.220446049250313e-16,1.0,5,0.14258531594758217,1,430.0
degree-preserving,0.7224612390891292,0.1499999999999999,0.9770204279256244,5,0.19365060279594715,4,430.0
degree-preserving,0.875,0.0972222222222221,1.0,4,0.17852900933087545,1,430.0
degree-preserving,0.7863203765963129,0.3173076923076923,0.9969389986288035,5,0.19469497009211933,4,430.0
degree-preserving,0.8367280014674601,0.0972222222222221,1.0,4,0.20586886749197597,2,430.0
degree-preserving,0.8715161776510072,0.17499999999999982,1.0,4,0.2234810232074751,2,430.0
degree-preserving,0.8469903435956008,0.0972222222222221,1.0,4,0.20198358381178838,2,430.0
degree-preserving,0.875,0.0972222222222221,1.0,5,0.19202509386436017,1,430.0
degree-preserving,0.875,2.220446049250313e-16,1.0,4,0.19269149516959827,1,430.0
degree-preserving,0.875,2.220446049250313e-16,1.0,4,0.1057271429516814,1,430.0
degree-preserving,0.8547332827264991,0.0972222222222221,1.0,5,0.16901823427364615,2,430.0
degree-preserving,0.790726676621778,0.21590909090909083,1.0,5,0.20359186268277174,2,430.0
degree-preserving,0.875,0.0972222222222221,1.0,5,0.13907419594623383,1,430.0
degree-preserving,0.875,2.220446049250313e-16,1.0,4,0.4432219666023717,1,430.0
degree-preserving,0.8453077052315767,0.0972222222222221,1.0,5,0.2882554863757961,3,430.0
degree-preserving,0.8063798765238002,0.0972222222222221,0.9815316794065766,5,0.23325719682732438,4,430.0
degree-preserving,0.867597620051054,0.0972222222222221,1.0,4,0.21826600824153364,2,430.0
degree-preserving,0.7897945913540401,0.21590909090909083,1.0,5,0.18546390471456442,2,430.0
degree-preserving,0.7013391039021541,0.1499999999999999,0.9497604671395843,5,0.14747798863284467,4,430.0
degree-preserving,0.8605823651225193,0.0972222222222221,1.0,5,0.1937536925936778,3,430.0
degree-preserving,0.875,0.0972222222222221,1.0,5,0.13415693420319685,1,430.0
degree-preserving,0.8277020860968736,0.0972222222222221,1.0,4,0.16860387885228478,3,430.0
degree-preserving,0.8325737233501838,0.0972222222222221,1.0,4,0.18925171866737167,3,430.0
degree-preserving,0.7574078152095483,0.1499999999999999,1.0,5,0.12302400242123268,3,430.0
degree-preserving,0.8526614399349413,0.0972222222222221,1.0,4,0.1418970622483947,2,430.0
degree-preserving,0.7008984510247236,0.22916666666666652,1.0,5,0.1627496948443221,3,430.0
degree-preserving,0.8195925174255692,0.0972222222222221,0.9769078026480358,5,0.20664813712485885,4,430.0
degree-preserving,0.7641250466911882,0.1499999999999999,1.0,5,0.13000106123315291,2,430.0
degree-preserving,0.8352627926738743,0.0972222222222221,1.0,5,0.1917138643492965,3,430.0
degree-preserving,0.812698504302394,2.220446049250313e-16,1.0,5,0.17943334872893035,2,430.0
degree-preserving,0.8417072921375275,2.220446049250313e-16,1.0,5,0.15768043220417138,2,430.0
degree-preserving,0.8613713743484235,0.0972222222222221,1.0,5,0.16128584778926458,2,430.0
degree-preserving,0.7721100039408804,0.21590909090909083,1.0,5,0.1909767766653141,3,430.0
degree-preserving,0.8133002846772297,0.0972222222222221,1.0,5,0.18632488093891597,3,430.0
degree-preserving,0.857189252982222,0.0972222222222221,0.9890518382900482,5,0.15297758172301412,4,430.0
degree-preserving,0.8174702855563118,0.0972222222222221,1.0,5,0.20261783565809466,2,430.0
degree-preserving,0.8353688165453328,0.0972222222222221,1.0,5,0.2008231591533669,3,430.0
degree-preserving,0.7517261028253808,0.1499999999999999,1.0,5,0.2745912534892996,3,430.0
degree-preserving,0.8537482338812867,0.0972222222222221,1.0,5,0.23710766596918398,2,430.0
degree-preserving,0.875,2.220446049250313e-16,1.0,5,0.29517254610422317,1,430.0
degree-preserving,0.8632389991442908,0.0972222222222221,1.0,5,0.1536472856859279,2,430.0
degree-preserving,0.6625780986897067,2.220446049250313e-16,1.0,5,0.19181245004884107,3,430.0
degree-preserving,0.7257702761007518,2.220446049250313e-16,1.0,5,0.17702232969358067,3,430.0
degree-preserving,0.7070113379606826,2.220446049250313e-16,1.0,5,0.1903274409320359,3,430.0
degree-preserving,0.806040308004579,0.0972222222222221,0.9704785730165415,5,0.20037801863828875,4,430.0
degree-preserving,,2.220446049250313e-16,,4,0.16107124304981046,0,430.0
degree-preserving,0.8501111050470209,0.17499999999999982,1.0,5,0.13452400613424575,3,430.0
degree-preserving,0.8616935995934765,0.0972222222222221,1.0,5,0.19744609765420384,2,430.0
degree-preserving,0.875,2.220446049250313e-16,1.0,4,0.11979208966133348,1,430.0
degree-preserving,0.7890640912000852,2.220446049250313e-16,1.0,4,0.26349669049385116,2,430.0
degree-preserving,0.6730607241869739,0.22916666666666652,1.0,5,0.25581494618355916,3,430.0
degree-preserving,0.7718545418327123,2.220446049250313e-16,1.0,5,0.18233038839806637,2,430.0
degree-preserving,0.7537713851401515,0.1499999999999999,1.0,5,0.1902612548430226,2,430.0
degree-preserving,0.7621344718952052,0.1499999999999999,1.0,5,0.16633086551163745,3,430.0
degree-preserving,0.7209105749910962,0.27884615384615374,0.992207355753807,5,0.30175208397653597,4,430.0
degree-preserving,0.8722098478788287,0.0972222222222221,1.0,4,0.18372549483292755,2,430.0
degree-preserving,0.8489059917650625,2.220446049250313e-16,1.0,5,0.18013090992973924,2,430.0
degree-preserving,0.8345320284122126,2.220446049250313e-16,1.0,5,0.2646110439338978,2,430.0
degree-preserving,0.8055386445964925,0.27083333333333326,1.0,5,0.19910323580777456,2,430.0
degree-preserving,0.7663969967515432,0.1499999999999999,1.0,5,0.22236257287891137,2,430.0
degree-preserving,0.8580387301637269,0.0972222222222221,1.0,5,0.24100788523077066,3,430.0
degree-preserving,0.8398487312433283,0.0972222222222221,1.0,5,0.16187973513940157,3,430.0
degree-preserving,0.8640978675194257,2.220446049250313e-16,1.0,5,0.17133102124996147,2,430.0
degree-preserving,0.875,0.0972222222222221,1.0,4,0.1901470373870887,1,430.0
degree-preserving,0.870397694098886,0.17499999999999982,1.0,4,0.21823180499631978,2,430.0
degree-preserving,0.875,0.0972222222222221,1.0,5,0.1630250158059129,1,430.0
degree-preserving,0.8026144896529006,2.220446049250313e-16,1.0,5,0.20107127355633259,2,430.0
degree-preserving,0.8361271794036171,0.0972222222222221,1.0,4,0.2465512224233426,2,430.0
degree-preserving,0.875,2.220446049250313e-16,1.0,5,0.1796725201708591,1,430.0
degree-preserving,0.8561893205525981,0.0972222222222221,1.0,5,0.20728719719966326,2,430.0
degree-preserving,0.8599934622121508,0.0972222222222221,1.0,5,0.1829526593988997,3,430.0
degree-preserving,0.8640174681133699,0.0972222222222221,1.0,5,0.12078729382306264,3,430.0
degree-preserving,0.6433690059815416,2.220446049250313e-16,0.8903569723860398,5,0.22288522288522272,4,430.0
degree-preserving,0.828306999001583,0.0972222222222221,1.0,5,0.1543567658582392,3,430.0
degree-preserving,0.7143187314868831,2.220446049250313e-16,1.0,5,0.17623720437698553,3,430.0
degree-preserving,0.6806898507381005,0.27884615384615374,0.9786548786386489,5,0.28449394837238606,4,430.0
degree-preserving,0.8651825402362552,0.0972222222222221,1.0,4,0.18172164666740187,2,430.0
degree-preserving,0.7590568507908384,2.220446049250313e-16,1.0,5,0.17185112953031045,2,430.0
degree-preserving,0.875,0.17499999999999982,1.0,5,0.1726772763705542,1,430.0
degree-preserving,0.8060842031758688,2.220446049250313e-16,1.0,5,0.17425468866861693,2,430.0
degree-preserving,0.7819754488420299,0.21590909090909083,1.0,4,0.2453688389017532,2,430.0
degree-preserving,0.7818624064824966,2.220446049250313e-16,1.0,4,0.19818241903502987,2,430.0
degree-preserving,0.7743432684700187,2.220446049250313e-16,1.0,5,0.24006466100447688,2,430.0
degree-preserving,0.875,0.17499999999999982,1.0,4,0.1987774540456302,1,430.0
degree-preserving,0.8093559489777424,2.220446049250313e-16,1.0,5,0.17582235440088656,2,430.0
degree-preserving,0.8702763385210761,0.0972222222222221,1.0,5,0.18475193305742488,2,430.0
degree-preserving,0.8692990376695167,0.0972222222222221,1.0,5,0.197870102550618,2,430.0
degree-preserving,0.8720192741682522,0.0972222222222221,1.0,5,0.15337116154873165,2,430.0
degree-preserving,0.6898875631915475,0.22916666666666652,1.0,5,0.2225449949542947,3,430.0
degree-preserving,0.6302071247325207,0.17045454545454541,0.9726106847685583,5,0.1485120044807393,4,430.0
degree-preserving,0.869034636037995,0.0972222222222221,1.0,4,0.2057544616647654,2,430.0
degree-preserving,0.858760514847617,0.0972222222222221,1.0,5,0.21322508923639638,3,430.0
degree-preserving,0.8639768465626647,0.17499999999999982,1.0,5,0.1606582696200224,2,430.0
degree-preserving,0.8538234500298387,0.0972222222222221,1.0,5,0.20910898161942681,2,430.0
degree-preserving,0.875,0.0972222222222221,1.0,4,0.24017324350336877,1,430.0
degree-preserving,0.8216011866781467,2.220446049250313e-16,1.0,4,0.2049673202614377,2,430.0
degree-preserving,0.875,0.0972222222222221,1.0,4,0.21458218967451226,1,430.0
degree-preserving,0.868546088586547,0.17499999999999982,1.0,5,0.1556156076983919,2,430.0
degree-preserving,0.7851170196463355,0.21590909090909083,1.0,4,0.1504025161213367,3,430.0
degree-preserving,0.7528914463255016,0.1499999999999999,1.0,5,0.1954638998456526,3,430.0
degree-preserving,0.8565340753346915,0.0972222222222221,1.0,5,0.1415359477124185,3,430.0
degree-preserving,0.875,2.220446049250313e-16,1.0,5,0.24810034919068913,1,430.0
degree-preserving,0.7316714577897507,0.1499999999999999,0.9830975765031137,5,0.235439094695153,4,430.0
degree-preserving,0.8705521121184581,0.0972222222222221,1.0,5,0.21179916256770315,2,430.0
degree-preserving,0.8669566354564822,0.0972222222222221,1.0,5,0.15427271025075973,2,430.0
degree-preserving,0.875,2.220446049250313e-16,1.0,4,0.3020502934417201,1,430.0
degree-preserving,0.6642345646736898,2.220446049250313e-16,1.0,4,0.2349673080863588,3,430.0
degree-preserving,0.7371804903147325,0.1499999999999999,0.98184361244778,5,0.1491426979193189,4,430.0
degree-preserving,0.8184281020622812,0.0972222222222221,1.0,5,0.1706046644864051,3,430.0
degree-preserving,0.6310104445326796,0.17045454545454541,0.9920317433275847,5,0.18987072405171046,4,430.0
degree-preserving,0.875,0.0972222222222221,1.0,4,0.15511453865976932,1,430.0
degree-preserving,0.875,0.17499999999999982,1.0,5,0.1724236465608261,1,430.0
degree-preserving,0.7411845581388243,0.1499999999999999,1.0,5,0.25701453371013316,3,430.0
degree-preserving,0.7883105217190949,0.0972222222222221,1.0,5,0.21450618758660234,3,430.0
degree-preserving,0.7574307148777553,0.21590909090909083,1.0,5,0.15266880476490463,3,430.0
degree-preserving,0.8725785068525802,0.17499999999999982,1.0,5,0.192306055576833,2,430.0
degree-preserving,0.6475585946933715,0.17045454545454541,1.0,5,0.24379825428821356,3,430.0
degree-preserving,0.855153134672666,0.0972222222222221,1.0,4,0.13836230981688147,3,430.0
degree-preserving,0.6881647568106184,2.220446049250313e-16,1.0,5,0.1657107272786863,3,430.0
degree-preserving,0.8717743498052626,0.0972222222222221,1.0,4,0.15580258578301398,2,430.0
degree-preserving,0.6905925438060925,0.27884615384615374,0.9726557365307884,5,0.18093592654753687,4,430.0
degree-preserving,0.7166665122592357,0.1499999999999999,0.9656105344846693,5,0.1915331528763381,4,430.0
degree-preserving,0.8595834179526776,0.0972222222222221,1.0,5,0.11989163076119591,2,430.0
degree-preserving,0.8700611731651553,0.17499999999999982,1.0,4,0.20783256169156605,2,430.0
degree-preserving,0.6431075346159083,0.17045454545454541,0.9955788079700356,5,0.13621421145795276,4,430.0
degree-preserving,0.612763288707433,2.220446049250313e-16,0.8734712989138362,5,0.1454732549957103,4,430.0
degree-preserving,0.8544617151830634,0.0972222222222221,1.0,5,0.21994677398416185,2,430.0
degree-preserving,0.8689667980274172,0.0972222222222221,1.0,4,0.27214842783167437,2,430.0
degree-preserving,0.875,0.0972222222222221,1.0,4,0.24802851947554783,1,430.0
degree-preserving,0.868651981360778,0.17499999999999982,1.0,5,0.23986641529588038,2,430.0
degree-preserving,0.7375517104092504,0.1499999999999999,0.9875903242828004,5,0.1764277919243361,4,430.0
degree-preserving,,2.220446049250313e-16,,4,0.17343716763962091,0,430.0
degree-preserving,0.875,2.220446049250313e-16,1.0,5,0.1615985240338682,1,430.0
degree-preserving,0.855582770947491,0.0972222222222221,1.0,4,0.2443617296118038,3,430.0
degree-preserving,0.875,0.0972222222222221,1.0,5,0.21718746954131662,1,430.0
degree-preserving,0.8225065303533496,2.220446049250313e-16,1.0,5,0.18699063504193592,2,430.0
degree-preserving,0.875,2.220446049250313e-16,1.0,4,0.2554730611972589,1,430.0
degree-preserving,0.7363244735625427,0.1499999999999999,1.0,5,0.15355770263517965,3,430.0
degree-preserving,0.7436907442399929,2.220446049250313e-16,1.0,5,0.24391264619430486,3,430.0
degree-preserving,0.8651352793574971,0.0972222222222221,1.0,5,0.15236029783850213,3,430.0
degree-preserving,0.7633708968830706,0.1499999999999999,1.0,5,0.22822462318260628,3,430.0
degree-preserving,0.7692697750065847,2.220446049250313e-16,1.0,5,0.20371728566223612,3,430.0
degree-preserving,0.8527671907257421,0.0972222222222221,1.0,5,0.2263828694034643,2,430.0
degree-preserving,0.6749327942501018,0.17045454545454541,0.9957561066448108,5,0.1293095871191492,4,430.0
degree-preserving,0.8156908929002378,0.0972222222222221,1.0,5,0.23269479764948053,3,430.0
degree-preserving,0.8180182746119145,0.0972222222222221,1.0,5,0.20855199409016334,3,430.0
degree-preserving,0.7693167372439875,0.21590909090909083,1.0,5,0.2433079263048744,3,430.0
degree-preserving,0.875,2.220446049250313e-16,1.0,4,0.2496845334006329,1,430.0
degree-preserving,0.7519287583970378,0.1499999999999999,1.0,5,0.14582192139696393,3,430.0
degree-preserving,,2.220446049250313e-16,,4,0.14124374689731545,0,430.0
degree-preserving,0.875,2.220446049250313e-16,1.0,4,0.18169846224444441,1,430.0
degree-preserving,0.875,2.220446049250313e-16,1.0,4,0.2482498007317706,1,430.0
degree-preserving,0.6699688441541312,0.1499999999999999,0.9951189220841885,5,0.32523044174510807,4,430.0
degree-preserving,0.6286151331808953,0.267857142857143,0.8565267544250096,5,0.18461352657004826,4,430.0
degree-preserving,0.875,0.0972222222222221,1.0,5,0.1740027466385614,1,430.0
degree-preserving,0.8435048550913309,0.0972222222222221,1.0,5,0.23030722922586477,3,430.0
degree-preserving,0.7517379780993492,2.220446049250313e-16,1.0,5,0.14241966667137063,3,430.0
degree-preserving,0.8650585941264533,0.0972222222222221,1.0,5,0.198004299969902,2,430.0
degree-preserving,0.8662055785652156,0.23863636363636354,1.0,4,0.2675815449769924,3,430.0
degree-preserving,0.6824092417826604,0.22916666666666652,1.0,5,0.20348659050054874,3,430.0
degree-preserving,0.735552171486151,2.220446049250313e-16,1.0,4,0.1450888386598379,3,430.0
degree-preserving,0.7745190136003739,0.21590909090909083,1.0,5,0.20640870791247823,3,430.0
degree-preserving,0.875,0.0972222222222221,1.0,4,0.14118884746935179,1,430.0
degree-preserving,0.8646570733336099,0.0972222222222221,1.0,5,0.2053780811923498,2,430.0
degree-preserving,0.8457394312379702,0.0972222222222221,1.0,5,0.20639254268358087,3,430.0
degree-preserving,0.875,0.0972222222222221,1.0,4,0.19261655305384418,1,430.0
degree-preserving,0.8453701370489761,0.0972222222222221,1.0,4,0.1487793138614475,2,430.0
degree-preserving,0.7211512942635738,0.1499999999999999,1.0,5,0.29057824928630316,3,430.0
degree-preserving,0.875,0.0972222222222221,1.0,4,0.14148339760171558,1,430.0
degree-preserving,0.7521914176339983,2.220446049250313e-16,1.0,5,0.16804053543068898,2,430.0
degree-preserving,0.7500351245765358,0.1499999999999999,1.0,5,0.1610057218832356,2,430.0
degree-preserving,0.8106870244216966,0.0972222222222221,0.9894596434274902,5,0.12385274836106908,4,430.0
degree-preserving,0.875,2.220446049250313e-16,1.0,4,0.20572245929840238,1,430.0
degree-preserving,0.7202988186353616,0.1499999999999999,1.0,5,0.22285035078564397,3,430.0
degree-preserving,0.8706849414746494,0.0972222222222221,1.0,5,0.18411823163907215,2,430.0
degree-preserving,0.875,2.220446049250313e-16,1.0,4,0.20464665292251505,1,430.0
degree-preserving,0.7506095311455498,0.1499999999999999,1.0,5,0.18996788390626873,3,430.0
degree-preserving,0.6984023015942245,0.359375,0.9947730843830405,5,0.11463921374485664,4,430.0
degree-preserving,0.8018114426031882,0.0972222222222221,0.985752008764254,5,0.2243965513082159,4,430.0
degree-preserving,0.7477823028665276,0.1499999999999999,1.0,5,0.18364338364338362,3,430.0
degree-preserving,0.7756495015153679,2.220446049250313e-16,1.0,5,0.228757214519426,2,430.0
degree-preserving,0.6589152793838422,2.220446049250313e-16,1.0,5,0.15181875620543384,3,430.0
degree-preserving,0.8232701071812767,2.220446049250313e-16,1.0,4,0.13533999298983523,2,430.0
degree-preserving,0.8510268663499356,0.0972222222222221,1.0,5,0.1756327575590627,2,430.0
degree-preserving,0.8480542762436221,0.0972222222222221,1.0,5,0.1845854673802536,3,430.0
degree-preserving,0.875,0.0972222222222221,1.0,5,0.2087221022821767,1,430.0
degree-preserving,0.8565560615064514,2.220446049250313e-16,1.0,4,0.14457594334983448,2,430.0
degree-preserving,0.875,2.220446049250313e-16,1.0,5,0.22359160866109484,1,430.0
degree-preserving,0.79647459391276,2.220446049250313e-16,1.0,5,0.13369161989917244,2,430.0
degree-preserving,0.8642404342207339,0.0972222222222221,1.0,4,0.13764605161273968,2,430.0
degree-preserving,0.875,0.0972222222222221,1.0,4,0.17529429627485693,1,430.0
degree-preserving,,2.220446049250313e-16,,4,0.28282964464528315,0,430.0
degree-preserving,0.7582820464295974,0.1499999999999999,1.0,5,0.190252667093464,2,430.0
degree-preserving,0.8229466898600699,0.17499999999999982,0.9933565212187281,5,0.22756021941330784,4,430.0
degree-preserving,0.6941112088561843,2.220446049250313e-16,1.0,5,0.21668472202596845,3,430.0
degree-preserving,0.8425774288554673,0.0972222222222221,1.0,5,0.16754518611096536,3,430.0
degree-preserving,0.8252549359640728,2.220446049250313e-16,1.0,5,0.12931203848789352,2,430.0
degree-preserving,0.7180875463033691,2.220446049250313e-16,1.0,5,0.15045926614206773,3,430.0
degree-preserving,0.875,0.0972222222222221,1.0,4,0.2137177547451724,1,430.0
degree-preserving,0.7752403472912237,2.220446049250313e-16,0.9563071130914531,5,0.16610156136501852,4,430.0
degree-preserving,0.8256336455547275,0.0972222222222221,1.0,5,0.27650956042839236,3,430.0
degree-preserving,0.6853076162413256,2.220446049250313e-16,1.0,5,0.16863666242758912,3,430.0
degree-preserving,0.8673531375138341,0.0972222222222221,1.0,4,0.19290693199150422,2,430.0
degree-preserving,0.8426983700431947,0.0972222222222221,1.0,5,0.13288480322497387,2,430.0
degree-preserving,0.8067266253532097,0.0972222222222221,1.0,5,0.1263577219778831,3,430.0
degree-preserving,0.8517449928282221,0.0972222222222221,1.0,5,0.17025756490937194,3,430.0
degree-preserving,0.7791654736661575,0.21590909090909083,1.0,5,0.2709696863268104,3,430.0
degree-preserving,0.859912132631427,0.0972222222222221,1.0,5,0.18899143573975208,2,430.0
degree-preserving,0.6256349582266714,2.220446049250313e-16,1.0,5,0.1590627437282589,3,430.0
degree-preserving,0.7661242664088206,0.21590909090909083,0.9905137282916724,5,0.2115771675064969,4,430.0
degree-preserving,0.7767754106467577,0.0972222222222221,0.9550418301438072,5,0.16222636162455617,4,430.0
degree-preserving,0.7996239254396387,0.0972222222222221,1.0,5,0.2120138826244048,3,430.0
degree-preserving,0.859935430515699,0.0972222222222221,1.0,4,0.1494593949316143,2,430.0
degree-preserving,0.7497973148557131,0.1499999999999999,1.0,5,0.1986732142347809,3,430.0
degree-preserving,0.8310972177438443,0.0972222222222221,1.0,5,0.12460438179636668,3,430.0
degree-preserving,0.833621295673528,0.17499999999999982,1.0,5,0.1451426518285459,3,430.0
degree-preserving,0.7260955723584746,2.220446049250313e-16,1.0,5,0.26810010122275185,3,430.0
degree-preserving,0.875,2.220446049250313e-16,1.0,4,0.1970471377412708,1,430.0
degree-preserving,0.7196074077984094,0.0972222222222221,0.9036836716690224,5,0.20182518836634133,4,430.0
degree-preserving,0.861104354193041,0.0972222222222221,1.0,5,0.27934354120540605,2,430.0
degree-preserving,0.7068464000785728,0.1499999999999999,1.0,5,0.14047970320106495,3,430.0
degree-preserving,0.8240377208009171,2.220446049250313e-16,1.0,4,0.21855737704918032,2,430.0
degree-preserving,0.6311106311729913,0.267857142857143,0.8596272077315896,5,0.20912467637853083,4,430.0
degree-preserving,0.691467414866664,2.220446049250313e-16,0.9556935844544056,5,0.13698482829557923,4,430.0
degree-preserving,0.6587812881930679,0.22916666666666652,0.9920498798831368,5,0.2669626622477196,4,430.0
degree-preserving,0.7649491169138292,2.220446049250313e-16,1.0,5,0.18497119863862455,2,430.0
degree-preserving,0.875,0.0972222222222221,1.0,4,0.18530918658805084,1,430.0
degree-preserving,0.6891935061664702,2.220446049250313e-16,1.0,4,0.20604650287290072,3,430.0
degree-preserving,0.8556416233269115,0.0972222222222221,1.0,5,0.17844382691544258,2,430.0
degree-preserving,0.8551380249941174,0.17499999999999982,1.0,4,0.23765164715535914,2,430.0
degree-preserving,0.8626252251309983,0.17499999999999982,1.0,5,0.17257400769945574,3,430.0
degree-preserving,0.7602660744765202,2.220446049250313e-16,1.0,5,0.1873653712321699,2,430.0
degree-preserving,0.7488757845036689,0.1499999999999999,1.0,5,0.19736490101658644,3,430.0
degree-preserving,0.8699689370051387,0.17499999999999982,1.0,5,0.12701139690759067,2,430.0
degree-preserving,0.8437667531631421,0.0972222222222221,1.0,5,0.16475890458424125,3,430.0
degree-preserving,0.870415544043059,0.0972222222222221,1.0,4,0.16962308050255925,2,430.0
degree-preserving,0.7540111224270774,0.1499999999999999,1.0,5,0.13196992876383196,3,430.0
degree-preserving,0.758764816069254,0.1499999999999999,1.0,4,0.15919629057187012,2,430.0
degree-preserving,0.797589302775902,0.0972222222222221,1.0,5,0.16822491877196477,3,430.0
degree-preserving,0.7587446953192887,0.1499999999999999,1.0,5,0.16490126720049747,2,430.0
degree-preserving,0.875,2.220446049250313e-16,1.0,4,0.14199752912962382,1,430.0
degree-preserving,0.7374005178464349,0.1499999999999999,1.0,4,0.12326423582510015,3,430.0
degree-preserving,0.8020096602751547,2.220446049250313e-16,1.0,5,0.17838246409674985,2,430.0
degree-preserving,0.7477442580654656,0.1499999999999999,1.0,5,0.19070602600014375,3,430.0
degree-preserving,,2.220446049250313e-16,,4,0.178209572057059,0,430.0
degree-preserving,0.7802578710079957,0.21590909090909083,1.0,5,0.236392363778683,2,430.0
degree-preserving,0.8045361156395268,2.220446049250313e-16,1.0,5,0.21774490654725043,2,430.0
degree-preserving,,2.220446049250313e-16,,4,0.24708437761069346,0,430.0
degree-preserving,0.875,2.220446049250313e-16,1.0,5,0.17191261745967235,1,430.0
degree-preserving,0.8719898121879428,0.0972222222222221,1.0,5,0.200417932674409,2,430.0
degree-preserving,0.7245253669928795,2.220446049250313e-16,1.0,5,0.18407491053452985,3,430.0
degree-preserving,0.7541623259634249,2.220446049250313e-16,1.0,5,0.18154901932828615,2,430.0
degree-preserving,0.7710333010147379,0.0972222222222221,0.9754031765178715,5,0.19718423436884824,4,430.0
degree-preserving,0.875,0.0972222222222221,1.0,4,0.18920820454129705,1,430.0
degree-preserving,0.7534739368452243,0.1499999999999999,1.0,5,0.22187960081142133,3,430.0
degree-preserving,0.7955445444865521,0.0972222222222221,1.0,5,0.17618636250494157,2,430.0
degree-preserving,0.875,0.0972222222222221,1.0,4,0.1728774364056822,1,430.0
degree-preserving,0.8332604103323253,0.0972222222222221,1.0,4,0.20601836338047042,3,430.0
degree-preserving,0.8721818649652862,0.0972222222222221,1.0,5,0.1730018299448135,2,430.0
degree-preserving,0.8041810301049597,2.220446049250313e-16,1.0,5,0.17965902028625236,2,430.0
degree-preserving,0.8605617634139251,0.17499999999999982,1.0,4,0.17066443077714621,3,430.0
degree-preserving,0.8508865504563052,0.0972222222222221,1.0,5,0.1614345973160054,3,430.0
degree-preserving,0.7592928182371006,0.1499999999999999,1.0,5,0.15276786858761182,3,430.0
degree-preserving,0.8431114218831812,0.0972222222222221,0.9829940937297212,5,0.1803742943903438,4,430.0
degree-preserving,0.8179219695266309,0.0972222222222221,0.9629830043161335,5,0.14650547283682958,4,430.0
degree-preserving,0.8292043717142965,0.17499999999999982,1.0,5,0.19055210565756764,3,430.0
degree-preserving,,2.220446049250313e-16,,4,0.15092726296024317,0,430.0
degree-preserving,0.8706194704870771,0.0972222222222221,1.0,5,0.13757446330223666,2,430.0
degree-preserving,0.7728907499116746,0.1499999999999999,1.0,5,0.24128304301044,3,430.0
degree-preserving,0.870540190789324,0.0972222222222221,1.0,5,0.18424418632092188,2,430.0
degree-preserving,0.7486484657417711,0.1499999999999999,1.0,5,0.15766073711270212,3,430.0
degree-preserving,0.875,2.220446049250313e-16,1.0,5,0.22672960577673695,1,430.0
degree-preserving,0.7764588645059587,0.21590909090909083,0.994336275763736,5,0.19644376857855195,4,430.0
degree-preserving,0.784425560936693,0.21590909090909083,0.9957633452608455,5,0.2120334947949244,4,430.0
degree-preserving,0.763968320558418,0.21590909090909083,1.0,5,0.1621975271182584,3,430.0
degree-preserving,0.6504689321751409,2.220446049250313e-16,1.0,5,0.2046204001219598,3,430.0
degree-preserving,0.8479016617607746,0.0972222222222221,1.0,5,0.22085938520012172,3,430.0
degree-preserving,0.7657646499708719,2.220446049250313e-16,1.0,5,0.11847025549523538,2,430.0
degree-preserving,0.7752773037542737,2.220446049250313e-16,1.0,5,0.18018225482777905,2,430.0
degree-preserving,0.7528390616076357,0.1499999999999999,0.9836963554572389,5,0.1308959484587382,4,430.0
degree-preserving,0.8588695881372173,0.0972222222222221,1.0,4,0.18091006328129788,2,430.0
degree-preserving,0.7797686362238883,0.21590909090909083,0.9886574368883588,5,0.1591399973342711,4,430.0
degree-preserving,0.8264692807901988,2.220446049250313e-16,1.0,5,0.2394996407342086,2,430.0
degree-preserving,0.875,0.0972222222222221,1.0,4,0.2031849449403481,1,430.0
degree-preserving,0.7502074347508687,0.1499999999999999,1.0,5,0.20132798916004557,3,430.0
degree-preserving,0.8497805726949232,0.0972222222222221,1.0,5,0.15405814148882535,2,430.0
degree-preserving,0.7369065573769709,0.1499999999999999,1.0,5,0.10029616318924495,3,430.0
degree-preserving,0.8540026611499976,0.0972222222222221,1.0,5,0.23757451994334844,2,430.0
degree-preserving,0.8273558192725925,2.220446049250313e-16,1.0,5,0.20697835326677883,2,430.0
degree-preserving,0.8521845604352405,0.0972222222222221,1.0,4,0.14883230870355324,2,430.0
degree-preserving,0.875,0.0972222222222221,1.0,4,0.15573999633689029,1,430.0
degree-preserving,0.7917682643312269,0.21590909090909083,1.0,5,0.1653733081343184,2,430.0
degree-preserving,0.8711355712533859,0.17499999999999982,1.0,5,0.2696874688961879,2,430.0
degree-preserving,0.7540062095082707,2.220446049250313e-16,1.0,4,0.24025206774320595,2,430.0
degree-preserving,0.8496806760413496,0.0972222222222221,1.0,5,0.11307330193935838,3,430.0
degree-preserving,0.8373806279221243,2.220446049250313e-16,1.0,5,0.1468323226811058,2,430.0
degree-preserving,0.7974375380591734,0.0972222222222221,1.0,5,0.17082355172986186,3,430.0
degree-preserving,0.8524665182035966,0.0972222222222221,1.0,4,0.25585860998328147,3,430.0
degree-preserving,0.875,0.0972222222222221,1.0,4,0.2147568887799174,1,430.0
degree-preserving,0.8630674115671084,0.17499999999999982,1.0,5,0.18697106868726632,2,430.0
degree-preserving,0.7860374504017116,0.21590909090909083,1.0,5,0.11088898132967917,3,430.0
degree-preserving,0.7511224671210299,0.1499999999999999,1.0,5,0.2967872686800227,3,430.0
degree-preserving,0.7930698013250943,0.21590909090909083,1.0,5,0.12681896530795556,3,430.0
degree-preserving,0.7729900709129285,0.2980769230769229,0.9967372764737665,5,0.14201198971491613,4,430.0
degree-preserving,0.875,0.0972222222222221,1.0,5,0.21459144341039305,1,430.0
degree-preserving,0.875,2.220446049250313e-16,1.0,4,0.1371059494858301,1,430.0
degree-preserving,0.7343191845981145,0.1499999999999999,1.0,5,0.14131197156033803,3,430.0
degree-preserving,0.7463087130106063,0.1499999999999999,0.987866511867694,5,0.2079271018614517,4,430.0
degree-preserving,0.875,0.0972222222222221,1.0,4,0.28132723289208317,1,430.0
degree-preserving,0.8125585193256741,0.0972222222222221,1.0,5,0.18322981366459634,3,430.0
degree-preserving,0.875,0.0972222222222221,1.0,5,0.23050186463728428,1,430.0
degree-preserving,0.756251000683178,0.1499999999999999,1.0,5,0.17499497848155876,2,430.0
degree-preserving,0.6524688218553802,2.220446049250313e-16,1.0,5,0.1485614128877052,3,430.0
degree-preserving,0.8719678161193343,0.0972222222222221,1.0,5,0.16361327666504155,2,430.0
degree-preserving,0.8261813003688872,0.0972222222222221,0.9837488709289683,5,0.18722342926593483,4,430.0
degree-preserving,0.792442141026648,0.21590909090909083,1.0,5,0.3303596422612849,2,430.0
degree-preserving,0.8286805194293527,0.0972222222222221,1.0,5,0.1483233018056751,3,430.0
degree-preserving,0.7911849975455572,2.220446049250313e-16,1.0,4,0.2174796448710966,2,430.0
degree-preserving,0.8518377431484554,0.0972222222222221,1.0,5,0.20039874250001177,2,430.0
degree-preserving,0.8149944067968877,2.220446049250313e-16,1.0,5,0.19118902238854962,2,430.0
degree-preserving,0.8315556487989229,0.0972222222222221,1.0,5,0.2586499712147381,3,430.0
degree-preserving,0.7643443701657644,0.1499999999999999,1.0,4,0.23422342330234092,2,430.0
degree-preserving,0.7080482256550427,2.220446049250313e-16,1.0,5,0.20124404287863273,3,430.0
degree-preserving,0.875,0.0972222222222221,1.0,5,0.12745295930524514,1,430.0
degree-preserving,0.8673320698257299,0.0972222222222221,1.0,5,0.14606619795299047,2,430.0
degree-preserving,0.8493593564373119,0.0972222222222221,1.0,4,0.22563189613464174,3,430.0
degree-preserving,0.7181820316611944,0.1499999999999999,0.9892576467611391,5,0.27412423119532425,4,430.0
degree-preserving,0.8721221447162362,0.0972222222222221,1.0,5,0.2724121352798453,2,430.0
degree-preserving,0.832329112162846,2.220446049250313e-16,1.0,5,0.1642000775934671,2,430.0
degree-preserving,0.6985629665706967,2.220446049250313e-16,1.0,5,0.22145852694345258,3,430.0
degree-preserving,0.7772304000950745,2.220446049250313e-16,1.0,5,0.2222180773678517,2,430.0
degree-preserving,0.7597804717015735,0.1499999999999999,1.0,4,0.14783597919253955,2,430.0
degree-preserving,0.8300849821654708,0.0972222222222221,1.0,5,0.19628742907743246,3,430.0
degree-preserving,0.8201086547860696,2.220446049250313e-16,1.0,5,0.1868102759132857,2,430.0
degree-preserving,0.8661001815460623,0.0972222222222221,1.0,5,0.19867284863725465,2,430.0
degree-preserving,0.875,2.220446049250313e-16,1.0,5,0.14972977676370214,1,430.0
degree-preserving,0.7809469326665164,0.21590909090909083,1.0,5,0.13676376922788736,3,430.0
degree-preserving,0.6739714816961833,0.22916666666666652,1.0,5,0.1798455464779114,3,430.0
degree-preserving,0.8524209760301802,0.0972222222222221,1.0,5,0.18487995426829262,3,430.0
degree-preserving,0.8658363472526116,0.0972222222222221,1.0,5,0.1752761863378094,2,430.0
degree-preserving,0.7556573183227879,2.220446049250313e-16,1.0,4,0.2653068175735842,2,430.0
degree-preserving,0.8397194773167822,0.0972222222222221,1.0,5,0.11069577062875657,3,430.0
degree-preserving,0.7636226159833577,2.220446049250313e-16,1.0,4,0.28094526317800217,3,430.0
degree-preserving,0.7211530696781876,2.220446049250313e-16,1.0,5,0.21904064032467163,3,430.0
degree-preserving,0.7502477244620844,0.21590909090909083,1.0,5,0.17649145415966982,3,430.0
degree-preserving,0.6404158004802654,0.17045454545454541,1.0,5,0.09474602362720319,3,430.0
degree-preserving,0.747456752243628,0.1499999999999999,1.0,5,0.2503396851698425,3,430.0
degree-preserving,0.7811330887499668,2.220446049250313e-16,1.0,5,0.2260340517851247,2,430.0
degree-preserving,0.853921507373544,0.17499999999999982,1.0,5,0.23487766688120193,3,430.0
degree-preserving,0.8399282348178732,0.0972222222222221,1.0,5,0.240431777203724,2,430.0
degree-preserving,0.8603292892306089,0.0972222222222221,1.0,4,0.17495264468610872,2,430.0
degree-preserving,0.8265988069780728,2.220446049250313e-16,1.0,5,0.22167870288628055,2,430.0
degree-preserving,0.8024967632272328,2.220446049250313e-16,1.0,5,0.18214404881071555,2,430.0
degree-preserving,0.8319709290975732,0.0972222222222221,1.0,5,0.14714268916455997,2,430.0
degree-preserving,0.7297777462646369,2.220446049250313e-16,1.0,5,0.3304398782271474,3,430.0
degree-preserving,0.8673846751116943,0.17499999999999982,1.0,4,0.24816146507502768,2,430.0
degree-preserving,0.8479856485759583,0.0972222222222221,1.0,4,0.11567025313511403,2,430.0
degree-preserving,0.7998429298296137,0.0972222222222221,0.9823292589635069,5,0.17226895818824584,4,430.0
degree-preserving,0.7624984357727829,2.220446049250313e-16,1.0,4,0.16357761448628805,2,430.0
degree-preserving,0.75746489456137,0.1499999999999999,1.0,5,0.1989419584465849,2,430.0
degree-preserving,0.7509209599723141,0.1499999999999999,0.9822396774205211,5,0.19184242039150523,4,430.0
degree-preserving,0.8642624124888627,0.17499999999999982,1.0,5,0.20011153757832234,2,430.0
degree-preserving,0.875,0.0972222222222221,1.0,4,0.1299221325585893,1,430.0
degree-preserving,0.7522597347053548,0.1499999999999999,1.0,5,0.1636883047972788,3,430.0
degree-preserving,0.8662904214344833,0.17499999999999982,1.0,5,0.1799123227876086,2,430.0
degree-preserving,0.7618272910793265,2.220446049250313e-16,1.0,5,0.2255114492857655,2,430.0
degree-preserving,0.8130092853967494,0.27083333333333326,1.0,5,0.18312146746871538,2,430.0
degree-preserving,0.8475700020939216,0.0972222222222221,1.0,4,0.1540370368587506,2,430.0
degree-preserving,0.8664006415782475,0.0972222222222221,1.0,5,0.14189681435856683,2,430.0
degree-preserving,0.7393320138833246,0.1499999999999999,1.0,5,0.22736964528009307,3,430.0
degree-preserving,0.8063961140648968,0.0972222222222221,0.971785890364105,5,0.19796458473679146,4,430.0
degree-preserving,0.7973326721216525,0.21590909090909083,1.0,4,0.15201178528680603,2,430.0
degree-preserving,0.8504678502713958,0.0972222222222221,1.0,5,0.18803769526828162,2,430.0
degree-preserving,,2.220446049250313e-16,,4,0.15989520620108366,0,430.0
degree-preserving,0.7971319445389564,0.21590909090909083,1.0,5,0.2819420539300057,2,430.0
degree-preserving,0.8206382911658039,0.0972222222222221,1.0,5,0.1787996625323648,3,430.0
degree-preserving,0.7454455462721059,0.1499999999999999,1.0,5,0.17367873551593616,3,430.0
degree-preserving,0.875,0.0972222222222221,1.0,4,0.20694373795484988,1,430.0
degree-preserving,0.8352177504155471,2.220446049250313e-16,1.0,5,0.1538027045884972,2,430.0
degree-preserving,,2.220446049250313e-16,,4,0.14098202683564265,0,430.0
degree-preserving,0.875,0.17499999999999982,1.0,4,0.20014920391856628,1,430.0
degree-preserving,0.875,2.220446049250313e-16,1.0,4,0.23537546214014848,1,430.0
degree-preserving,0.8596259174019381,0.0972222222222221,1.0,5,0.18097520267048162,3,430.0
degree-preserving,0.8670433288306574,0.17499999999999982,1.0,5,0.20599580893466196,2,430.0
degree-preserving,0.7261835144817659,0.1499999999999999,1.0,5,0.14948586949492348,3,430.0
degree-preserving,,2.220446049250313e-16,,4,0.16429104911926773,0,430.0
degree-preserving,0.8141758111561597,0.0972222222222221,0.984458478489216,5,0.22910321655237464,4,430.0
degree-preserving,0.7215017070156817,0.27884615384615374,1.0,5,0.24653175210042122,3,430.0
degree-preserving,0.6179934576856476,2.220446049250313e-16,0.8597689393936773,5,0.27621104199568125,4,430.0
degree-preserving,0.7518678063418667,2.220446049250313e-16,1.0,5,0.16243344322776565,2,430.0
degree-preserving,0.875,0.0972222222222221,1.0,4,0.1472803065958449,1,430.0
degree-preserving,0.7259082256190033,2.220446049250313e-16,1.0,5,0.12993519957280786,3,430.0
degree-preserving,0.8665221914961454,0.0972222222222221,1.0,5,0.14234263496279032,2,430.0
degree-preserving,,2.220446049250313e-16,,4,0.17153071297813827,0,430.0
degree-preserving,0.747779760165443,0.1499999999999999,1.0,5,0.14530885024656115,3,430.0
degree-preserving,0.7445038549595602,0.1499999999999999,1.0,5,0.20758723159509207,3,430.0
degree-preserving,0.8672020609596565,0.0972222222222221,1.0,5,0.26309182295072586,2,430.0
degree-preserving,0.7185344087522374,0.1499999999999999,1.0,5,0.1861070816299617,3,430.0
degree-preserving,0.8573419523462944,0.17499999999999982,1.0,5,0.13369076444136985,3,430.0
degree-preserving,0.8214961165938137,2.220446049250313e-16,1.0,5,0.1304131050716475,2,430.0
degree-preserving,0.6372488308776671,0.17045454545454541,0.9883820139833216,5,0.2390668118059336,4,430.0
degree-preserving,0.8293350348324373,2.220446049250313e-16,1.0,4,0.15891620116972238,2,430.0
degree-preserving,0.7014190482091085,2.220446049250313e-16,1.0,5,0.18092580163876648,3,430.0
degree-preserving,0.8280279015577068,0.0972222222222221,1.0,5,0.20974815306635486,3,430.0
degree-preserving,0.8603522708728812,0.0972222222222221,1.0,5,0.15507170422602323,2,430.0
degree-preserving,0.8295559362388962,0.0972222222222221,1.0,5,0.16910076998433543,3,430.0
degree-preserving,0.7458318230017889,0.1499999999999999,1.0,5,0.16758395544328564,3,430.0
degree-preserving,0.8722692801745027,0.0972222222222221,1.0,5,0.19177433792137066,2,430.0
degree-preserving,0.7794406463699661,0.21590909090909083,1.0,5,0.2657018471057827,2,430.0
degree-preserving,0.8510696351836808,2.220446049250313e-16,1.0,5,0.14890892448078463,2,430.0
degree-preserving,0.8556059499902473,0.0972222222222221,1.0,5,0.15175715086667885,3,430.0
degree-preserving,0.8219687654576455,0.0972222222222221,0.9889815097816332,5,0.2068413179286468,4,430.0
degree-preserving,0.8041662365330928,2.220446049250313e-16,1.0,4,0.1565308235642171,2,430.0
degree-preserving,0.6709910543461655,2.220446049250313e-16,1.0,5,0.15982347172278522,3,430.0
degree-preserving,0.770999670906473,0.1499999999999999,1.0,5,0.1800639288779179,2,430.0
degree-preserving,0.7242839668543997,0.1499999999999999,1.0,5,0.1621084939888996,3,430.0
degree-preserving,0.7960835144237515,2.220446049250313e-16,1.0,5,0.14106656027661413,2,430.0
degree-preserving,0.8477743279587273,0.0972222222222221,1.0,5,0.20247677422769195,2,430.0
degree-preserving,0.840194919717612,0.0972222222222221,1.0,5,0.31540902595571607,3,430.0
degree-preserving,0.875,2.220446049250313e-16,1.0,4,0.17228353261850282,1,430.0
degree-preserving,0.8469851981683132,0.0972222222222221,1.0,4,0.24813903996216602,2,430.0
degree-preserving,0.8321651809466597,0.0972222222222221,1.0,5,0.3226736955672058,2,430.0
degree-preserving,0.6904004860713733,0.22916666666666652,1.0,5,0.14706467709991855,3,430.0
degree-preserving,,2.220446049250313e-16,,4,0.1464289271839826,0,430.0
degree-preserving,0.8664861544294238,0.0972222222222221,1.0,5,0.19925396038435217,2,430.0
degree-preserving,0.707812157030391,0.3035714285714284,1.0,5,0.1873323981501216,3,430.0
degree-preserving,0.6893818426071909,0.22916666666666652,1.0,4,0.21611754752321755,3,430.0
degree-preserving,0.7302136627701203,2.220446049250313e-16,1.0,5,0.16426275109968913,3,430.0
degree-preserving,0.8645243202858086,0.0972222222222221,1.0,5,0.280786266205425,2,430.0
degree-preserving,0.8589618751087538,0.0972222222222221,1.0,5,0.22794366206295313,2,430.0
degree-preserving,0.8701633956680561,0.0972222222222221,1.0,5,0.20491803278688525,2,430.0
degree-preserving,0.7667137345302697,2.220446049250313e-16,1.0,5,0.14270027019559905,2,430.0
degree-preserving,0.7955440930469424,0.21590909090909083,1.0,5,0.28360413589364863,2,430.0
degree-preserving,0.8704126852894032,0.0972222222222221,1.0,5,0.11841328351736324,2,430.0
degree-preserving,0.6353433733211014,0.17045454545454541,1.0,5,0.21741355204174295,3,430.0
degree-preserving,0.8505608713835908,0.0972222222222221,1.0,4,0.2291226445132719,2,430.0
degree-preserving,0.7756663279605307,0.21590909090909083,1.0,4,0.200924446473408,3,430.0
degree-preserving,0.875,0.0972222222222221,1.0,4,0.24672922342178727,1,430.0
degree-preserving,0.7480859468424443,0.1499999999999999,0.9907949773526276,5,0.16367733213159075,4,430.0
degree-preserving,0.875,2.220446049250313e-16,1.0,5,0.2513690331960262,1,430.0
degree-preserving,0.7609953554194924,2.220446049250313e-16,1.0,5,0.19931842600053706,2,430.0
degree-preserving,0.7590041191941403,2.220446049250313e-16,1.0,4,0.2023134988611337,2,430.0
degree-preserving,0.875,2.220446049250313e-16,1.0,5,0.17289833646710973,1,430.0
degree-preserving,0.7577271886643402,0.1499999999999999,1.0,5,0.23378171292354843,2,430.0
degree-preserving,0.7776269532896392,0.21590909090909083,1.0,5,0.23298700430962482,3,430.0
degree-preserving,0.8696343656850853,0.17499999999999982,1.0,4,0.12447407138137767,2,430.0
degree-preserving,0.8304792613122751,0.0972222222222221,1.0,5,0.22203323302368194,3,430.0
degree-preserving,0.7584769935458144,2.220446049250313e-16,1.0,5,0.21627487395909362,3,430.0
degree-preserving,0.7631556888317057,0.1499999999999999,1.0,5,0.16743787326952142,3,430.0
degree-preserving,0.7832367852778943,0.0972222222222221,0.9566941460122111,5,0.2236401544474893,4,430.0
degree-preserving,,2.220446049250313e-16,,4,0.12149811724144566,0,430.0
degree-preserving,0.8506132214217208,0.0972222222222221,1.0,5,0.35278737209077105,2,430.0
degree-preserving,0.7604106653440683,0.1499999999999999,1.0,4,0.23990966471712305,2,430.0
degree-preserving,0.8564804054845025,0.23863636363636354,0.988884964563588,5,0.18235387914882772,4,430.0
degree-preserving,0.8539590671835893,0.0972222222222221,1.0,5,0.19491267997925066,2,430.0
degree-preserving,0.8608751173776572,0.17499999999999982,1.0,5,0.24107454794391203,3,430.0
degree-preserving,0.8670685951571024,0.0972222222222221,1.0,5,0.19613743840735476,2,430.0
degree-preserving,0.673279760897397,2.220446049250313e-16,1.0,5,0.19645812644819594,3,430.0
degree-preserving,0.8629297428438876,0.0972222222222221,1.0,4,0.29650931217997645,2,430.0
degree-preserving,0.7565789351072207,0.1499999999999999,1.0,4,0.20753923848308053,2,430.0
degree-preserving,0.7663093016038636,0.1499999999999999,1.0,5,0.230022305491681,3,430.0
degree-preserving,0.7515073666705798,0.1499999999999999,1.0,5,0.19183038356530535,3,430.0
degree-preserving,0.7590276839204135,0.1499999999999999,1.0,5,0.3033726314406753,3,430.0
degree-preserving,0.8564382518818365,0.0972222222222221,1.0,4,0.13712513078613797,2,430.0
degree-preserving,0.8475262055369697,0.0972222222222221,1.0,5,0.24395096592003074,3,430.0
degree-preserving,0.87324985306407,0.17499999999999982,1.0,5,0.16441664395124078,2,430.0
degree-preserving,0.8347698105567205,0.0972222222222221,1.0,5,0.15003827264385516,2,430.0
degree-preserving,0.875,0.0972222222222221,1.0,4,0.10995888900978801,1,430.0
degree-preserving,0.8430530976157871,0.0972222222222221,1.0,5,0.14018106995884783,3,430.0
degree-preserving,0.8485499281915418,0.0972222222222221,1.0,5,0.21454010782551858,3,430.0
degree-preserving,0.8574368483527466,0.0972222222222221,1.0,4,0.12583010984110365,2,430.0
degree-preserving,0.8474633823547646,0.0972222222222221,1.0,4,0.12759859352089553,3,430.0
degree-preserving,0.819787479427396,2.220446049250313e-16,1.0,4,0.11176546570538726,2,430.0
degree-preserving,0.7551806914058083,0.1499999999999999,1.0,5,0.08010043336029271,2,430.0
degree-preserving,0.875,2.220446049250313e-16,1.0,5,0.15122228808535865,1,430.0
degree-preserving,0.7461571285477642,0.1499999999999999,1.0,5,0.18008095686787307,3,430.0
degree-preserving,0.7541928649326151,0.1499999999999999,1.0,5,0.1645143952474042,3,430.0
degree-preserving,0.8216283579720058,2.220446049250313e-16,1.0,4,0.22392815479691097,2,430.0
degree-preserving,0.875,2.220446049250313e-16,1.0,4,0.22662730078175308,1,430.0
degree-preserving,0.872653438951094,0.17499999999999982,1.0,5,0.16226883946181347,2,430.0
degree-preserving,0.6603691210882894,2.220446049250313e-16,1.0,5,0.2474951242623329,3,430.0
degree-preserving,0.875,0.23863636363636354,1.0,5,0.16249042145593873,1,430.0
degree-preserving,0.7862887812825841,2.220446049250313e-16,1.0,4,0.20814486121924536,2,430.0
degree-preserving,0.8343558939279792,0.0972222222222221,0.9825097931903274,5,0.12031853440387419,4,430.0
degree-preserving,0.7101795253511363,2.220446049250313e-16,1.0,5,0.28388704863730274,3,430.0
degree-preserving,0.7531437226381661,2.220446049250313e-16,1.0,5,0.22115615197935745,2,430.0
degree-preserving,0.8605207557415613,0.0972222222222221,1.0,5,0.16488757115978958,2,430.0
degree-preserving,0.875,2.220446049250313e-16,1.0,4,0.16628130002355457,1,430.0
degree-preserving,0.8607964601202736,0.23863636363636354,0.9926356030640756,5,0.15492388575955707,4,430.0
degree-preserving,0.7939792070076346,0.21590909090909083,1.0,4,0.19513478314889587,2,430.0
degree-preserving,0.8184551259241879,0.0972222222222221,1.0,5,0.1505277247493032,3,430.0
degree-preserving,0.7697143498234058,2.220446049250313e-16,1.0,5,0.2044696155129584,2,430.0
degree-preserving,0.875,2.220446049250313e-16,1.0,4,0.22256541006495467,1,430.0
degree-preserving,0.875,2.220446049250313e-16,1.0,4,0.20701721113271054,1,430.0
degree-preserving,0.7608463216361714,0.21590909090909083,0.9838615586831382,5,0.15498351824475287,4,430.0
degree-preserving,0.8390261935937158,0.0972222222222221,1.0,5,0.18178225647105317,2,430.0
degree-preserving,0.7924429135537472,2.220446049250313e-16,1.0,5,0.20325026881213337,2,430.0
degree-preserving,0.8246245625559161,2.220446049250313e-16,1.0,5,0.31933766718685663,2,430.0
degree-preserving,0.875,2.220446049250313e-16,1.0,4,0.15161314760276878,1,430.0
degree-preserving,0.6994939256925812,0.22916666666666652,1.0,5,0.17560750640669065,3,430.0
degree-preserving,0.7491135297704268,0.1499999999999999,1.0,5,0.1602757351214794,3,430.0
degree-preserving,0.875,2.220446049250313e-16,1.0,4,0.16374073826847335,1,430.0
degree-preserving,0.875,2.220446049250313e-16,1.0,4,0.2003083497104463,1,430.0
degree-preserving,0.739986418302748,0.1499999999999999,0.9935115596425379,5,0.23437044627664072,4,430.0
degree-preserving,0.8611441386736605,0.0972222222222221,1.0,5,0.17822850153612058,2,430.0
degree-preserving,0.7554122092881776,2.220446049250313e-16,1.0,5,0.20403254536195126,3,430.0
degree-preserving,0.875,2.220446049250313e-16,1.0,4,0.1634916094121983,1,430.0
degree-preserving,0.8185605797547542,2.220446049250313e-16,1.0,5,0.2209106554051219,2,430.0
degree-preserving,,2.220446049250313e-16,,4,0.19883245161564345,0,430.0
degree-preserving,0.8620089900345433,2.220446049250313e-16,1.0,5,0.17465509347757346,2,430.0
degree-preserving,0.8503284364306947,0.0972222222222221,1.0,4,0.18827439308502047,3,430.0
degree-preserving,0.740105093512393,0.1499999999999999,0.9860485732093287,5,0.14632421727879097,4,430.0
degree-preserving,0.8664500706482294,0.0972222222222221,1.0,5,0.14691591307868812,2,430.0
degree-preserving,0.8350523446436149,0.0972222222222221,1.0,5,0.13340917564505805,3,430.0
degree-preserving,0.670532323926494,0.22916666666666652,1.0,5,0.29398924922191905,3,430.0
degree-preserving,0.875,2.220446049250313e-16,1.0,5,0.23099040460041576,1,430.0
degree-preserving,0.7661558304764005,0.1499999999999999,1.0,5,0.18053301194514382,2,430.0
degree-preserving,0.7527466219610046,0.1499999999999999,1.0,5,0.21177565743542015,3,430.0
degree-preserving,0.8464290111380721,0.0972222222222221,1.0,5,0.17883876092887774,3,430.0
degree-preserving,0.848632081234652,0.0972222222222221,1.0,5,0.22077706625966376,3,430.0
degree-preserving,0.8031073534286548,0.0972222222222221,1.0,5,0.23621902218430868,3,430.0
degree-preserving,0.875,0.0972222222222221,1.0,5,0.18079133364158795,1,430.0
degree-preserving,0.7670485002903686,2.220446049250313e-16,1.0,4,0.3161931464770673,2,430.0
degree-preserving,0.8098529528954408,2.220446049250313e-16,1.0,5,0.27063382128936353,2,430.0
degree-preserving,0.7647622879849314,0.21590909090909083,1.0,5,0.15962619880170947,3,430.0
degree-preserving,0.8516567577803291,0.0972222222222221,1.0,5,0.24708870781512882,2,430.0
degree-preserving,0.8640681698992456,0.17499999999999982,1.0,5,0.21140267104748822,2,430.0
degree-preserving,0.875,0.0972222222222221,1.0,4,0.1627146380358997,1,430.0
degree-preserving,0.7724553132376974,2.220446049250313e-16,1.0,5,0.19492426255647088,3,430.0
degree-preserving,0.7740725011019147,0.21590909090909083,1.0,5,0.23641399224330717,3,430.0
degree-preserving,0.7411920763797781,0.1499999999999999,1.0,5,0.23163386675638664,3,430.0
degree-preserving,0.8523302570433813,0.0972222222222221,1.0,5,0.14381075826312384,3,430.0
degree-preserving,0.875,2.220446049250313e-16,1.0,4,0.14711429290793965,1,430.0
degree-preserving,0.6718151930984881,2.220446049250313e-16,1.0,5,0.23342154937727067,3,430.0
degree-preserving,0.8522381168808377,0.0972222222222221,1.0,4,0.21172602854157174,2,430.0
degree-preserving,0.8132318841685418,0.0972222222222221,1.0,5,0.14449903651333507,3,430.0
degree-preserving,0.8529499188177878,0.0972222222222221,1.0,5,0.22317625583124867,2,430.0
degree-preserving,0.86199156525685,0.0972222222222221,1.0,4,0.19401580097495363,2,430.0
degree-preserving,0.875,2.220446049250313e-16,1.0,4,0.23016316578217189,1,430.0
degree-preserving,0.8236113990353533,0.0972222222222221,1.0,4,0.23674174264839065,3,430.0
degree-preserving,0.7563941336263562,0.1499999999999999,1.0,4,0.18650153338051423,2,430.0
degree-preserving,0.8429930863322888,0.0972222222222221,1.0,5,0.17612489132345466,2,430.0
degree-preserving,0.875,2.220446049250313e-16,1.0,4,0.21367698322516038,1,430.0
degree-preserving,0.7513910220364524,0.1499999999999999,1.0,5,0.2451385574824747,2,430.0
degree-preserving,0.875,0.0972222222222221,1.0,4,0.24684560567766722,1,430.0
degree-preserving,0.8462195812593016,0.0972222222222221,1.0,4,0.26942523060562773,2,430.0
degree-preserving,0.8582376861508785,0.0972222222222221,1.0,5,0.17753110104871628,3,430.0
degree-preserving,0.863042686834949,0.0972222222222221,1.0,5,0.2374472123823813,2,430.0
degree-preserving,0.788450796414983,0.27083333333333326,1.0,5,0.1464093637078805,3,430.0
degree-preserving,0.875,2.220446049250313e-16,1.0,4,0.1621636940749699,1,430.0
degree-preserving,0.7848704124976484,2.220446049250313e-16,1.0,5,0.20460490153338773,3,430.0
degree-preserving,0.7485577171458513,0.25,1.0,5,0.1449335508092614,3,430.0
degree-preserving,0.8440458127843788,0.0972222222222221,1.0,5,0.14367169746701292,2,430.0
degree-preserving,0.7223320537948534,2.220446049250313e-16,1.0,5,0.17189786839397758,3,430.0
degree-preserving,0.7944484292458529,2.220446049250313e-16,1.0,5,0.1637973904189065,2,430.0
degree-preserving,0.7657361149366881,0.21590909090909083,1.0,5,0.16856599040086795,3,430.0
degree-preserving,0.7682981791632701,0.21590909090909083,0.9932796667467201,5,0.23380218971742772,4,430.0
degree-preserving,0.8372517842404228,2.220446049250313e-16,1.0,5,0.26523081557346184,2,430.0
degree-preserving,0.7556229340862906,0.1499999999999999,1.0,5,0.20073635228028142,2,430.0
degree-preserving,0.6344769191910458,0.17045454545454541,1.0,5,0.17669978570037004,3,430.0
degree-preserving,0.7272045742868618,0.1499999999999999,1.0,5,0.178892622127369,3,430.0
degree-preserving,0.8435870114129909,2.220446049250313e-16,1.0,5,0.24899137337225707,2,430.0
degree-preserving,0.751523746378659,0.1499999999999999,1.0,5,0.1930560070367323,2,430.0
degree-preserving,0.7922116484467363,2.220446049250313e-16,1.0,5,0.14056596170347924,2,430.0
degree-preserving,0.7548357254098517,0.1499999999999999,1.0,5,0.1822382365409072,2,430.0
degree-preserving,0.8471997415074413,0.0972222222222221,1.0,5,0.2200568697327684,2,430.0
degree-preserving,0.6719415313293859,2.220446049250313e-16,1.0,5,0.210014793820109,3,430.0
degree-preserving,0.8147256399670395,0.0972222222222221,0.9726202310893144,5,0.13581420027011382,4,430.0
degree-preserving,0.8135376856768608,0.0972222222222221,0.9784116782699273,5,0.20653167043559695,4,430.0
degree-preserving,0.863269576861426,0.0972222222222221,1.0,5,0.2021147341805405,2,430.0
degree-preserving,0.8676916575781282,0.0972222222222221,1.0,4,0.14728656627895498,2,430.0
degree-preserving,0.7558601060135117,2.220446049250313e-16,1.0,5,0.28696791700932933,2,430.0
degree-preserving,0.8555767841858002,0.0972222222222221,1.0,5,0.13843420202455325,2,430.0
degree-preserving,0.7763778544995033,2.220446049250313e-16,1.0,5,0.1358847404933936,3,430.0
degree-preserving,0.7919007751984826,2.220446049250313e-16,1.0,4,0.22677710016699937,2,430.0
degree-preserving,0.8411485712976356,2.220446049250313e-16,1.0,5,0.1976151617093561,2,430.0
degree-preserving,0.8189716063159578,0.0972222222222221,0.9791812094648046,5,0.17364758403361347,4,430.0
degree-preserving,0.8680734711429021,0.0972222222222221,1.0,5,0.23444743479547414,2,430.0
degree-preserving,0.8318828821604138,0.0972222222222221,1.0,5,0.19407862488153993,3,430.0
degree-preserving,,2.220446049250313e-16,,4,0.22481418829877464,0,430.0
degree-preserving,0.8523044731226772,0.0972222222222221,1.0,5,0.2132307374509399,3,430.0
degree-preserving,0.8387410420903749,0.0972222222222221,1.0,4,0.20688571727808514,3,430.0
degree-preserving,0.7503676151313141,2.220446049250313e-16,1.0,4,0.22234974153228926,2,430.0
degree-preserving,0.8667187711098272,0.17499999999999982,1.0,5,0.1762543519300276,3,430.0
degree-preserving,0.8621068102893339,0.0972222222222221,1.0,5,0.25694258116447544,2,430.0
degree-preserving,0.6956862072728458,0.22916666666666652,1.0,5,0.18909271616976087,3,430.0
degree-preserving,0.8474433551548,2.220446049250313e-16,1.0,5,0.1818349376893833,2,430.0
degree-preserving,0.8475336560886104,0.0972222222222221,1.0,5,0.11641741805962402,3,430.0
degree-preserving,0.7413529774585261,0.1499999999999999,1.0,5,0.16752222179094056,3,430.0
degree-preserving,0.7712347319796824,0.1499999999999999,1.0,4,0.1463980538611055,2,430.0
degree-preserving,0.875,0.0972222222222221,1.0,4,0.21400702487184353,1,430.0
degree-preserving,0.7899025945267859,2.220446049250313e-16,1.0,5,0.2239656702881071,2,430.0
degree-preserving,0.8592325710285813,0.0972222222222221,1.0,5,0.1743783472715965,2,430.0
degree-preserving,0.7502009435519237,0.1499999999999999,1.0,5,0.19359697583681956,3,430.0
degree-preserving,0.7282599536597545,2.220446049250313e-16,1.0,5,0.12807502486800826,3,430.0
degree-preserving,0.7306468098122625,0.1499999999999999,1.0,5,0.2702439209979408,3,430.0
degree-preserving,0.8061064583064377,0.0972222222222221,1.0,5,0.19873221657061135,3,430.0
degree-preserving,0.8719591176315793,0.0972222222222221,1.0,4,0.22584993613401017,2,430.0
degree-preserving,0.8496298360121475,0.0972222222222221,1.0,4,0.146420261148824,3,430.0
degree-preserving,0.8245901182960409,0.0972222222222221,0.9746050830979559,5,0.15714738510301118,4,430.0
degree-preserving,0.7598989658240647,0.1499999999999999,1.0,5,0.19866965315957386,2,430.0
degree-preserving,0.7211881076770779,2.220446049250313e-16,1.0,5,0.19448862130334355,3,430.0
degree-preserving,0.8606075019952482,0.0972222222222221,1.0,5,0.1753181827820013,3,430.0
degree-preserving,0.875,2.220446049250313e-16,1.0,4,0.2019664281988227,1,430.0
degree-preserving,0.7447199737139754,2.220446049250313e-16,1.0,5,0.17032335838888113,3,430.0
degree-preserving,0.784783519168601,0.21590909090909083,1.0,5,0.1189566886121165,2,430.0
degree-preserving,0.7136205887094509,2.220446049250313e-16,1.0,5,0.13179696092824333,3,430.0
degree-preserving,0.8022901648759304,2.220446049250313e-16,1.0,5,0.18959144610916756,2,430.0
degree-preserving,0.875,0.0972222222222221,1.0,5,0.17789404839764544,1,430.0
degree-preserving,0.8249624378905711,0.0972222222222221,1.0,5,0.2176612376598932,3,430.0
degree-preserving,0.774421467894288,0.2980769230769229,1.0,4,0.20740841816967914,2,430.0
degree-preserving,0.836635395618057,0.0972222222222221,1.0,5,0.19072858765166456,3,430.0
degree-preserving,0.871972790183523,0.0972222222222221,1.0,5,0.17090871243660577,2,430.0
degree-preserving,0.8281832602753567,0.0972222222222221,1.0,5,0.20828554143980638,3,430.0
degree-preserving,0.7798941755166731,0.0972222222222221,0.9469218103087391,5,0.12823957016434895,4,430.0
degree-preserving,0.7708705214840057,0.2980769230769229,0.9928161162476348,5,0.1923735218548227,4,430.0
degree-preserving,0.8693247232877306,0.0972222222222221,1.0,5,0.21618900186799805,2,430.0
degree-preserving,0.8313688703903315,2.220446049250313e-16,1.0,5,0.18995542292094458,2,430.0
degree-preserving,0.7958146289858168,2.220446049250313e-16,1.0,5,0.20750792014962394,2,430.0
degree-preserving,0.875,2.220446049250313e-16,1.0,5,0.20664566692734754,1,430.0
degree-preserving,0.6610490731097618,0.17045454545454541,1.0,5,0.14179343032185043,3,430.0
degree-preserving,0.866932289537679,0.0972222222222221,1.0,4,0.19431386577419685,2,430.0
degree-preserving,0.7975524256153634,0.27083333333333326,1.0,5,0.20342232523535642,3,430.0
degree-preserving,0.875,2.220446049250313e-16,1.0,4,0.14086334045977567,1,430.0
degree-preserving,0.7216009089861635,2.220446049250313e-16,1.0,5,0.1836665293649956,3,430.0
degree-preserving,0.8654305929856649,0.17499999999999982,1.0,5,0.20923248530610505,2,430.0
degree-preserving,0.875,0.0972222222222221,1.0,4,0.24248022701201455,1,430.0
degree-preserving,0.7776386759925653,2.220446049250313e-16,1.0,5,0.23939849123691004,3,430.0
degree-preserving,0.8546018997422007,0.0972222222222221,1.0,5,0.11175052716790079,2,430.0
degree-preserving,0.8314140884016199,0.0972222222222221,1.0,5,0.15543342328704013,3,430.0
degree-preserving,0.8423947410581583,0.0972222222222221,0.9879500149321571,5,0.1885708825075254,4,430.0
degree-preserving,0.8581665915400616,0.0972222222222221,1.0,4,0.3765705715714047,2,430.0
degree-preserving,0.8679816699120488,0.0972222222222221,1.0,4,0.250149967216469,2,430.0
degree-preserving,0.8644007922730712,0.0972222222222221,1.0,5,0.17304509037939475,2,430.0
degree-preserving,0.7820563907113316,0.0972222222222221,0.9573489214978715,5,0.21031612537365085,4,430.0
degree-preserving,0.7482010047656531,0.1499999999999999,0.9939174343071894,5,0.33565812415698915,4,430.0
degree-preserving,0.767892633845392,2.220446049250313e-16,1.0,5,0.26244994642152164,2,430.0
degree-preserving,0.8703402450313478,0.0972222222222221,1.0,5,0.18535182743929235,2,430.0
degree-preserving,0.8224611133356092,0.0972222222222221,1.0,5,0.22708689442011842,3,430.0
degree-preserving,0.8714657640098351,0.17499999999999982,1.0,4,0.23661148821207034,2,430.0
degree-preserving,0.8719998011844501,0.0972222222222221,1.0,4,0.17400164930473272,2,430.0
degree-preserving,0.6214726184710433,0.17045454545454541,0.9847185346659892,5,0.2459224062105626,4,430.0
degree-preserving,0.875,2.220446049250313e-16,1.0,4,0.1644681910271315,1,430.0
degree-preserving,0.8438901050940928,0.17499999999999982,1.0,5,0.20859623513525072,2,430.0
degree-preserving,0.8179409683584886,0.0972222222222221,1.0,5,0.1986250814096533,3,430.0
degree-preserving,0.875,0.0972222222222221,1.0,5,0.2179821914026493,1,430.0
degree-preserving,0.7958054231345717,2.220446049250313e-16,1.0,5,0.12429514687257925,3,430.0
degree-preserving,0.8482148216290053,0.0972222222222221,1.0,5,0.1299729652817302,3,430.0
degree-preserving,0.875,2.220446049250313e-16,1.0,5,0.26224740177920103,1,430.0
degree-preserving,0.617289853992055,2.220446049250313e-16,0.927983545332296,5,0.2013568837324501,4,430.0
degree-preserving,0.7838950155752777,0.21590909090909083,1.0,5,0.2733373512417251,3,430.0
degree-preserving,0.6890822758240354,2.220446049250313e-16,1.0,5,0.16374304864416123,3,430.0
degree-preserving,0.7723064815957745,0.2980769230769229,1.0,5,0.16534472533353894,2,430.0
degree-preserving,0.5395459135214693,2.220446049250313e-16,0.8099499361143949,5,0.1645107704038561,4,430.0
degree-preserving,0.7611417966354532,2.220446049250313e-16,1.0,5,0.20739777269318038,3,430.0
degree-preserving,0.7332511253082665,0.1499999999999999,1.0,5,0.12740444666500128,3,430.0
degree-preserving,0.8479509507442324,0.17499999999999982,1.0,5,0.17083478227270976,2,430.0
degree-preserving,0.7889363003782768,0.21590909090909083,1.0,5,0.21058921602620373,3,430.0
degree-preserving,0.7493835966193854,0.1499999999999999,1.0,5,0.2189163781227894,3,430.0
degree-preserving,0.875,2.220446049250313e-16,1.0,4,0.18587385237479692,1,430.0
degree-preserving,0.550362829724595,2.220446049250313e-16,0.8006594933045373,5,0.15998262770308647,4,430.0
degree-preserving,0.6570896380502564,2.220446049250313e-16,1.0,5,0.18229336818033326,3,430.0
degree-preserving,0.8717985387473042,0.17499999999999982,1.0,5,0.18049892639146892,2,430.0
degree-preserving,0.875,0.0972222222222221,1.0,5,0.13409670053281264,1,430.0
degree-preserving,0.6252924896265002,0.17045454545454541,0.9805694558490159,5,0.12376781415963012,4,430.0
degree-preserving,0.7996077577347327,2.220446049250313e-16,1.0,5,0.15323064612922577,2,430.0
degree-preserving,0.8678573669201088,0.0972222222222221,1.0,5,0.16689230448798364,2,430.0
degree-preserving,,2.220446049250313e-16,,4,0.14446468249831523,0,430.0
degree-preserving,0.7545415432452325,2.220446049250313e-16,1.0,5,0.2484280126040752,3,430.0
degree-preserving,0.8640420352523652,0.23863636363636354,1.0,5,0.19881072100039354,3,430.0
degree-preserving,0.8707461556131149,0.0972222222222221,1.0,5,0.17614072208311393,2,430.0
degree-preserving,0.629505079064441,0.17045454545454541,1.0,5,0.22348935607563147,3,430.0
degree-preserving,0.8163697428077785,2.220446049250313e-16,1.0,5,0.18011728901246282,2,430.0
degree-preserving,0.7379184908018035,0.1499999999999999,1.0,5,0.18206311810862752,3,430.0
degree-preserving,0.6114818701338445,0.2916666666666665,0.8578074039361256,5,0.19477157073345042,4,430.0
degree-preserving,0.8580152240650587,0.0972222222222221,1.0,5,0.20331967932865957,2,430.0
degree-preserving,0.7535120138598852,2.220446049250313e-16,1.0,5,0.18742855221572186,3,430.0
degree-preserving,0.8602807870350029,0.0972222222222221,1.0,5,0.20195962741930806,3,430.0
degree-preserving,0.750422500238328,0.1499999999999999,1.0,4,0.1835323397262355,2,430.0
degree-preserving,0.7848314582343672,0.21590909090909083,1.0,5,0.24894011625735946,2,430.0
degree-preserving,0.875,0.0972222222222221,1.0,4,0.23182749187160723,1,430.0
degree-preserving,0.8410746871878274,0.0972222222222221,1.0,5,0.1559797174936618,3,430.0
degree-preserving,0.7885852074887416,2.220446049250313e-16,1.0,4,0.2347549083344168,2,430.0
degree-preserving,0.6881724880157658,0.22916666666666652,1.0,5,0.2251599241295883,3,430.0
degree-preserving,0.7708997164989662,0.1499999999999999,1.0,5,0.12669131459652438,2,430.0
degree-preserving,0.7919085400388612,0.21590909090909083,1.0,5,0.17943743015431435,2,430.0
degree-preserving,0.8548440288831842,0.0972222222222221,1.0,5,0.17823781155360918,2,430.0
degree-preserving,0.8420202094701768,0.0972222222222221,1.0,5,0.1869799314733236,3,430.0
degree-preserving,0.7875948651878111,0.21590909090909083,1.0,5,0.1880361180894673,3,430.0
degree-preserving,0.7501499650026779,0.1499999999999999,1.0,5,0.2624729748759538,2,430.0
degree-preserving,0.7493296190214211,0.1499999999999999,1.0,5,0.2007875938105771,3,430.0
degree-preserving,0.8272405975025978,0.17499999999999982,1.0,5,0.19684941523961552,3,430.0
degree-preserving,0.7595347778204213,2.220446049250313e-16,1.0,4,0.2261481548466957,2,430.0
degree-preserving,0.7482475620283036,0.1499999999999999,1.0,5,0.2569812637398835,3,430.0
degree-preserving,0.8472575934808095,0.17499999999999982,1.0,5,0.13392298169391303,3,430.0
degree-preserving,0.875,0.0972222222222221,1.0,4,0.19021039936752993,1,430.0
degree-preserving,0.7610706023031537,2.220446049250313e-16,1.0,5,0.17362258825277133,2,430.0
degree-preserving,0.6349800434466273,0.17045454545454541,1.0,5,0.2772876740109803,3,430.0
degree-preserving,0.7911546930911084,2.220446049250313e-16,1.0,5,0.18710786067150686,2,430.0
degree-preserving,0.8232055194837722,0.0972222222222221,1.0,5,0.16343677492829023,3,430.0
degree-preserving,0.8200766766335792,2.220446049250313e-16,1.0,4,0.18939144774937122,2,430.0
degree-preserving,0.7508756668256558,0.1499999999999999,1.0,5,0.2195073631380835,2,430.0
degree-preserving,0.8480600565463365,0.0972222222222221,1.0,5,0.17625607779578611,2,430.0
degree-preserving,0.827030647599166,0.0972222222222221,1.0,5,0.12590334558369654,3,430.0
degree-preserving,0.875,0.23863636363636354,1.0,5,0.1990863004711636,1,430.0
degree-preserving,0.6951693433154662,0.22916666666666652,1.0,5,0.1668438499676238,3,430.0
degree-preserving,0.875,0.0972222222222221,1.0,4,0.15088426769129826,1,430.0
degree-preserving,0.7510895664319792,0.1499999999999999,1.0,5,0.11361684056096599,2,430.0
degree-preserving,0.830113398342951,2.220446049250313e-16,1.0,5,0.12785904255319147,2,430.0
degree-preserving,,2.220446049250313e-16,,4,0.1267675790695426,0,430.0
degree-preserving,0.875,2.220446049250313e-16,1.0,5,0.1728415457200193,1,430.0
degree-preserving,0.875,2.220446049250313e-16,1.0,4,0.14515845739024757,1,430.0
degree-preserving,0.7842497609953443,2.220446049250313e-16,1.0,5,0.13140231284815207,2,430.0
degree-preserving,0.859260692730982,0.0972222222222221,1.0,4,0.15810767177025642,2,430.0
degree-preserving,0.875,2.220446049250313e-16,1.0,4,0.2317730536104473,1,430.0
degree-preserving,0.7569637847463315,2.220446049250313e-16,1.0,4,0.23000356167636238,2,430.0
degree-preserving,0.8273551663278069,2.220446049250313e-16,1.0,5,0.1788015983750486,2,430.0
degree-preserving,0.8305713501944683,0.0972222222222221,1.0,5,0.3426062124776601,3,430.0
degree-preserving,0.737677436795148,0.1499999999999999,0.9910333976827493,5,0.18458468804053718,4,430.0
degree-preserving,0.875,0.0972222222222221,1.0,4,0.17980089163007418,1,430.0
degree-preserving,,2.220446049250313e-16,,4,0.15628407092081753,0,430.0
degree-preserving,0.779994904483513,0.21590909090909083,1.0,5,0.15145497921458262,2,430.0
degree-preserving,0.7597520447704054,0.21590909090909083,1.0,5,0.21167838966921015,3,430.0
degree-preserving,0.8663815828738501,0.0972222222222221,1.0,5,0.19251870324189524,2,430.0
degree-preserving,0.8472973356415017,0.0972222222222221,1.0,5,0.25474549514862155,3,430.0
degree-preserving,0.875,2.220446049250313e-16,1.0,4,0.1789970719477626,1,430.0
degree-preserving,0.7277718786716134,0.1499999999999999,1.0,5,0.20458446935272145,3,430.0
degree-preserving,0.8070095194210554,2.220446049250313e-16,1.0,5,0.2182896265052876,2,430.0
degree-preserving,0.8443030779423215,0.0972222222222221,1.0,5,0.16641640007834424,3,430.0
degree-preserving,0.8293878124328922,2.220446049250313e-16,1.0,5,0.19718030182684665,2,430.0
degree-preserving,0.7522175290557513,0.1499999999999999,1.0,5,0.16633263622632732,2,430.0
degree-preserving,0.5751767167659041,2.220446049250313e-16,0.8414787011814463,5,0.17351968350736113,4,430.0
degree-preserving,0.6475521555498178,0.17045454545454541,1.0,5,0.1466069376781869,3,430.0
degree-preserving,0.7200104633751516,2.220446049250313e-16,1.0,5,0.21458113735518358,3,430.0
degree-preserving,0.7967493032335395,0.21590909090909083,1.0,5,0.15173977543922323,2,430.0
degree-preserving,0.840393328167014,0.0972222222222221,1.0,5,0.18069614509305665,2,430.0
degree-preserving,,2.220446049250313e-16,,4,0.1781943947759036,0,430.0
degree-preserving,0.875,0.0972222222222221,1.0,4,0.19817964956124157,1,430.0
degree-preserving,0.846833217217347,0.17499999999999982,1.0,5,0.11819229043640644,3,430.0
degree-preserving,0.875,2.220446049250313e-16,1.0,5,0.12882176852443572,1,430.0
degree-preserving,0.7470968499878108,0.1499999999999999,1.0,4,0.19120926062404053,3,430.0
degree-preserving,0.7135496009719475,0.1499999999999999,1.0,5,0.17064834948566932,3,430.0
degree-preserving,0.746037668750603,0.1499999999999999,1.0,5,0.17763742181742603,3,430.0
degree-preserving,0.8120967108205475,0.0972222222222221,1.0,5,0.18115341640784788,2,430.0
degree-preserving,0.855782375865342,2.220446049250313e-16,1.0,4,0.1708486896111584,2,430.0
degree-preserving,0.866639668607252,0.0972222222222221,1.0,5,0.13374763577411508,2,430.0
degree-preserving,0.8345395717857069,2.220446049250313e-16,1.0,5,0.17518340809582622,2,430.0
degree-preserving,0.875,2.220446049250313e-16,1.0,4,0.17090002427955098,1,430.0
degree-preserving,0.856929528226531,0.17499999999999982,0.9938019865159659,5,0.3512196717023087,4,430.0
degree-preserving,0.7788280561304799,0.21590909090909083,1.0,5,0.31410537668672556,2,430.0
degree-preserving,0.6356949165336283,0.17045454545454541,1.0,4,0.22796383412381782,3,430.0
degree-preserving,0.8342726630863873,2.220446049250313e-16,1.0,5,0.15307471481453505,2,430.0
degree-preserving,0.8649997312771847,0.0972222222222221,1.0,4,0.20191654047566587,3,430.0
degree-preserving,0.7614325947882412,0.1499999999999999,1.0,5,0.2305189610112538,2,430.0
degree-preserving,0.8694563413029905,0.0972222222222221,1.0,4,0.12791810850063268,2,430.0
degree-preserving,0.7473373130122729,0.1499999999999999,1.0,5,0.2416528567662236,3,430.0
degree-preserving,0.868905755511602,0.17499999999999982,1.0,5,0.23309937557481009,2,430.0
degree-preserving,0.875,2.220446049250313e-16,1.0,4,0.20522747907738192,1,430.0
degree-preserving,0.875,2.220446049250313e-16,1.0,4,0.18963770551560577,1,430.0
degree-preserving,0.8647182935423003,0.0972222222222221,1.0,5,0.18511854360711255,2,430.0
degree-preserving,0.8183763099209345,2.220446049250313e-16,1.0,5,0.21500059319017684,2,430.0
degree-preserving,0.8299848060266857,2.220446049250313e-16,1.0,4,0.13825491377194732,2,430.0
degree-preserving,0.8017160960631178,2.220446049250313e-16,1.0,5,0.17348394997444727,2,430.0
degree-preserving,0.8185159396620587,2.220446049250313e-16,1.0,4,0.1890639874079869,2,430.0
degree-preserving,0.7520108004425885,0.1499999999999999,1.0,5,0.19022812329565753,3,430.0
degree-preserving,0.6432727087540571,2.220446049250313e-16,0.9216388315332594,5,0.11995931358073297,4,430.0
degree-preserving,0.875,2.220446049250313e-16,1.0,5,0.23895800257497835,1,430.0
degree-preserving,0.7940946456248619,2.220446049250313e-16,1.0,4,0.21877901023074198,2,430.0
degree-preserving,0.6987464135967292,0.22916666666666652,1.0,5,0.27019317312996616,3,430.0
degree-preserving,0.8694741983919068,0.0972222222222221,1.0,5,0.193295371138818,2,430.0
degree-preserving,0.7536213268202412,0.1499999999999999,1.0,5,0.16535459145555953,3,430.0
degree-preserving,0.7846443205106892,0.21590909090909083,1.0,5,0.2283392535643034,3,430.0
degree-preserving,0.7912640408854781,0.21590909090909083,1.0,5,0.1920358885627077,2,430.0
degree-preserving,0.8127506847974955,0.27083333333333326,1.0,5,0.2916607620993906,3,430.0
degree-preserving,,2.220446049250313e-16,,4,0.14812720377885713,0,430.0
degree-preserving,0.7373671848561754,0.1499999999999999,0.9940881184558414,5,0.1915166228336369,4,430.0
degree-preserving,0.7613892381616878,2.220446049250313e-16,1.0,4,0.12820257226909137,2,430.0
degree-preserving,0.8727773185865195,0.23863636363636354,1.0,5,0.20960118527154392,2,430.0
degree-preserving,0.875,2.220446049250313e-16,1.0,5,0.17275718444572963,1,430.0
degree-preserving,0.8301406168520387,2.220446049250313e-16,1.0,5,0.23467281542603857,2,430.0
degree-preserving,0.8039483571524324,0.0972222222222221,0.9615501720867321,5,0.137640632112896,4,430.0
degree-preserving,0.7464483525245487,0.1499999999999999,1.0,5,0.1856985719523636,3,430.0
degree-preserving,0.875,0.0972222222222221,1.0,5,0.1717731788390393,1,430.0
degree-preserving,0.7181974046544635,2.220446049250313e-16,1.0,5,0.23288590767255157,3,430.0
degree-preserving,0.8091580615857277,2.220446049250313e-16,1.0,5,0.17709532980029918,2,430.0
degree-preserving,0.7374083252304144,0.1499999999999999,1.0,5,0.122588424437299,3,430.0
degree-preserving,0.7827937546958912,0.21590909090909083,1.0,5,0.14669328165751172,2,430.0
degree-preserving,0.7752777861066489,0.2980769230769229,1.0,5,0.1452087925103921,2,430.0
degree-preserving,0.8307568195934234,0.0972222222222221,1.0,5,0.17536987277024174,3,430.0
degree-preserving,0.8439434020698249,0.0972222222222221,1.0,5,0.2350017118852734,3,430.0
degree-preserving,0.875,0.0972222222222221,1.0,5,0.17620493578833363,1,430.0
degree-preserving,0.7881541771805791,0.21590909090909083,1.0,5,0.17496861637440675,2,430.0
degree-preserving,0.8576541241351596,0.17499999999999982,1.0,4,0.12655636761373246,2,430.0
degree-preserving,0.8161391244342691,0.0972222222222221,1.0,5,0.14097394048494283,3,430.0
degree-preserving,0.7962359349031296,2.220446049250313e-16,1.0,5,0.16499145619250488,2,430.0
degree-preserving,0.7847275317669711,0.21590909090909083,1.0,4,0.21868573895777277,3,430.0
degree-preserving,0.7170624922759108,0.1499999999999999,1.0,5,0.24908278680733764,3,430.0
degree-preserving,0.875,0.17499999999999982,1.0,4,0.3105994438490556,1,430.0
degree-preserving,0.875,0.17499999999999982,1.0,4,0.1696670009672575,1,430.0
degree-preserving,0.8565471664897206,0.17499999999999982,1.0,5,0.2763897632876632,3,430.0
degree-preserving,0.8443534247996525,0.17499999999999982,1.0,5,0.1412130384626762,3,430.0
degree-preserving,0.8669841703034011,0.0972222222222221,1.0,4,0.20629630154925516,2,430.0
degree-preserving,0.6446518600383457,0.17045454545454541,1.0,5,0.18405033432568918,3,430.0
degree-preserving,0.8721619616019072,0.0972222222222221,1.0,5,0.1906270627062706,2,430.0
degree-preserving,0.7234621266991075,0.3214285714285714,0.9955338962610485,5,0.30065566626389073,4,430.0
degree-preserving,0.7812002801337381,0.21590909090909083,1.0,5,0.1863177050907524,2,430.0
degree-preserving,0.6539168833323756,2.220446049250313e-16,1.0,4,0.14344881121992548,3,430.0
degree-preserving,0.7748318963690497,2.220446049250313e-16,1.0,5,0.1217885161476634,2,430.0
degree-preserving,0.8638642594030228,0.0972222222222221,1.0,4,0.22640773744424691,2,430.0
degree-preserving,0.7440190607649328,0.1499999999999999,1.0,5,0.2042540637529201,3,430.0
degree-preserving,0.7915950112050116,2.220446049250313e-16,1.0,5,0.1858461955837185,2,430.0
degree-preserving,0.8628986298603742,0.17499999999999982,1.0,5,0.253267482364813,2,430.0
degree-preserving,0.875,0.0972222222222221,1.0,5,0.15968628796325413,1,430.0
degree-preserving,0.8685099467745856,0.17499999999999982,1.0,5,0.16291725105189325,2,430.0
degree-preserving,0.6277128869522568,0.17045454545454541,0.9781773664794337,5,0.15904105675506852,4,430.0
degree-preserving,0.8127480497517603,0.0972222222222221,0.9662443486031521,5,0.18438498010268511,4,430.0
degree-preserving,0.7821450551670517,0.21590909090909083,1.0,5,0.22119525259951678,3,430.0
degree-preserving,0.8536865020381101,0.0972222222222221,1.0,5,0.23589873697700658,2,430.0
degree-preserving,0.7502500555678848,2.220446049250313e-16,1.0,5,0.17842040205581944,2,430.0
degree-preserving,0.7743629014546456,0.21590909090909083,0.9835481207329847,5,0.21616530810649115,4,430.0
degree-preserving,0.8420098609512041,0.0972222222222221,1.0,5,0.1266444101875408,3,430.0
degree-preserving,0.7599086142892852,0.1499999999999999,1.0,5,0.20824990871283866,3,430.0
degree-preserving,0.875,2.220446049250313e-16,1.0,5,0.1692209785676151,1,430.0
degree-preserving,0.6384595262545796,0.17045454545454541,0.9767151228477448,5,0.1814640990903813,4,430.0
degree-preserving,0.7567640471934063,0.1499999999999999,1.0,5,0.18551887064801087,2,430.0
degree-preserving,0.8023550395346661,2.220446049250313e-16,1.0,5,0.18696379506925098,2,430.0
degree-preserving,0.8494232400676647,0.0972222222222221,1.0,5,0.21801055962109606,3,430.0
degree-preserving,0.8721062091156453,0.17499999999999982,1.0,5,0.20625960543994126,2,430.0
degree-preserving,0.8724103765518618,0.17499999999999982,1.0,4,0.2567181996958544,2,430.0
degree-preserving,0.875,2.220446049250313e-16,1.0,4,0.2325796739985202,1,430.0
degree-preserving,0.8313233183963431,0.0972222222222221,1.0,5,0.20655373662824061,3,430.0
degree-preserving,0.7614942190059799,2.220446049250313e-16,1.0,5,0.13142198055692866,2,430.0
degree-preserving,0.6883632560784554,2.220446049250313e-16,0.8881051536848769,5,0.1784402607285842,4,430.0
degree-preserving,0.756171239323941,0.1499999999999999,1.0,5,0.15165649027589334,2,430.0
degree-preserving,0.8156420306861978,0.0972222222222221,1.0,4,0.17458776029582712,3,430.0
degree-preserving,0.8446495301736803,0.0972222222222221,1.0,5,0.22684761873819337,3,430.0
degree-preserving,0.7493220503051938,2.220446049250313e-16,1.0,5,0.12440018405311248,3,430.0
degree-preserving,0.844374491481537,0.0972222222222221,1.0,5,0.21863448575777356,3,430.0
degree-preserving,0.8574392574941991,0.0972222222222221,1.0,5,0.18429971515473353,3,430.0
degree-preserving,0.875,0.0972222222222221,1.0,4,0.17086734790964975,1,430.0
degree-preserving,0.7753420813763834,2.220446049250313e-16,1.0,4,0.17584768269481488,2,430.0
degree-preserving,0.7542230213022978,0.1499999999999999,1.0,5,0.2570340465488725,3,430.0
degree-preserving,0.5942426503074647,0.22115384615384626,0.8516090716382411,5,0.21822705868617664,4,430.0
degree-preserving,0.7501932481463991,2.220446049250313e-16,1.0,5,0.259520041342334,2,430.0
degree-preserving,0.875,2.220446049250313e-16,1.0,4,0.17433057384850092,1,430.0
degree-preserving,0.8442142511042006,0.0972222222222221,0.982897484405787,5,0.22349623433354138,4,430.0
degree-preserving,0.875,0.0972222222222221,1.0,5,0.17467558799675598,1,430.0
degree-preserving,0.8411947865394009,0.0972222222222221,0.9825710505499735,5,0.15597582374731922,4,430.0
degree-preserving,0.7539982640207521,0.1499999999999999,1.0,5,0.16829554995801843,2,430.0
degree-preserving,0.7681285383962111,2.220446049250313e-16,1.0,5,0.23113300492610844,3,430.0
degree-preserving,0.856220205394923,0.0972222222222221,1.0,5,0.2254847841472044,2,430.0
degree-preserving,0.8724639061842709,0.17499999999999982,1.0,5,0.16439020839903917,2,430.0
degree-preserving,0.875,2.220446049250313e-16,1.0,4,0.14462916640759904,1,430.0
degree-preserving,0.875,0.0972222222222221,1.0,5,0.1182751851605991,1,430.0
degree-preserving,0.8380792078605523,0.0972222222222221,1.0,5,0.1929917307272596,3,430.0
degree-preserving,0.8274455559154648,0.0972222222222221,1.0,5,0.1975143747572632,3,430.0
degree-preserving,0.6743507209271615,2.220446049250313e-16,0.8956291164354523,5,0.16121266832167291,4,430.0
degree-preserving,0.8633700307777907,0.17499999999999982,1.0,5,0.26043146453467236,3,430.0
degree-preserving,0.6592697848319449,2.220446049250313e-16,0.9213629114376287,5,0.20970497153736412,4,430.0
degree-preserving,0.875,0.0972222222222221,1.0,4,0.16445312122003852,1,430.0
degree-preserving,0.8066284087205708,2.220446049250313e-16,1.0,5,0.2213258636788048,2,430.0
degree-preserving,0.8309332529404072,0.0972222222222221,1.0,5,0.20224565847480336,2,430.0
degree-preserving,0.7769940391789785,0.21590909090909083,1.0,5,0.24952091598936865,3,430.0
degree-preserving,0.7774293446002738,0.0972222222222221,1.0,5,0.17939145888821662,3,430.0
degree-preserving,0.8643381224540398,0.0972222222222221,1.0,4,0.20618372368019522,2,430.0
degree-preserving,0.7896603767394181,0.21590909090909083,1.0,5,0.1419392893369278,3,430.0
degree-preserving,0.875,0.0972222222222221,1.0,4,0.19415332374598981,1,430.0
degree-preserving,0.8347185221072302,0.0972222222222221,1.0,5,0.21564829588237144,3,430.0
degree-preserving,0.8454243619218484,2.220446049250313e-16,1.0,4,0.12942614705613398,2,430.0
degree-preserving,0.8387615205221091,0.0972222222222221,1.0,5,0.29808593227144964,3,430.0
degree-preserving,0.865111816158062,0.0972222222222221,1.0,5,0.21130387539863704,2,430.0
degree-preserving,0.8676351779516458,0.17499999999999982,1.0,5,0.1653774173424829,2,430.0
degree-preserving,,2.220446049250313e-16,,4,0.18419067324917604,0,430.0
degree-preserving,0.8693101109702808,0.0972222222222221,1.0,5,0.21349511437660962,2,430.0
degree-preserving,0.7799312603540329,0.21590909090909083,1.0,5,0.1916556641140743,2,430.0
degree-preserving,0.8695546792414814,0.17499999999999982,1.0,5,0.14605739378033933,2,430.0
degree-preserving,0.8193110212310006,2.220446049250313e-16,1.0,5,0.13356678502962338,2,430.0
degree-preserving,0.8663124139635932,0.0972222222222221,1.0,5,0.14518044547856246,2,430.0
degree-preserving,0.5801497369329514,2.220446049250313e-16,0.8628738453451689,5,0.18247840506305069,4,430.0
degree-preserving,0.8526076730375352,0.0972222222222221,1.0,5,0.25796706882726983,2,430.0
degree-preserving,0.8449970908029525,0.0972222222222221,1.0,4,0.170782254048799,2,430.0
degree-preserving,0.7422027042849264,0.1499999999999999,1.0,5,0.22776825668856515,3,430.0
degree-preserving,0.8301724126145562,0.0972222222222221,1.0,5,0.15693406075301408,3,430.0
degree-preserving,,2.220446049250313e-16,,4,0.11417647252711027,0,430.0
degree-preserving,0.7955289971303237,0.27083333333333326,0.9963265311917087,5,0.12781825647685707,4,430.0
degree-preserving,0.875,0.0972222222222221,1.0,4,0.15114403292181067,1,430.0
degree-preserving,0.756481740606679,0.1499999999999999,1.0,5,0.22382494310554701,3,430.0
degree-preserving,0.8541743467062497,0.0972222222222221,1.0,4,0.22336649738526304,2,430.0
degree-preserving,0.8354079067209566,0.0972222222222221,1.0,4,0.24771969977449437,3,430.0
degree-preserving,0.7565413374206444,2.220446049250313e-16,1.0,5,0.15759553813168814,2,430.0
degree-preserving,0.875,0.0972222222222221,1.0,4,0.18839312164087507,1,430.0
degree-preserving,0.8681288482861842,0.0972222222222221,1.0,4,0.14119965715779936,2,430.0
degree-preserving,0.7503843646466928,0.1499999999999999,1.0,5,0.13788365298388727,2,430.0
degree-preserving,0.875,2.220446049250313e-16,1.0,5,0.1576398497726823,1,430.0
degree-preserving,0.7722692367032407,0.2980769230769229,1.0,5,0.2003381274181555,3,430.0
degree-preserving,0.7882824672000399,0.21590909090909083,1.0,4,0.1565788849347569,2,430.0
degree-preserving,0.8712744465173319,0.0972222222222221,1.0,5,0.20793142910526208,2,430.0
degree-preserving,0.8618190053432213,0.17499999999999982,1.0,5,0.2767415265098486,2,430.0
degree-preserving,0.8040243480903226,2.220446049250313e-16,1.0,5,0.2131261595547308,2,430.0
degree-preserving,0.867837856684988,0.23863636363636354,1.0,4,0.15496875197887894,2,430.0
degree-preserving,0.7909834949315635,0.21590909090909083,1.0,4,0.2633083070961493,2,430.0
degree-preserving,0.7416435402350698,0.1499999999999999,0.9864627686067565,5,0.19208507137116837,4,430.0
degree-preserving,0.8220122294829468,0.0972222222222221,0.969590304508982,5,0.1398013000201226,4,430.0
degree-preserving,0.7981987209607915,2.220446049250313e-16,1.0,5,0.1644987226085125,2,430.0
degree-preserving,0.763453182887964,0.1499999999999999,1.0,5,0.23439197455346206,2,430.0
degree-preserving,0.8162724975371467,2.220446049250313e-16,1.0,4,0.13823005315705095,2,430.0
degree-preserving,0.7794362869427571,0.21590909090909083,1.0,5,0.1958302563174601,2,430.0
degree-preserving,0.866381602673691,0.0972222222222221,1.0,5,0.20968207950950524,2,430.0
degree-preserving,0.7521955280314492,0.1499999999999999,1.0,5,0.09507510429814348,2,430.0
degree-preserving,0.7445100181128044,0.1499999999999999,1.0,5,0.30888809267884876,3,430.0
degree-preserving,0.8453837231366337,0.17499999999999982,1.0,5,0.17362650957850756,3,430.0
degree-preserving,0.8522160213696091,0.0972222222222221,1.0,5,0.15830103253965666,3,430.0
degree-preserving,0.8525681113018193,0.0972222222222221,1.0,4,0.14178175381984992,3,430.0
degree-preserving,0.8649866951195468,0.0972222222222221,1.0,4,0.29059816634684343,2,430.0
degree-preserving,0.829409415583525,0.0972222222222221,1.0,5,0.1751777757613674,2,430.0
degree-preserving,0.8163642945337524,0.0972222222222221,1.0,5,0.18240285075913865,3,430.0
degree-preserving,0.7963384806240978,2.220446049250313e-16,1.0,5,0.16141005377645512,2,430.0
degree-preserving,0.7530622757118901,0.1499999999999999,1.0,5,0.18810832284976498,3,430.0
degree-preserving,0.7856049116257162,2.220446049250313e-16,1.0,5,0.2567387451604556,2,430.0
degree-preserving,0.7508102221418627,2.220446049250313e-16,1.0,5,0.22708266022354262,2,430.0
degree-preserving,0.7331294924441831,0.1499999999999999,0.9877984152715512,5,0.19335467053815947,4,430.0
degree-preserving,0.6160528543419308,2.220446049250313e-16,0.8614988082985988,5,0.1911559657393267,4,430.0
degree-preserving,0.7733121475648019,0.21590909090909083,1.0,5,0.1293075092390148,3,430.0
degree-preserving,0.8171516220521402,2.220446049250313e-16,1.0,5,0.1404492235995186,2,430.0
degree-preserving,0.875,2.220446049250313e-16,1.0,5,0.13984677093553433,1,430.0
degree-preserving,0.875,0.0972222222222221,1.0,4,0.18195426685525695,1,430.0
degree-preserving,0.875,0.0972222222222221,1.0,4,0.19465572074488469,1,430.0
degree-preserving,0.8589972875629062,0.17499999999999982,1.0,4,0.229432636031477,3,430.0
degree-preserving,0.7995271494295972,2.220446049250313e-16,1.0,5,0.17887069901853336,2,430.0
degree-preserving,0.7861907451128958,0.21590909090909083,1.0,5,0.28291552963632616,3,430.0
degree-preserving,0.8050941075291462,2.220446049250313e-16,1.0,5,0.18471672111557635,3,430.0
degree-preserving,0.875,2.220446049250313e-16,1.0,4,0.16337817638266072,1,430.0
degree-preserving,0.7712245928520047,0.1499999999999999,1.0,4,0.19246367560632005,2,430.0
degree-preserving,0.7614675654602354,0.1499999999999999,1.0,5,0.16625789774633637,2,430.0
degree-preserving,0.8731662843989405,0.17499999999999982,1.0,5,0.22767024505314837,2,430.0
degree-preserving,0.7584088282732246,0.1499999999999999,1.0,4,0.19446035374804482,2,430.0
degree-preserving,0.8454789490747638,0.0972222222222221,1.0,5,0.2376106950193586,3,430.0
degree-preserving,0.8017874289594433,0.0972222222222221,0.9832264614076818,5,0.13279997730399884,4,430.0
degree-preserving,0.7590215259816269,0.1499999999999999,1.0,4,0.168248869536905,2,430.0
degree-preserving,0.8723225691650289,0.17499999999999982,1.0,4,0.19102324719565567,2,430.0
degree-preserving,0.8272536404141408,0.0972222222222221,1.0,4,0.21772500593683197,3,430.0
degree-preserving,0.773594887797431,2.220446049250313e-16,1.0,5,0.13866641832743531,2,430.0
degree-preserving,0.875,2.220446049250313e-16,1.0,4,0.19078526135064755,1,430.0
degree-preserving,0.8692057711747121,0.0972222222222221,1.0,5,0.280042106648245,2,430.0
degree-preserving,0.7678633242965394,0.21590909090909083,0.9888685191620586,5,0.2743343439281234,4,430.0
degree-preserving,0.8056038871374092,2.220446049250313e-16,1.0,4,0.28776700359103324,2,430.0
degree-preserving,0.8256510270274553,0.0972222222222221,0.9770484605279691,5,0.22607168817437773,4,430.0
degree-preserving,0.858571538088535,0.17499999999999982,1.0,5,0.18128770028840557,2,430.0
degree-preserving,0.742226303349256,0.1499999999999999,1.0,4,0.203981379334227,3,430.0
degree-preserving,0.875,2.220446049250313e-16,1.0,4,0.18496590418850556,1,430.0
degree-preserving,0.875,0.0972222222222221,1.0,5,0.11608576781890467,1,430.0
degree-preserving,0.7000731674523766,2.220446049250313e-16,1.0,5,0.23924987662444475,3,430.0
degree-preserving,0.7109888104474422,0.1499999999999999,0.9908951971907883,5,0.24601316576900056,4,430.0
degree-preserving,0.875,2.220446049250313e-16,1.0,4,0.1523349241829276,1,430.0
degree-preserving,0.516299277315851,0.16666666666666652,0.7638680096908161,5,0.16359445907400427,4,430.0
degree-preserving,,2.220446049250313e-16,,4,0.2598165700747457,0,430.0
degree-preserving,0.8298711125521756,0.0972222222222221,1.0,5,0.17403231904147953,2,430.0
degree-preserving,0.7507553246537744,0.1499999999999999,1.0,5,0.2354471039014785,2,430.0
degree-preserving,0.6696447234594309,2.220446049250313e-16,1.0,5,0.1819479665633511,3,430.0
degree-preserving + length-constrained (25%),0.7557899994207227,0.1499999999999999,1.0,5,0.25280621481944754,2,430.0
degree-preserving + length-constrained (25%),0.8585179976830994,0.0972222222222221,1.0,5,0.15210354437410822,3,430.0
degree-preserving + length-constrained (25%),0.8674640244588316,0.17499999999999982,1.0,5,0.1374413887133783,2,430.0
degree-preserving + length-constrained (25%),0.7425359278504053,0.1499999999999999,1.0,5,0.23497966020579097,3,430.0
degree-preserving + length-constrained (25%),0.7576881007284644,0.1499999999999999,1.0,4,0.13457681313889835,2,430.0
degree-preserving + length-constrained (25%),0.7345532957261542,0.1499999999999999,0.9783158255271829,5,0.126917451149533,4,430.0
degree-preserving + length-constrained (25%),0.8062280547993164,2.220446049250313e-16,1.0,4,0.27465184186882285,2,430.0
degree-preserving + length-constrained (25%),0.875,0.17499999999999982,1.0,5,0.21371878661947175,1,430.0
degree-preserving + length-constrained (25%),0.7515720734876541,0.1499999999999999,1.0,5,0.13218265662122985,2,430.0
degree-preserving + length-constrained (25%),0.7532623318164486,2.220446049250313e-16,1.0,4,0.15609800036029542,3,430.0
degree-preserving + length-constrained (25%),0.857275059006952,0.0972222222222221,1.0,5,0.24336062580468332,2,430.0
degree-preserving + length-constrained (25%),0.7521564987790585,2.220446049250313e-16,1.0,5,0.2146329166904476,2,430.0
degree-preserving + length-constrained (25%),0.8643589217670349,0.0972222222222221,1.0,5,0.20663826867549118,3,430.0
degree-preserving + length-constrained (25%),0.6514103799443483,0.3602941176470591,1.0,5,0.18021391339740556,3,430.0
degree-preserving + length-constrained (25%),0.6810701289322441,2.220446049250313e-16,0.9133818124652545,5,0.2194034170434651,4,430.0
degree-preserving + length-constrained (25%),0.8335989085273532,0.0972222222222221,1.0,5,0.21160478204185462,3,430.0
degree-preserving + length-constrained (25%),0.690620911848056,0.22916666666666652,1.0,5,0.16702827356585337,3,430.0
degree-preserving + length-constrained (25%),0.7851445410408744,2.220446049250313e-16,1.0,5,0.16916546745190042,3,430.0
degree-preserving + length-constrained (25%),0.7069249993007702,2.220446049250313e-16,1.0,5,0.1751941451325124,3,430.0
degree-preserving + length-constrained (25%),0.8703318713854942,0.0972222222222221,1.0,5,0.2506052064334273,2,430.0
degree-preserving + length-constrained (25%),0.8568698082911361,0.17499999999999982,1.0,5,0.22501422638722413,2,430.0
degree-preserving + length-constrained (25%),0.5750965932335614,0.296875,0.8379781717650661,5,0.19458231361608913,4,430.0
degree-preserving + length-constrained (25%),0.8711924325163702,0.17499999999999982,1.0,4,0.2047355750370612,2,430.0
degree-preserving + length-constrained (25%),0.7993238470502875,2.220446049250313e-16,1.0,5,0.24082122841130038,2,430.0
degree-preserving + length-constrained (25%),0.8622892846214165,0.0972222222222221,1.0,5,0.19106830700221,2,430.0
degree-preserving + length-constrained (25%),0.7768294972272816,0.2980769230769229,1.0,5,0.1417436631945147,3,430.0
degree-preserving + length-constrained (25%),0.8602521646875012,0.33653846153846145,0.9963021975172318,5,0.1732105111732356,4,430.0
degree-preserving + length-constrained (25%),0.845288484873626,0.0972222222222221,1.0,5,0.15630197293331172,3,430.0
degree-preserving + length-constrained (25%),0.8300121436568939,0.0972222222222221,1.0,5,0.12147166353248873,3,430.0
degree-preserving + length-constrained (25%),0.8113140624265316,0.0972222222222221,1.0,5,0.19607464921704598,3,430.0
degree-preserving + length-constrained (25%),0.8059904713515083,2.220446049250313e-16,1.0,4,0.13585485387559715,3,430.0
degree-preserving + length-constrained (25%),0.7504000466526823,2.220446049250313e-16,1.0,4,0.18921899045491386,2,430.0
degree-preserving + length-constrained (25%),0.875,2.220446049250313e-16,1.0,5,0.19861446349644218,1,430.0
degree-preserving + length-constrained (25%),0.875,0.0972222222222221,1.0,4,0.16248074696816284,1,430.0
degree-preserving + length-constrained (25%),0.776906197780806,2.220446049250313e-16,1.0,4,0.15297543102038158,2,430.0
degree-preserving + length-constrained (25%),0.8275487329617435,0.0972222222222221,1.0,5,0.16340114110474346,3,430.0
degree-preserving + length-constrained (25%),0.875,0.0972222222222221,1.0,5,0.23555268687515907,1,430.0
degree-preserving + length-constrained (25%),0.7657739978379736,0.1499999999999999,1.0,5,0.2489605853983038,2,430.0
degree-preserving + length-constrained (25%),0.7334883004206649,0.1499999999999999,0.9798773356872411,5,0.1134369419373521,4,430.0
degree-preserving + length-constrained (25%),0.7887500563660839,0.21590909090909083,1.0,5,0.15393730037577735,3,430.0
degree-preserving + length-constrained (25%),0.6222192169980805,0.17045454545454541,0.959762539925835,5,0.2061172209293597,4,430.0
degree-preserving + length-constrained (25%),0.8216054259676377,0.0972222222222221,1.0,5,0.18573836627547125,3,430.0
degree-preserving + length-constrained (25%),0.8420886061830741,0.0972222222222221,1.0,5,0.17643369636948258,3,430.0
degree-preserving + length-constrained (25%),0.8080834674431354,0.17499999999999982,1.0,4,0.2873942045502105,3,430.0
degree-preserving + length-constrained (25%),0.6965842293700162,0.1499999999999999,0.9581463983705043,5,0.21255406139957,4,430.0
degree-preserving + length-constrained (25%),0.758043463110599,0.1499999999999999,1.0,4,0.23570096626546866,3,430.0
degree-preserving + length-constrained (25%),0.8521421182506506,0.0972222222222221,1.0,4,0.13672793207063982,2,430.0
degree-preserving + length-constrained (25%),0.8401325562492419,0.0972222222222221,0.9836839383633611,5,0.23508732352001205,4,430.0
degree-preserving + length-constrained (25%),0.6630485660874368,2.220446049250313e-16,0.969962394412454,5,0.2529114057896483,4,430.0
degree-preserving + length-constrained (25%),0.875,2.220446049250313e-16,1.0,4,0.1340927220388255,1,430.0
degree-preserving + length-constrained (25%),0.8545714503036661,0.0972222222222221,1.0,5,0.17201034306765328,3,430.0
degree-preserving + length-constrained (25%),0.8648758712842661,0.0972222222222221,1.0,5,0.18148069177919912,2,430.0
degree-preserving + length-constrained (25%),0.7918037020639606,2.220446049250313e-16,1.0,5,0.19570367005224387,2,430.0
degree-preserving + length-constrained (25%),0.8577709088291348,0.0972222222222221,1.0,5,0.30805796718713896,3,430.0
degree-preserving + length-constrained (25%),0.8396112080425417,0.0972222222222221,1.0,5,0.19480195226880437,3,430.0
degree-preserving + length-constrained (25%),0.7464989391831982,0.1499999999999999,1.0,5,0.2253542639783992,3,430.0
degree-preserving + length-constrained (25%),0.7775843912222213,0.21590909090909083,1.0,5,0.23335411770348713,2,430.0
degree-preserving + length-constrained (25%),0.7674999431275873,0.21590909090909083,0.9903273527531703,5,0.27950902146199463,4,430.0
degree-preserving + length-constrained (25%),0.6986467155094187,0.22916666666666652,1.0,5,0.21982848513629982,3,430.0
degree-preserving + length-constrained (25%),0.8606475986739013,0.17499999999999982,1.0,5,0.21585085966404838,3,430.0
degree-preserving + length-constrained (25%),0.8490305326927075,0.0972222222222221,1.0,4,0.1944706388001488,2,430.0
degree-preserving + length-constrained (25%),0.748664965749924,0.1499999999999999,1.0,4,0.1616888802412687,3,430.0
degree-preserving + length-constrained (25%),0.8593199166652912,0.0972222222222221,1.0,5,0.20414552100954708,2,430.0
degree-preserving + length-constrained (25%),0.8635481522990842,0.0972222222222221,1.0,4,0.18106422505307873,2,430.0
degree-preserving + length-constrained (25%),0.765647745753798,2.220446049250313e-16,1.0,4,0.29823145687364094,2,430.0
degree-preserving + length-constrained (25%),0.6949833795684937,0.1499999999999999,1.0,5,0.20992237107015654,3,430.0
degree-preserving + length-constrained (25%),0.7994870551331346,2.220446049250313e-16,1.0,4,0.12947136984991903,2,430.0
degree-preserving + length-constrained (25%),0.8382026879001643,0.0972222222222221,1.0,5,0.157999143987958,3,430.0
degree-preserving + length-constrained (25%),0.7853687329816168,0.21590909090909083,1.0,5,0.1376276482060964,2,430.0
degree-preserving + length-constrained (25%),0.7641766531630874,0.21590909090909083,0.9869655996493576,5,0.23850280442319072,4,430.0
degree-preserving + length-constrained (25%),0.8435966571482125,0.0972222222222221,1.0,4,0.16149137478052455,3,430.0
degree-preserving + length-constrained (25%),0.7427555788208144,2.220446049250313e-16,1.0,5,0.18350575452754692,3,430.0
degree-preserving + length-constrained (25%),0.8673223414642872,0.17499999999999982,1.0,5,0.14550880700033952,2,430.0
degree-preserving + length-constrained (25%),0.777188334854674,0.2980769230769229,1.0,5,0.1865729356546505,3,430.0
degree-preserving + length-constrained (25%),0.8251951465994987,0.0972222222222221,0.9682412785986705,5,0.22768548966247126,4,430.0
degree-preserving + length-constrained (25%),,2.220446049250313e-16,,4,0.16220868644067798,0,430.0
degree-preserving + length-constrained (25%),0.810814693701585,0.0972222222222221,1.0,5,0.25730546915531927,3,430.0
degree-preserving + length-constrained (25%),0.8542884775061628,0.0972222222222221,1.0,5,0.1674870300314698,2,430.0
degree-preserving + length-constrained (25%),0.8327486211122792,0.0972222222222221,1.0,5,0.18246565728890562,2,430.0
degree-preserving + length-constrained (25%),0.8171886488553541,2.220446049250313e-16,1.0,5,0.16851369795773596,3,430.0
degree-preserving + length-constrained (25%),0.7860153910240979,2.220446049250313e-16,1.0,4,0.19858299498788612,2,430.0
degree-preserving + length-constrained (25%),0.74169806743549,2.220446049250313e-16,1.0,5,0.22170027819668603,3,430.0
degree-preserving + length-constrained (25%),0.8630754334638795,0.0972222222222221,1.0,5,0.17401438465636665,3,430.0
degree-preserving + length-constrained (25%),0.6718747821104705,0.22916666666666652,0.9920742212481156,5,0.1987676234180411,4,430.0
degree-preserving + length-constrained (25%),0.725062473259944,0.1499999999999999,0.9812866966258238,5,0.2055872535320602,4,430.0
degree-preserving + length-constrained (25%),0.6880878826177275,0.22916666666666652,1.0,5,0.1551693831114931,3,430.0
degree-preserving + length-constrained (25%),0.7503611556982033,2.220446049250313e-16,1.0,5,0.171439427551897,2,430.0
degree-preserving + length-constrained (25%),0.8500276523077299,0.0972222222222221,1.0,5,0.21406707573814998,2,430.0
degree-preserving + length-constrained (25%),0.8395009065607479,0.0972222222222221,0.9906518473931196,5,0.13810433209367767,4,430.0
degree-preserving + length-constrained (25%),0.8392383821819074,0.0972222222222221,1.0,5,0.15785651026901404,3,430.0
degree-preserving + length-constrained (25%),0.7586557123433386,0.1499999999999999,1.0,5,0.1843490436185864,2,430.0
degree-preserving + length-constrained (25%),0.7560281017870529,0.1499999999999999,0.9943956322084697,5,0.2298743860150293,4,430.0
degree-preserving + length-constrained (25%),0.8624257124244497,0.0972222222222221,1.0,5,0.18889440359280285,3,430.0
degree-preserving + length-constrained (25%),0.8613387770201597,0.17499999999999982,1.0,4,0.26679976512037595,2,430.0
degree-preserving + length-constrained (25%),0.8255502976527749,0.0972222222222221,1.0,5,0.208349265506643,3,430.0
degree-preserving + length-constrained (25%),0.8681421172757071,0.0972222222222221,1.0,5,0.15329791184620223,2,430.0
degree-preserving + length-constrained (25%),0.875,2.220446049250313e-16,1.0,5,0.2152907978713331,1,430.0
degree-preserving + length-constrained (25%),0.8245927101999304,0.0972222222222221,0.9778839353701055,5,0.19700441855321793,4,430.0
degree-preserving + length-constrained (25%),0.875,0.0972222222222221,1.0,5,0.23541619299628957,1,430.0
degree-preserving + length-constrained (25%),,2.220446049250313e-16,,4,0.19543033151395417,0,430.0
degree-preserving + length-constrained (25%),0.8211679380237553,0.0972222222222221,1.0,5,0.21724185473787305,2,430.0
degree-preserving + length-constrained (25%),0.7179893548898495,0.27884615384615374,1.0,5,0.22462486059626974,3,430.0
degree-preserving + length-constrained (25%),0.7488894475205814,0.21590909090909083,0.9722390826767393,5,0.15459136527827877,4,430.0
degree-preserving + length-constrained (25%),0.7266175060134703,0.1499999999999999,1.0,5,0.23953474024895471,3,430.0
degree-preserving + length-constrained (25%),0.875,2.220446049250313e-16,1.0,5,0.1834205362982343,1,430.0
degree-preserving + length-constrained (25%),,2.220446049250313e-16,,4,0.15525995125913894,0,430.0
degree-preserving + length-constrained (25%),0.8726974062255102,0.23863636363636354,1.0,5,0.2019855929973,2,430.0
degree-preserving + length-constrained (25%),0.7239826866518704,2.220446049250313e-16,1.0,5,0.2588688995032845,3,430.0
degree-preserving + length-constrained (25%),0.852971286390122,0.0972222222222221,1.0,5,0.13917388407728182,3,430.0
degree-preserving + length-constrained (25%),0.7819126283615039,0.21590909090909083,1.0,5,0.13960693752856568,2,430.0
degree-preserving + length-constrained (25%),0.7825783129350994,0.21590909090909083,0.9956789446099198,5,0.18529743611532057,4,430.0
degree-preserving + length-constrained (25%),0.8653617694990012,0.17499999999999982,1.0,5,0.18990074669657264,2,430.0
degree-preserving + length-constrained (25%),0.7529568615640048,0.1499999999999999,1.0,5,0.17294829892570995,2,430.0
degree-preserving + length-constrained (25%),0.7506535005035977,0.1499999999999999,1.0,5,0.21580299556922422,3,430.0
degree-preserving + length-constrained (25%),0.8623840944062156,0.0972222222222221,1.0,5,0.18554446615942155,2,430.0
degree-preserving + length-constrained (25%),0.8655251287638883,0.0972222222222221,1.0,4,0.23874421201274176,2,430.0
degree-preserving + length-constrained (25%),0.760474934825452,2.220446049250313e-16,1.0,5,0.17194090352486358,3,430.0
degree-preserving + length-constrained (25%),0.875,0.17499999999999982,1.0,5,0.21237146051564548,1,430.0
degree-preserving + length-constrained (25%),0.8167291253955078,0.0972222222222221,0.9715367470289619,5,0.24955643411600203,4,430.0
degree-preserving + length-constrained (25%),0.86754282827915,0.0972222222222221,1.0,5,0.14342185357124526,2,430.0
degree-preserving + length-constrained (25%),0.8721454545401706,0.0972222222222221,1.0,5,0.1570808682226177,2,430.0
degree-preserving + length-constrained (25%),0.7344177778948009,0.1499999999999999,1.0,5,0.22199657509466741,3,430.0
degree-preserving + length-constrained (25%),0.7761107449243323,2.220446049250313e-16,1.0,5,0.17761780713587938,2,430.0
degree-preserving + length-constrained (25%),0.7372776693674916,0.0972222222222221,0.9584715745005443,5,0.18889455626825513,4,430.0
degree-preserving + length-constrained (25%),0.7608419330194167,0.35833333333333317,1.0,5,0.16412675879921523,3,430.0
degree-preserving + length-constrained (25%),0.8536052825187077,0.17499999999999982,1.0,5,0.19949169637596487,2,430.0
degree-preserving + length-constrained (25%),0.866701690674279,0.0972222222222221,1.0,5,0.2041274558362225,3,430.0
degree-preserving + length-constrained (25%),0.6835161182210663,0.2596153846153846,0.9937191221303293,5,0.20526805841419193,4,430.0
degree-preserving + length-constrained (25%),0.8267146216117298,0.0972222222222221,1.0,4,0.19109790827850326,3,430.0
degree-preserving + length-constrained (25%),0.8622950342112279,0.0972222222222221,1.0,5,0.2225289776706384,2,430.0
degree-preserving + length-constrained (25%),0.875,0.17499999999999982,1.0,4,0.1890380148164177,1,430.0
degree-preserving + length-constrained (25%),0.8553649560545538,0.0972222222222221,1.0,5,0.1993827190123505,3,430.0
degree-preserving + length-constrained (25%),0.8050345938036638,0.17499999999999982,1.0,5,0.3129259685856194,3,430.0
degree-preserving + length-constrained (25%),0.8449041410231202,0.0972222222222221,1.0,4,0.24855433365644963,3,430.0
degree-preserving + length-constrained (25%),0.7266796421361876,0.1499999999999999,0.9836913905714272,5,0.21776291874724973,4,430.0
degree-preserving + length-constrained (25%),0.8314327475771677,0.0972222222222221,1.0,5,0.22660600618577265,2,430.0
degree-preserving + length-constrained (25%),0.7518404898923581,0.1499999999999999,1.0,5,0.18388623106814883,3,430.0
degree-preserving + length-constrained (25%),0.8566437948974293,0.0972222222222221,1.0,4,0.15410540227986125,3,430.0
degree-preserving + length-constrained (25%),0.6877583226634758,2.220446049250313e-16,1.0,5,0.19681293456202809,3,430.0
degree-preserving + length-constrained (25%),0.6805833586993348,0.22916666666666652,1.0,5,0.14267000550039066,3,430.0
degree-preserving + length-constrained (25%),0.8550479050243365,0.0972222222222221,1.0,5,0.18848090372701798,3,430.0
degree-preserving + length-constrained (25%),0.8483200728322524,0.0972222222222221,1.0,5,0.235185522118312,3,430.0
degree-preserving + length-constrained (25%),0.8113067153497948,0.0972222222222221,0.9892705626703616,5,0.1982151090034907,4,430.0
degree-preserving + length-constrained (25%),0.7565304085452713,0.1499999999999999,1.0,4,0.13856656619612695,2,430.0
degree-preserving + length-constrained (25%),0.843767544747617,0.0972222222222221,1.0,5,0.23089668615984416,2,430.0
degree-preserving + length-constrained (25%),0.8498330256321407,0.0972222222222221,1.0,5,0.10756007013956248,3,430.0
degree-preserving + length-constrained (25%),0.7522759398755823,2.220446049250313e-16,1.0,5,0.1432222669525246,2,430.0
degree-preserving + length-constrained (25%),0.7663185183594303,0.2980769230769229,1.0,5,0.16331850737042963,3,430.0
degree-preserving + length-constrained (25%),0.819182480102294,0.0972222222222221,0.9854384032384284,5,0.22879649444119232,4,430.0
degree-preserving + length-constrained (25%),0.8434920112800124,0.0972222222222221,0.9817769655500375,5,0.18249145538042832,4,430.0
degree-preserving + length-constrained (25%),0.7891401489149188,0.0972222222222221,1.0,5,0.20636774130899216,3,430.0
degree-preserving + length-constrained (25%),0.8672874025842219,0.2916666666666665,1.0,5,0.22045541227788634,3,430.0
degree-preserving + length-constrained (25%),0.7837090325707159,0.21590909090909083,0.9930885947122559,5,0.2989314229201342,4,430.0
degree-preserving + length-constrained (25%),0.8411223126490976,0.0972222222222221,1.0,5,0.22074592950102334,3,430.0
degree-preserving + length-constrained (25%),0.866334985387492,0.0972222222222221,1.0,5,0.1879649277715274,2,430.0
degree-preserving + length-constrained (25%),0.7252655976677824,2.220446049250313e-16,1.0,5,0.21493575104809304,3,430.0
degree-preserving + length-constrained (25%),0.854012219861557,0.0972222222222221,1.0,4,0.16181023140623785,2,430.0
degree-preserving + length-constrained (25%),0.7491377140604474,0.1499999999999999,0.9936922580153776,5,0.14312111832053487,4,430.0
degree-preserving + length-constrained (25%),0.6299375642856488,0.17045454545454541,1.0,5,0.2555875308840654,3,430.0
degree-preserving + length-constrained (25%),0.8693424970409929,0.0972222222222221,1.0,5,0.1269560289416558,2,430.0
degree-preserving + length-constrained (25%),0.7751824817517972,2.220446049250313e-16,1.0,4,0.1868900026378265,2,430.0
degree-preserving + length-constrained (25%),0.8077622466319865,0.0972222222222221,0.9856103879930934,5,0.1823606291478458,4,430.0
degree-preserving + length-constrained (25%),0.8702229417202749,0.0972222222222221,1.0,5,0.25545289524486414,2,430.0
degree-preserving + length-constrained (25%),0.7728986598025049,0.0972222222222221,0.990029700176555,5,0.14221717253692578,4,430.0
degree-preserving + length-constrained (25%),0.8724425050033209,0.17499999999999982,1.0,5,0.16343683041185353,2,430.0
degree-preserving + length-constrained (25%),0.7566000340200203,2.220446049250313e-16,1.0,5,0.2056464758427332,2,430.0
degree-preserving + length-constrained (25%),0.8567067840047882,0.0972222222222221,1.0,5,0.2300927622316934,3,430.0
degree-preserving + length-constrained (25%),0.7669992129734524,2.220446049250313e-16,0.9525654482036906,5,0.17142288293071406,4,430.0
degree-preserving + length-constrained (25%),0.7701736288195924,2.220446049250313e-16,1.0,5,0.23315254870872737,3,430.0
degree-preserving + length-constrained (25%),0.8372563288030557,0.0972222222222221,1.0,5,0.22595522936480295,2,430.0
degree-preserving + length-constrained (25%),0.7862426035177787,0.0972222222222221,1.0,5,0.22107564577384498,3,430.0
degree-preserving + length-constrained (25%),0.8682208251154135,0.0972222222222221,1.0,5,0.2264114084782184,2,430.0
degree-preserving + length-constrained (25%),0.851851564100236,0.0972222222222221,1.0,4,0.2195044270335691,2,430.0
degree-preserving + length-constrained (25%),0.7302969208871772,0.1499999999999999,1.0,5,0.17919577913078377,3,430.0
degree-preserving + length-constrained (25%),0.8482933541273314,0.17499999999999982,1.0,5,0.2102421755187256,3,430.0
degree-preserving + length-constrained (25%),0.6658542352254255,0.2596153846153846,0.9859531024315428,5,0.1327571638944548,4,430.0
degree-preserving + length-constrained (25%),0.830468703310616,0.0972222222222221,0.9830316849505125,5,0.13603827732918217,4,430.0
degree-preserving + length-constrained (25%),0.6819201125418963,0.1499999999999999,0.9301243655785161,5,0.14927254711520543,4,430.0
degree-preserving + length-constrained (25%),0.8568937907747389,0.0972222222222221,1.0,5,0.2008155287457033,3,430.0
degree-preserving + length-constrained (25%),0.7528470285417652,0.2980769230769229,0.9944482386407918,5,0.14872256540874984,4,430.0
degree-preserving + length-constrained (25%),0.8412986481238629,0.0972222222222221,1.0,5,0.20066418816460152,3,430.0
degree-preserving + length-constrained (25%),0.7783613445378164,2.220446049250313e-16,1.0,5,0.27156045099095427,2,430.0
degree-preserving + length-constrained (25%),0.7504092398663396,2.220446049250313e-16,1.0,5,0.13431565160445325,3,430.0
degree-preserving + length-constrained (25%),0.875,0.0972222222222221,1.0,5,0.267097800639694,1,430.0
degree-preserving + length-constrained (25%),0.875,2.220446049250313e-16,1.0,5,0.17047020263057666,1,430.0
degree-preserving + length-constrained (25%),0.867959777451736,0.0972222222222221,1.0,5,0.2104590106760187,2,430.0
degree-preserving + length-constrained (25%),0.7277896733122136,0.1499999999999999,1.0,5,0.19485861662088355,3,430.0
degree-preserving + length-constrained (25%),0.8637675594782146,0.0972222222222221,1.0,5,0.17520665308695393,2,430.0
degree-preserving + length-constrained (25%),0.7187679575545445,0.1499999999999999,0.9607711381447755,5,0.15998366693669785,4,430.0
degree-preserving + length-constrained (25%),0.875,2.220446049250313e-16,1.0,5,0.25115252897787144,1,430.0
degree-preserving + length-constrained (25%),0.8614903879483731,0.0972222222222221,1.0,5,0.1906332578778379,2,430.0
degree-preserving + length-constrained (25%),0.8725754796236074,0.2916666666666665,1.0,4,0.1987602454382359,2,430.0
degree-preserving + length-constrained (25%),0.8425607505462105,0.0972222222222221,1.0,5,0.15688887205873303,2,430.0
degree-preserving + length-constrained (25%),0.8535644240619524,0.0972222222222221,1.0,5,0.18235173080419953,3,430.0
degree-preserving + length-constrained (25%),0.8298979501109076,0.0972222222222221,1.0,4,0.1794317980774901,2,430.0
degree-preserving + length-constrained (25%),0.749552624843828,0.1499999999999999,1.0,5,0.21304853999857443,3,430.0
degree-preserving + length-constrained (25%),0.875,0.0972222222222221,1.0,4,0.26350731212271916,1,430.0
degree-preserving + length-constrained (25%),0.7888143687875595,2.220446049250313e-16,1.0,5,0.18452479407191769,2,430.0
degree-preserving + length-constrained (25%),0.7101518254028056,2.220446049250313e-16,1.0,4,0.182624088532508,3,430.0
degree-preserving + length-constrained (25%),0.8218526070076777,2.220446049250313e-16,1.0,4,0.21036336972462122,2,430.0
degree-preserving + length-constrained (25%),0.875,2.220446049250313e-16,1.0,5,0.17071099247755406,1,430.0
degree-preserving + length-constrained (25%),0.7772874717941276,0.21590909090909083,1.0,5,0.1848088752196837,3,430.0
degree-preserving + length-constrained (25%),0.858338571698072,0.17499999999999982,1.0,5,0.2571819504090421,3,430.0
degree-preserving + length-constrained (25%),0.8380948808429223,0.0972222222222221,1.0,5,0.21493401717282323,3,430.0
degree-preserving + length-constrained (25%),0.8133566816526752,0.0972222222222221,0.9775226731590101,5,0.16227229259606468,4,430.0
degree-preserving + length-constrained (25%),0.8533369274278471,0.0972222222222221,1.0,5,0.15737805698038554,2,430.0
degree-preserving + length-constrained (25%),0.7828782333791016,0.0972222222222221,0.9728852685094601,5,0.21472407414543904,4,430.0
degree-preserving + length-constrained (25%),0.8325285618711284,2.220446049250313e-16,1.0,4,0.18542104046688113,2,430.0
degree-preserving + length-constrained (25%),0.8145756060324689,0.27083333333333326,1.0,5,0.26899735061488017,3,430.0
degree-preserving + length-constrained (25%),0.7773966441573406,0.0972222222222221,1.0,5,0.237654675707773,3,430.0
degree-preserving + length-constrained (25%),,2.220446049250313e-16,,4,0.1878303494383896,0,430.0
degree-preserving + length-constrained (25%),0.7904447030480215,0.21590909090909083,1.0,4,0.13781715308933695,2,430.0
degree-preserving + length-constrained (25%),0.7758321567345579,0.0972222222222221,1.0,5,0.1846599401645832,2,430.0
degree-preserving + length-constrained (25%),0.8627676574113425,0.0972222222222221,1.0,5,0.19639276587379595,2,430.0
degree-preserving + length-constrained (25%),0.7530388724941759,0.1499999999999999,1.0,5,0.09978503587792731,3,430.0
degree-preserving + length-constrained (25%),0.7427586393434502,0.1499999999999999,0.9888596510138423,5,0.16890889779827578,4,430.0
degree-preserving + length-constrained (25%),0.8687102956274142,0.0972222222222221,1.0,5,0.22196066845518625,2,430.0
degree-preserving + length-constrained (25%),0.7823994653497668,0.21590909090909083,1.0,5,0.18015815061780605,2,430.0
degree-preserving + length-constrained (25%),0.7793567833422705,0.1499999999999999,1.0,5,0.17418365340916775,2,430.0
degree-preserving + length-constrained (25%),0.7714087698299241,2.220446049250313e-16,1.0,5,0.16442732002897975,3,430.0
degree-preserving + length-constrained (25%),0.7754209546945348,0.0972222222222221,0.949017176798368,5,0.1976251185229947,4,430.0
degree-preserving + length-constrained (25%),0.8651410614720609,0.0972222222222221,1.0,5,0.2507701103537332,2,430.0
degree-preserving + length-constrained (25%),0.8684271571313835,0.0972222222222221,1.0,5,0.28599987827202467,2,430.0
degree-preserving + length-constrained (25%),0.8699862912711638,0.23863636363636354,1.0,4,0.1442706377805193,2,430.0
degree-preserving + length-constrained (25%),0.8261389812968107,0.0972222222222221,1.0,5,0.13674122932798016,3,430.0
degree-preserving + length-constrained (25%),0.875,2.220446049250313e-16,1.0,4,0.29712167654774146,1,430.0
degree-preserving + length-constrained (25%),0.7407788034261518,0.1499999999999999,0.9802977462733548,5,0.1914783352685938,4,430.0
degree-preserving + length-constrained (25%),0.875,2.220446049250313e-16,1.0,4,0.20446820446820446,1,430.0
degree-preserving + length-constrained (25%),0.7885544449677788,0.21590909090909083,1.0,5,0.2157955253197913,3,430.0
degree-preserving + length-constrained (25%),0.7400561720773453,0.1499999999999999,1.0,5,0.17514738927395646,3,430.0
degree-preserving + length-constrained (25%),0.8477163108655184,0.0972222222222221,1.0,4,0.20886419083762542,3,430.0
degree-preserving + length-constrained (25%),0.845142162435776,0.0972222222222221,1.0,5,0.2282548610189129,3,430.0
degree-preserving + length-constrained (25%),0.8566914368410543,0.0972222222222221,1.0,5,0.13209881315962424,2,430.0
degree-preserving + length-constrained (25%),0.7415768354897776,2.220446049250313e-16,1.0,5,0.17853196302637386,3,430.0
degree-preserving + length-constrained (25%),0.8384922085130975,0.0972222222222221,1.0,5,0.18640402151040447,3,430.0
degree-preserving + length-constrained (25%),0.7189213803431518,0.1499999999999999,0.9873665752534443,5,0.2440816189388194,4,430.0
degree-preserving + length-constrained (25%),0.8711154487961628,0.17499999999999982,1.0,5,0.21714343203997455,2,430.0
degree-preserving + length-constrained (25%),0.7531343632340739,0.1499999999999999,1.0,5,0.16331435493640212,3,430.0
degree-preserving + length-constrained (25%),0.6967722668766059,0.3035714285714284,0.9889669497768558,5,0.2576938632052308,4,430.0
degree-preserving + length-constrained (25%),0.8423007532425633,0.0972222222222221,1.0,5,0.1724739440138986,3,430.0
degree-preserving + length-constrained (25%),0.7919721128206498,0.21590909090909083,1.0,4,0.19164780745394128,2,430.0
degree-preserving + length-constrained (25%),0.875,2.220446049250313e-16,1.0,4,0.2181244762776412,1,430.0
degree-preserving + length-constrained (25%),0.8516351298921725,2.220446049250313e-16,1.0,5,0.1683346642662623,2,430.0
degree-preserving + length-constrained (25%),0.7901533674623606,0.0972222222222221,1.0,5,0.23491881169960926,3,430.0
degree-preserving + length-constrained (25%),0.7954955018395755,0.27083333333333326,0.9946618088471518,5,0.20247257942511354,4,430.0
degree-preserving + length-constrained (25%),0.8697845375504738,0.17499999999999982,1.0,5,0.16161057300798065,2,430.0
degree-preserving + length-constrained (25%),0.7379317338844602,0.0972222222222221,1.0,5,0.24845829556764631,3,430.0
degree-preserving + length-constrained (25%),0.875,2.220446049250313e-16,1.0,4,0.13577763038298085,1,430.0
degree-preserving + length-constrained (25%),0.7822430325199989,2.220446049250313e-16,1.0,4,0.17025850983115365,2,430.0
degree-preserving + length-constrained (25%),0.7715021986404758,0.21590909090909083,1.0,5,0.17152073278833857,3,430.0
degree-preserving + length-constrained (25%),0.8610759363771263,0.17499999999999982,1.0,5,0.18727017658099354,3,430.0
degree-preserving + length-constrained (25%),0.863829528235752,0.0972222222222221,1.0,5,0.1654698928786721,2,430.0
degree-preserving + length-constrained (25%),0.8587583060450044,0.0972222222222221,1.0,5,0.221379061134654,2,430.0
degree-preserving + length-constrained (25%),0.875,2.220446049250313e-16,1.0,5,0.13572767108618777,1,430.0
degree-preserving + length-constrained (25%),0.845569430407886,0.17499999999999982,1.0,5,0.2530659265344216,3,430.0
degree-preserving + length-constrained (25%),0.7534295108961095,2.220446049250313e-16,1.0,5,0.22478272320252835,3,430.0
degree-preserving + length-constrained (25%),0.7811513881086647,2.220446049250313e-16,1.0,5,0.15791114575214338,2,430.0
degree-preserving + length-constrained (25%),0.8012129189164419,0.3173076923076923,1.0,5,0.18550233944682448,3,430.0
degree-preserving + length-constrained (25%),0.875,0.0972222222222221,1.0,4,0.1553885322188342,1,430.0
degree-preserving + length-constrained (25%),0.8691073153651989,0.17499999999999982,1.0,5,0.24086948415774556,2,430.0
degree-preserving + length-constrained (25%),0.8179182135423888,0.0972222222222221,1.0,5,0.15144601758035303,3,430.0
degree-preserving + length-constrained (25%),0.6840073660404902,0.2596153846153846,1.0,5,0.23322877776846218,3,430.0
degree-preserving + length-constrained (25%),0.8118847993483538,0.27083333333333326,0.9965654343250555,5,0.2049351951172671,4,430.0
degree-preserving + length-constrained (25%),0.875,0.0972222222222221,1.0,4,0.2134429545284291,1,430.0
degree-preserving + length-constrained (25%),0.6428680359908749,0.17045454545454541,0.9953961166440779,5,0.14161110240302888,4,430.0
degree-preserving + length-constrained (25%),0.8126416336489855,0.0972222222222221,0.9827714495898009,5,0.13733973187823278,4,430.0
degree-preserving + length-constrained (25%),0.742620876466612,2.220446049250313e-16,1.0,5,0.15864972472520156,3,430.0
degree-preserving + length-constrained (25%),0.8563342544354227,0.0972222222222221,1.0,5,0.12455331660918734,2,430.0
degree-preserving + length-constrained (25%),0.6286662490371719,0.17045454545454541,0.9936479733210798,5,0.18457003025106467,4,430.0
degree-preserving + length-constrained (25%),0.8059340331971672,2.220446049250313e-16,1.0,4,0.13388846096803675,2,430.0
degree-preserving + length-constrained (25%),0.8421513109379177,0.0972222222222221,1.0,4,0.2800650668648921,3,430.0
degree-preserving + length-constrained (25%),0.8450109687572138,0.0972222222222221,1.0,5,0.18923798865869834,3,430.0
degree-preserving + length-constrained (25%),0.8498456898133149,0.0972222222222221,1.0,5,0.180095333836778,2,430.0
degree-preserving + length-constrained (25%),0.8654696777139272,0.2916666666666665,1.0,5,0.24808727068983827,3,430.0
degree-preserving + length-constrained (25%),0.748695089808195,0.1499999999999999,1.0,5,0.1269619513307768,3,430.0
degree-preserving + length-constrained (25%),0.8677943032423849,0.0972222222222221,1.0,5,0.16094826357546677,2,430.0
degree-preserving + length-constrained (25%),0.6567071065202066,2.220446049250313e-16,1.0,5,0.2582613284084164,3,430.0
degree-preserving + length-constrained (25%),0.6623763512313112,0.22916666666666652,0.9652808825543063,5,0.14671237171237173,4,430.0
degree-preserving + length-constrained (25%),0.7649256218650389,0.1499999999999999,1.0,5,0.19102776646694974,3,430.0
degree-preserving + length-constrained (25%),0.8269784776129039,0.0972222222222221,0.981467673162316,5,0.20525236865576157,4,430.0
degree-preserving + length-constrained (25%),0.8433130309416732,2.220446049250313e-16,1.0,5,0.15243089307782876,2,430.0
degree-preserving + length-constrained (25%),0.815299611620502,0.0972222222222221,0.977391050235974,5,0.18585138309929028,4,430.0
degree-preserving + length-constrained (25%),0.7760751381205,2.220446049250313e-16,1.0,5,0.19453298060849078,2,430.0
degree-preserving + length-constrained (25%),0.7470021571134839,0.1499999999999999,0.9897584258531442,5,0.1828728547141677,4,430.0
degree-preserving + length-constrained (25%),0.8641328865952438,0.0972222222222221,1.0,5,0.2525700858327077,2,430.0
degree-preserving + length-constrained (25%),0.875,0.0972222222222221,1.0,5,0.15174530275368925,1,430.0
degree-preserving + length-constrained (25%),0.8517455655761439,2.220446049250313e-16,1.0,4,0.23759328939058355,2,430.0
degree-preserving + length-constrained (25%),0.7513297451266829,0.1499999999999999,1.0,5,0.1725474761389354,3,430.0
degree-preserving + length-constrained (25%),0.7311744026634515,0.1499999999999999,0.988776424981857,5,0.15555724552264338,4,430.0
degree-preserving + length-constrained (25%),0.7940391783590286,2.220446049250313e-16,1.0,5,0.2733483454829967,2,430.0
degree-preserving + length-constrained (25%),0.875,2.220446049250313e-16,1.0,5,0.1559505781451237,1,430.0
degree-preserving + length-constrained (25%),0.8353445256505572,0.0972222222222221,1.0,5,0.16336132975682693,3,430.0
degree-preserving + length-constrained (25%),0.875,0.23863636363636354,1.0,5,0.13781533074273455,1,430.0
degree-preserving + length-constrained (25%),0.7573532432907426,2.220446049250313e-16,1.0,5,0.17439727836854158,2,430.0
degree-preserving + length-constrained (25%),0.6937636645158058,0.1499999999999999,0.9844977832371139,5,0.19431284175323615,4,430.0
degree-preserving + length-constrained (25%),0.8719503273825902,0.0972222222222221,1.0,4,0.27527813330707895,2,430.0
degree-preserving + length-constrained (25%),0.812543416531448,0.17499999999999982,1.0,5,0.20100596922637892,3,430.0
degree-preserving + length-constrained (25%),0.716405044130388,2.220446049250313e-16,0.9180091735978867,5,0.17458780245663907,4,430.0
degree-preserving + length-constrained (25%),0.7579465655656334,0.1499999999999999,1.0,5,0.11844460812768587,3,430.0
degree-preserving + length-constrained (25%),0.8676165911592331,0.0972222222222221,1.0,5,0.1428477714885481,2,430.0
degree-preserving + length-constrained (25%),0.7945453248709247,2.220446049250313e-16,1.0,5,0.2181723678653802,2,430.0
degree-preserving + length-constrained (25%),0.8601793671388176,0.2916666666666665,0.9923300742011048,5,0.15225609815663255,4,430.0
degree-preserving + length-constrained (25%),0.8614143035153659,0.0972222222222221,1.0,5,0.21594717222682436,2,430.0
degree-preserving + length-constrained (25%),0.723915941892213,0.1499999999999999,0.9745985683191979,5,0.14293952672229804,4,430.0
degree-preserving + length-constrained (25%),0.8705764236146456,0.0972222222222221,1.0,4,0.22440326137088773,2,430.0
degree-preserving + length-constrained (25%),0.875,0.0972222222222221,1.0,5,0.16342742407111388,1,430.0
degree-preserving + length-constrained (25%),0.8274259152814831,0.0972222222222221,1.0,5,0.1971120431396045,3,430.0
degree-preserving + length-constrained (25%),0.8048655327743952,0.0972222222222221,1.0,5,0.19043453456308845,3,430.0
degree-preserving + length-constrained (25%),0.7807117114225441,0.0972222222222221,0.9908874212308366,5,0.1359437034923805,4,430.0
degree-preserving + length-constrained (25%),0.8287795341465318,0.0972222222222221,1.0,5,0.23233203360417076,2,430.0
degree-preserving + length-constrained (25%),0.8470452813933298,0.0972222222222221,1.0,4,0.16301570850860625,2,430.0
degree-preserving + length-constrained (25%),0.8304959100790112,2.220446049250313e-16,1.0,4,0.15375105732318306,2,430.0
degree-preserving + length-constrained (25%),0.7333860950957372,2.220446049250313e-16,0.9559215159518429,5,0.17182685534380226,4,430.0
degree-preserving + length-constrained (25%),0.8710730668559634,0.17499999999999982,1.0,4,0.20516179808712098,2,430.0
degree-preserving + length-constrained (25%),0.6101794489649615,2.220446049250313e-16,0.8446934676038643,5,0.15111514841835327,4,430.0
degree-preserving + length-constrained (25%),0.7874896237719955,0.0972222222222221,0.9728501510754493,5,0.24109198552790267,4,430.0
degree-preserving + length-constrained (25%),0.8390098397876276,0.0972222222222221,1.0,5,0.24727165470455237,3,430.0
degree-preserving + length-constrained (25%),0.770783967889098,0.21590909090909083,0.9954848629950626,5,0.14524653662875042,4,430.0
degree-preserving + length-constrained (25%),0.7552824269802445,0.1499999999999999,1.0,4,0.20829514993017317,3,430.0
degree-preserving + length-constrained (25%),0.8648967038347368,0.0972222222222221,1.0,4,0.2404121446168187,2,430.0
degree-preserving + length-constrained (25%),0.8685712727216162,0.0972222222222221,1.0,5,0.14081356245425558,2,430.0
degree-preserving + length-constrained (25%),0.7384664693523482,2.220446049250313e-16,0.9244732213998491,5,0.11690767995209828,4,430.0
degree-preserving + length-constrained (25%),0.8476947980904148,0.0972222222222221,1.0,5,0.19297509487444864,2,430.0
degree-preserving + length-constrained (25%),0.8205160180709639,2.220446049250313e-16,1.0,5,0.16724088765058676,2,430.0
degree-preserving + length-constrained (25%),0.875,2.220446049250313e-16,1.0,4,0.19768171460651907,1,430.0
degree-preserving + length-constrained (25%),0.7685441306842837,2.220446049250313e-16,1.0,5,0.2011452742096146,2,430.0
degree-preserving + length-constrained (25%),0.8494851223107553,0.0972222222222221,1.0,5,0.20006529164413134,2,430.0
degree-preserving + length-constrained (25%),0.8603478770895561,0.0972222222222221,1.0,5,0.16377853601174075,2,430.0
degree-preserving + length-constrained (25%),0.8538739902071064,0.0972222222222221,1.0,5,0.218714705745088,3,430.0
degree-preserving + length-constrained (25%),0.8013765926017711,2.220446049250313e-16,1.0,5,0.19623878422673235,2,430.0
degree-preserving + length-constrained (25%),0.7601329220289306,0.21590909090909083,1.0,5,0.156641388652891,3,430.0
degree-preserving + length-constrained (25%),0.7613935758994483,2.220446049250313e-16,1.0,5,0.1586842067918317,2,430.0
degree-preserving + length-constrained (25%),0.8307483205259054,0.0972222222222221,1.0,5,0.22922721268163804,3,430.0
degree-preserving + length-constrained (25%),0.7846893427020358,0.21590909090909083,0.9909277345295766,5,0.11945006353899235,4,430.0
degree-preserving + length-constrained (25%),0.8686042019939271,0.0972222222222221,1.0,5,0.16207780260218152,2,430.0
degree-preserving + length-constrained (25%),0.8556766574317467,0.0972222222222221,1.0,5,0.16134240797733612,3,430.0
degree-preserving + length-constrained (25%),0.8469332150130024,0.17499999999999982,1.0,5,0.2646748396525127,3,430.0
degree-preserving + length-constrained (25%),0.741859791777085,0.1499999999999999,0.991233248914691,5,0.32947192552102456,4,430.0
degree-preserving + length-constrained (25%),0.8242400574098647,0.0972222222222221,0.9799314849817272,5,0.15491170561488832,4,430.0
degree-preserving + length-constrained (25%),0.875,0.0972222222222221,1.0,5,0.17497905746631237,1,430.0
degree-preserving + length-constrained (25%),0.875,0.0972222222222221,1.0,4,0.1583527634560442,1,430.0
degree-preserving + length-constrained (25%),0.7997861200375569,0.3392857142857142,1.0,5,0.2364256322492293,2,430.0
degree-preserving + length-constrained (25%),0.6235627574604012,0.17045454545454541,0.9927196782350258,5,0.21972820859561737,4,430.0
degree-preserving + length-constrained (25%),0.7714929572512208,0.1499999999999999,1.0,5,0.21346221727881687,3,430.0
degree-preserving + length-constrained (25%),0.7033928391784088,2.220446049250313e-16,1.0,5,0.18302378407268827,3,430.0
degree-preserving + length-constrained (25%),0.7366492869037222,0.1499999999999999,1.0,5,0.17159109921365234,3,430.0
degree-preserving + length-constrained (25%),0.8504964366890071,0.0972222222222221,1.0,5,0.21202428634105597,3,430.0
degree-preserving + length-constrained (25%),0.6952522038644915,2.220446049250313e-16,1.0,5,0.2050447165060345,3,430.0
degree-preserving + length-constrained (25%),0.7285319927570506,0.27884615384615374,1.0,5,0.18715573330432178,3,430.0
degree-preserving + length-constrained (25%),0.8266208897366496,0.0972222222222221,1.0,5,0.22089464182657914,3,430.0
degree-preserving + length-constrained (25%),0.8541885656392558,0.0972222222222221,1.0,5,0.16239906034356189,3,430.0
degree-preserving + length-constrained (25%),,2.220446049250313e-16,,4,0.23314475762708642,0,430.0
degree-preserving + length-constrained (25%),0.6324272363692973,2.220446049250313e-16,0.8990658023424434,5,0.2037052845239281,4,430.0
degree-preserving + length-constrained (25%),0.7621181989950712,2.220446049250313e-16,1.0,5,0.15191112748281776,3,430.0
degree-preserving + length-constrained (25%),0.7393616230541313,0.1499999999999999,0.9905071877161264,5,0.19049701770153937,4,430.0
degree-preserving + length-constrained (25%),0.8485597668462979,0.0972222222222221,1.0,4,0.2113463340497247,3,430.0
degree-preserving + length-constrained (25%),0.8546484487113184,0.0972222222222221,1.0,4,0.10870994248151189,3,430.0
degree-preserving + length-constrained (25%),0.7910116432400203,0.21590909090909083,1.0,5,0.27563615558494436,3,430.0
degree-preserving + length-constrained (25%),0.8541045785370205,0.0972222222222221,1.0,4,0.2033824766923319,3,430.0
degree-preserving + length-constrained (25%),0.7852943556691716,2.220446049250313e-16,1.0,5,0.15657495278846845,2,430.0
degree-preserving + length-constrained (25%),0.7658523478754451,2.220446049250313e-16,1.0,5,0.2538361159441749,3,430.0
degree-preserving + length-constrained (25%),0.709387553836649,0.1499999999999999,0.9824266473148566,5,0.21097228171671434,4,430.0
degree-preserving + length-constrained (25%),0.875,2.220446049250313e-16,1.0,4,0.1982208170603187,1,430.0
degree-preserving + length-constrained (25%),0.8683469494893483,0.0972222222222221,1.0,5,0.16387459440583196,2,430.0
degree-preserving + length-constrained (25%),0.7851609309837515,0.21590909090909083,1.0,5,0.23106189988234838,3,430.0
degree-preserving + length-constrained (25%),0.7876749285836835,2.220446049250313e-16,1.0,5,0.14247505766875823,2,430.0
degree-preserving + length-constrained (25%),0.7003119112623633,2.220446049250313e-16,1.0,5,0.11380351014151968,3,430.0
degree-preserving + length-constrained (25%),0.7904367407880448,0.27083333333333326,1.0,5,0.13144013503663643,3,430.0
degree-preserving + length-constrained (25%),0.8277548844710929,2.220446049250313e-16,1.0,4,0.16197226212060556,2,430.0
degree-preserving + length-constrained (25%),0.7984954101596666,0.0972222222222221,0.9789989702436471,5,0.1758403674937522,4,430.0
degree-preserving + length-constrained (25%),0.8513837781753781,0.0972222222222221,1.0,5,0.19007737358125165,3,430.0
degree-preserving + length-constrained (25%),0.8066026720392296,2.220446049250313e-16,1.0,5,0.14147846968202837,2,430.0
degree-preserving + length-constrained (25%),0.7093677052884027,0.3035714285714284,0.9940224171420717,5,0.1821574429581081,4,430.0
degree-preserving + length-constrained (25%),0.8169191919191954,2.220446049250313e-16,1.0,4,0.17619016368852314,2,430.0
degree-preserving + length-constrained (25%),0.7768465977918695,0.0972222222222221,0.9694501679526688,5,0.24922054026528073,4,430.0
degree-preserving + length-constrained (25%),0.875,2.220446049250313e-16,1.0,4,0.2536484610435784,1,430.0
degree-preserving + length-constrained (25%),0.8165964375086441,0.0972222222222221,0.9893905908216489,5,0.24093841392026472,4,430.0
degree-preserving + length-constrained (25%),0.7667415535247328,0.1499999999999999,1.0,5,0.22247852677751911,2,430.0
degree-preserving + length-constrained (25%),0.7811028375930473,2.220446049250313e-16,1.0,5,0.2291069638470412,2,430.0
degree-preserving + length-constrained (25%),0.8276364033091173,0.17499999999999982,0.9841233871387374,5,0.14540822539711917,4,430.0
degree-preserving + length-constrained (25%),0.8686116968888122,0.0972222222222221,1.0,5,0.1912828884561042,2,430.0
degree-preserving + length-constrained (25%),0.761171980275009,2.220446049250313e-16,1.0,5,0.18262403655662085,2,430.0
degree-preserving + length-constrained (25%),0.7303072482009907,0.1499999999999999,0.993850787414646,5,0.11911563540745274,4,430.0
degree-preserving + length-constrained (25%),0.770423278934619,0.1499999999999999,1.0,5,0.1776164956726085,2,430.0
degree-preserving + length-constrained (25%),0.809532028211448,0.0972222222222221,0.965613922859781,5,0.1497244499982916,4,430.0
degree-preserving + length-constrained (25%),0.8106349159267008,0.0972222222222221,1.0,4,0.1748832765311953,3,430.0
degree-preserving + length-constrained (25%),0.7230711669322087,0.25,0.9875273371805997,5,0.15792800326727474,4,430.0
degree-preserving + length-constrained (25%),0.7480260692548706,0.1499999999999999,1.0,5,0.17054917305987127,3,430.0
degree-preserving + length-constrained (25%),0.8561813257201667,0.0972222222222221,1.0,5,0.2049638773147583,3,430.0
degree-preserving + length-constrained (25%),0.8415035476947434,0.0972222222222221,1.0,5,0.20140059747427008,3,430.0
degree-preserving + length-constrained (25%),0.7636099094385307,2.220446049250313e-16,1.0,4,0.1875461276575482,3,430.0
degree-preserving + length-constrained (25%),0.7731972377079599,2.220446049250313e-16,1.0,5,0.2561976101301946,2,430.0
degree-preserving + length-constrained (25%),0.7822219370065078,0.21590909090909083,1.0,5,0.24053676487008924,3,430.0
degree-preserving + length-constrained (25%),0.83112618058928,0.0972222222222221,1.0,5,0.28317564547790386,2,430.0
degree-preserving + length-constrained (25%),0.8579495532918442,0.17499999999999982,1.0,4,0.20432080754103665,2,430.0
degree-preserving + length-constrained (25%),0.8120492142637352,2.220446049250313e-16,1.0,4,0.2152166946473243,2,430.0
degree-preserving + length-constrained (25%),0.8072761174699814,2.220446049250313e-16,1.0,5,0.16189231748584454,3,430.0
degree-preserving + length-constrained (25%),0.7574797569731846,2.220446049250313e-16,1.0,5,0.15943756484118055,3,430.0
degree-preserving + length-constrained (25%),0.7917638074884776,2.220446049250313e-16,1.0,4,0.16408460448405682,2,430.0
degree-preserving + length-constrained (25%),0.8616246733959549,0.0972222222222221,1.0,5,0.2930948502277336,2,430.0
degree-preserving + length-constrained (25%),0.8717107445421375,0.0972222222222221,1.0,5,0.2730024416334481,2,430.0
degree-preserving + length-constrained (25%),0.7920298353445323,2.220446049250313e-16,1.0,4,0.1795932628129443,2,430.0
degree-preserving + length-constrained (25%),0.7366209233066807,0.1499999999999999,1.0,5,0.15072686094791954,3,430.0
degree-preserving + length-constrained (25%),0.8213272143201145,0.0972222222222221,1.0,5,0.17957547238249072,3,430.0
degree-preserving + length-constrained (25%),0.8351218208254705,0.0972222222222221,1.0,5,0.2110658748477423,3,430.0
degree-preserving + length-constrained (25%),0.8520430394737109,0.0972222222222221,1.0,5,0.2564370582763549,2,430.0
degree-preserving + length-constrained (25%),0.871988577701792,0.0972222222222221,1.0,4,0.1657927857444833,2,430.0
degree-preserving + length-constrained (25%),0.8536113944381598,0.0972222222222221,1.0,5,0.15280138717737646,3,430.0
degree-preserving + length-constrained (25%),0.7597776614953151,0.1499999999999999,1.0,5,0.25623138882108853,2,430.0
degree-preserving + length-constrained (25%),0.8460620618401398,0.0972222222222221,1.0,5,0.1730859244399865,3,430.0
degree-preserving + length-constrained (25%),0.691676666351408,0.22916666666666652,1.0,5,0.27402541358605326,3,430.0
degree-preserving + length-constrained (25%),0.8697468650488567,0.23863636363636354,1.0,5,0.17315184571929487,3,430.0
degree-preserving + length-constrained (25%),0.7795012768241278,0.21590909090909083,1.0,5,0.2196696348770234,3,430.0
degree-preserving + length-constrained (25%),0.7736160431987835,2.220446049250313e-16,1.0,5,0.14622634756257613,2,430.0
degree-preserving + length-constrained (25%),0.7556552070833218,0.1499999999999999,0.9901433677235641,5,0.18674611703588762,4,430.0
degree-preserving + length-constrained (25%),0.6965263921188276,2.220446049250313e-16,1.0,5,0.20622691597414589,3,430.0
degree-preserving + length-constrained (25%),0.6828905634101483,0.22916666666666652,0.986594559246324,5,0.1951727910661737,4,430.0
degree-preserving + length-constrained (25%),0.7778664725487734,2.220446049250313e-16,1.0,5,0.16661066952635617,3,430.0
degree-preserving + length-constrained (25%),0.6800222728724301,2.220446049250313e-16,1.0,5,0.12662706094386222,3,430.0
degree-preserving + length-constrained (25%),0.8489803514389032,0.0972222222222221,1.0,5,0.2373319979322822,3,430.0
degree-preserving + length-constrained (25%),0.7553634397472035,0.1499999999999999,1.0,5,0.2172549449782356,3,430.0
degree-preserving + length-constrained (25%),0.7364260481860563,0.1499999999999999,1.0,5,0.14795178385195606,3,430.0
degree-preserving + length-constrained (25%),0.6416949382820147,0.17045454545454541,1.0,4,0.25686587382314807,3,430.0
degree-preserving + length-constrained (25%),0.7042253571228041,2.220446049250313e-16,1.0,4,0.2090943062434072,3,430.0
degree-preserving + length-constrained (25%),0.875,0.0972222222222221,1.0,4,0.15751507736179882,1,430.0
degree-preserving + length-constrained (25%),0.754043959908653,0.1499999999999999,1.0,5,0.22575878220140533,2,430.0
degree-preserving + length-constrained (25%),0.875,2.220446049250313e-16,1.0,4,0.12817362231150708,1,430.0
degree-preserving + length-constrained (25%),0.8485600170842156,0.23863636363636354,0.9934112845882453,5,0.16378200407637744,4,430.0
degree-preserving + length-constrained (25%),0.6941774629829582,2.220446049250313e-16,1.0,5,0.1588736004755249,3,430.0
degree-preserving + length-constrained (25%),0.8674900213889494,0.0972222222222221,1.0,5,0.11524213196275412,2,430.0
degree-preserving + length-constrained (25%),0.7537734143124759,0.1499999999999999,1.0,5,0.22363028147790986,3,430.0
degree-preserving + length-constrained (25%),0.7395311490730259,2.220446049250313e-16,1.0,5,0.1577415516759182,3,430.0
degree-preserving + length-constrained (25%),0.8239151417167887,2.220446049250313e-16,1.0,4,0.08595602579585304,2,430.0
degree-preserving + length-constrained (25%),0.7587176552536565,2.220446049250313e-16,1.0,5,0.21191451308322762,2,430.0
degree-preserving + length-constrained (25%),0.8080662377610972,0.0972222222222221,0.9856226204896589,5,0.21291249558355918,4,430.0
degree-preserving + length-constrained (25%),0.8524324328368116,0.0972222222222221,1.0,5,0.2410977406679764,3,430.0
degree-preserving + length-constrained (25%),0.8586166559916943,0.17499999999999982,1.0,5,0.12761279519575353,3,430.0
degree-preserving + length-constrained (25%),0.6895804825329357,0.2596153846153846,1.0,5,0.17242455177853389,3,430.0
degree-preserving + length-constrained (25%),0.875,2.220446049250313e-16,1.0,5,0.1489045589954373,1,430.0
degree-preserving + length-constrained (25%),0.7751058201058001,2.220446049250313e-16,1.0,5,0.22947963577791675,2,430.0
degree-preserving + length-constrained (25%),0.7582889289510555,2.220446049250313e-16,1.0,5,0.2103556175325907,2,430.0
degree-preserving + length-constrained (25%),0.8710782186497008,0.0972222222222221,1.0,4,0.16534229977567683,2,430.0
degree-preserving + length-constrained (25%),0.8070475426576911,0.0972222222222221,0.9852411507840777,5,0.20851449362203944,4,430.0
degree-preserving + length-constrained (25%),0.6938808819971918,2.220446049250313e-16,1.0,5,0.26624864935660264,3,430.0
degree-preserving + length-constrained (25%),0.8233106895954803,2.220446049250313e-16,1.0,5,0.2406398302807261,3,430.0
degree-preserving + length-constrained (25%),0.875,2.220446049250313e-16,1.0,5,0.13405841784220163,1,430.0
degree-preserving + length-constrained (25%),0.8380542979516619,0.0972222222222221,0.9851646323619057,5,0.18246809488034688,4,430.0
degree-preserving + length-constrained (25%),0.8350667635908966,0.0972222222222221,1.0,5,0.17511858393428703,3,430.0
degree-preserving + length-constrained (25%),0.8232144132248234,2.220446049250313e-16,1.0,5,0.2306765591367428,2,430.0
degree-preserving + length-constrained (25%),0.8156326344429627,0.0972222222222221,1.0,5,0.19069831644382673,2,430.0
degree-preserving + length-constrained (25%),0.7197324067990842,2.220446049250313e-16,1.0,5,0.16505363997244193,3,430.0
degree-preserving + length-constrained (25%),0.8647570083070968,0.0972222222222221,1.0,5,0.15662491324321648,2,430.0
degree-preserving + length-constrained (25%),0.8429744423501639,0.0972222222222221,1.0,4,0.12631109022556397,3,430.0
degree-preserving + length-constrained (25%),0.7792207321619933,0.21590909090909083,1.0,4,0.2400667911007498,3,430.0
degree-preserving + length-constrained (25%),0.8680407683273239,0.0972222222222221,1.0,4,0.16700780908958635,2,430.0
degree-preserving + length-constrained (25%),0.8167637116649138,0.0972222222222221,0.9718228375044576,5,0.19198157892268586,4,430.0
degree-preserving + length-constrained (25%),0.828782782361883,2.220446049250313e-16,1.0,5,0.16019480943975928,2,430.0
degree-preserving + length-constrained (25%),0.7660815036333695,0.1499999999999999,1.0,4,0.20505338089917757,2,430.0
degree-preserving + length-constrained (25%),0.7417291704359246,0.1499999999999999,0.9918997870891244,5,0.2117194465541723,4,430.0
degree-preserving + length-constrained (25%),0.6754918104716527,0.22916666666666652,1.0,5,0.30654190962791306,3,430.0
degree-preserving + length-constrained (25%),0.832464009563554,0.0972222222222221,1.0,5,0.3207420557931022,3,430.0
degree-preserving + length-constrained (25%),0.8628056413016036,0.0972222222222221,1.0,5,0.24073803795650683,2,430.0
degree-preserving + length-constrained (25%),0.7463814631751773,0.1499999999999999,1.0,5,0.19146416706217362,3,430.0
degree-preserving + length-constrained (25%),0.751581888779479,0.1499999999999999,1.0,5,0.12389305895251734,2,430.0
degree-preserving + length-constrained (25%),0.7887787031619882,2.220446049250313e-16,1.0,5,0.16783531016736009,2,430.0
degree-preserving + length-constrained (25%),0.8542134745558865,0.0972222222222221,1.0,5,0.25650081474564534,2,430.0
degree-preserving + length-constrained (25%),0.8164023721972966,0.0972222222222221,1.0,5,0.14477701244735075,3,430.0
degree-preserving + length-constrained (25%),0.8325950531458688,2.220446049250313e-16,1.0,5,0.12839580611663803,2,430.0
degree-preserving + length-constrained (25%),0.8664049570426453,0.0972222222222221,1.0,5,0.1472026608663788,2,430.0
degree-preserving + length-constrained (25%),0.77519934497487,2.220446049250313e-16,1.0,5,0.2258604456533111,3,430.0
degree-preserving + length-constrained (25%),0.7511803128178924,0.0972222222222221,1.0,5,0.18154261352524736,3,430.0
degree-preserving + length-constrained (25%),0.7600088351607919,0.1499999999999999,1.0,5,0.21848351503387453,2,430.0
degree-preserving + length-constrained (25%),0.8528706145937026,0.0972222222222221,1.0,5,0.20499870499870498,3,430.0
degree-preserving + length-constrained (25%),0.7051579430273778,2.220446049250313e-16,1.0,5,0.18143982002249726,3,430.0
degree-preserving + length-constrained (25%),0.8572931988110382,0.0972222222222221,1.0,5,0.15517880568071618,3,430.0
degree-preserving + length-constrained (25%),0.8558156804818748,0.0972222222222221,1.0,4,0.13846342625341068,3,430.0
degree-preserving + length-constrained (25%),0.8695443672042995,0.0972222222222221,1.0,5,0.25358689213075103,2,430.0
degree-preserving + length-constrained (25%),0.7749764120907028,0.21590909090909083,1.0,5,0.21481950176639475,3,430.0
degree-preserving + length-constrained (25%),0.6959235954762877,0.2596153846153846,0.9901271194679689,5,0.2192816237688049,4,430.0
degree-preserving + length-constrained (25%),0.8588884948826416,0.0972222222222221,1.0,5,0.26692070576221183,2,430.0
degree-preserving + length-constrained (25%),0.875,2.220446049250313e-16,1.0,4,0.18321541723242574,1,430.0
degree-preserving + length-constrained (25%),0.7556110478973868,0.1499999999999999,1.0,5,0.18246406161814022,2,430.0
degree-preserving + length-constrained (25%),0.773419786107636,0.21590909090909083,0.9812073018123916,5,0.14012618417336442,4,430.0
degree-preserving + length-constrained (25%),0.7953386407338507,2.220446049250313e-16,1.0,5,0.2360468475465659,2,430.0
degree-preserving + length-constrained (25%),0.8659059507117666,0.0972222222222221,1.0,4,0.20698785197601832,2,430.0
degree-preserving + length-constrained (25%),0.8440021546572118,0.0972222222222221,1.0,4,0.2315751326063321,3,430.0
degree-preserving + length-constrained (25%),0.6237578392852887,0.17045454545454541,0.9688519700556261,5,0.2523556735235568,4,430.0
degree-preserving + length-constrained (25%),0.8515505698696344,2.220446049250313e-16,1.0,5,0.2014504167487038,2,430.0
degree-preserving + length-constrained (25%),0.8395170419007247,0.0972222222222221,1.0,5,0.21164993903010965,3,430.0
degree-preserving + length-constrained (25%),0.7048914111982989,0.1499999999999999,0.9719144024735782,5,0.15819893267166862,4,430.0
degree-preserving + length-constrained (25%),0.733928632218493,0.1499999999999999,1.0,5,0.18555509229428024,3,430.0
degree-preserving + length-constrained (25%),0.7936271065591232,2.220446049250313e-16,1.0,5,0.2323578349809141,2,430.0
degree-preserving + length-constrained (25%),0.6829356931829567,2.220446049250313e-16,1.0,5,0.24812864334923157,3,430.0
degree-preserving + length-constrained (25%),0.7125094437410133,2.220446049250313e-16,1.0,5,0.1716048167470553,3,430.0
degree-preserving + length-constrained (25%),0.7446059860786354,0.1499999999999999,1.0,5,0.15224312868020784,3,430.0
degree-preserving + length-constrained (25%),0.7456725232102848,0.1499999999999999,1.0,5,0.19043527117691783,3,430.0
degree-preserving + length-constrained (25%),0.875,2.220446049250313e-16,1.0,4,0.17278511286255782,1,430.0
degree-preserving + length-constrained (25%),0.7883193661380639,0.21590909090909083,1.0,5,0.22726335227954053,2,430.0
degree-preserving + length-constrained (25%),0.6849118908456124,0.22916666666666652,1.0,5,0.1914304079784176,3,430.0
degree-preserving + length-constrained (25%),0.7745324392489292,2.220446049250313e-16,1.0,5,0.14229922226966762,2,430.0
degree-preserving + length-constrained (25%),0.7303000913764108,2.220446049250313e-16,1.0,5,0.17023096181158404,3,430.0
degree-preserving + length-constrained (25%),0.7779306446913996,0.21590909090909083,1.0,5,0.24781590429822253,3,430.0
degree-preserving + length-constrained (25%),0.7619685117758985,0.1499999999999999,1.0,5,0.10530692100758132,2,430.0
degree-preserving + length-constrained (25%),0.862946474625633,0.0972222222222221,1.0,5,0.16127794552573693,2,430.0
degree-preserving + length-constrained (25%),0.8331543496522835,2.220446049250313e-16,1.0,5,0.25313954656575477,3,430.0
degree-preserving + length-constrained (25%),0.8588275607647551,2.220446049250313e-16,1.0,5,0.13400550591836546,2,430.0
degree-preserving + length-constrained (25%),0.6462566509241932,0.17045454545454541,0.988743445947755,5,0.2466706104722466,4,430.0
degree-preserving + length-constrained (25%),0.875,2.220446049250313e-16,1.0,4,0.21394623924881184,1,430.0
degree-preserving + length-constrained (25%),0.7825555769792418,0.21590909090909083,0.9935336508063765,5,0.1281805880994027,4,430.0
degree-preserving + length-constrained (25%),0.875,0.0972222222222221,1.0,4,0.149696572764504,1,430.0
degree-preserving + length-constrained (25%),0.7044410144772448,2.220446049250313e-16,1.0,5,0.18416569361229673,3,430.0
degree-preserving + length-constrained (25%),0.8707138646671213,0.17499999999999982,1.0,4,0.18215689446786654,2,430.0
degree-preserving + length-constrained (25%),0.8536636094864349,0.0972222222222221,1.0,4,0.2261722574451297,3,430.0
degree-preserving + length-constrained (25%),0.856345328324498,0.17499999999999982,1.0,5,0.32520376296783293,2,430.0
degree-preserving + length-constrained (25%),0.7862095969475169,2.220446049250313e-16,1.0,4,0.22377774211515034,2,430.0
degree-preserving + length-constrained (25%),0.8657314812922852,0.0972222222222221,1.0,5,0.17774605504820362,2,430.0
degree-preserving + length-constrained (25%),0.8586600278198009,0.0972222222222221,1.0,5,0.24502392710562215,3,430.0
degree-preserving + length-constrained (25%),0.7890354917924118,2.220446049250313e-16,1.0,5,0.16132085268683205,2,430.0
degree-preserving + length-constrained (25%),0.8154981214693757,2.220446049250313e-16,1.0,5,0.15419669351420084,3,430.0
degree-preserving + length-constrained (25%),0.7243142706275636,0.1499999999999999,0.9782957028475019,5,0.12944059976931965,4,430.0
degree-preserving + length-constrained (25%),0.73799267640249,0.1499999999999999,0.9916416253101895,5,0.15821239658212405,4,430.0
degree-preserving + length-constrained (25%),0.7660312033529904,2.220446049250313e-16,1.0,4,0.11191500456263848,2,430.0
degree-preserving + length-constrained (25%),0.8565198872311106,2.220446049250313e-16,1.0,5,0.2821738217095714,2,430.0
degree-preserving + length-constrained (25%),0.7710491334437044,2.220446049250313e-16,1.0,5,0.13566852322848588,2,430.0
degree-preserving + length-constrained (25%),0.855120846470312,0.0972222222222221,1.0,5,0.13546781685467835,2,430.0
degree-preserving + length-constrained (25%),,2.220446049250313e-16,,4,0.1554237787897652,0,430.0
degree-preserving + length-constrained (25%),0.8571375066546019,0.17499999999999982,1.0,5,0.1937359304055859,2,430.0
degree-preserving + length-constrained (25%),0.7518374610567726,0.1499999999999999,1.0,5,0.16785428476957653,2,430.0
degree-preserving + length-constrained (25%),0.7598396405792947,2.220446049250313e-16,1.0,5,0.2544915114554147,2,430.0
degree-preserving + length-constrained (25%),0.8524014892091236,0.0972222222222221,1.0,5,0.16420344461644798,3,430.0
degree-preserving + length-constrained (25%),0.8689109086868516,0.0972222222222221,1.0,4,0.16797587686913784,2,430.0
degree-preserving + length-constrained (25%),0.7873596386348192,0.27083333333333326,1.0,5,0.19769564858893396,2,430.0
degree-preserving + length-constrained (25%),0.8617387032347454,0.0972222222222221,1.0,5,0.13984000609138025,3,430.0
degree-preserving + length-constrained (25%),0.875,0.0972222222222221,1.0,4,0.2550611880261484,1,430.0
degree-preserving + length-constrained (25%),0.720867112370448,0.1499999999999999,1.0,5,0.19770338807106347,3,430.0
degree-preserving + length-constrained (25%),0.826346352969054,0.0972222222222221,0.9895802529023695,5,0.24438936203268213,4,430.0
degree-preserving + length-constrained (25%),0.756579700351145,0.1499999999999999,1.0,5,0.25568325969469075,2,430.0
degree-preserving + length-constrained (25%),0.867665528803256,0.0972222222222221,1.0,5,0.15858240093464537,2,430.0
degree-preserving + length-constrained (25%),0.7583515798505722,0.21590909090909083,0.9749218161717895,5,0.17658564269390764,4,430.0
degree-preserving + length-constrained (25%),0.8347370500247051,2.220446049250313e-16,1.0,5,0.19420004223270215,2,430.0
degree-preserving + length-constrained (25%),0.8570558450358308,0.0972222222222221,1.0,5,0.19037651064779926,3,430.0
degree-preserving + length-constrained (25%),0.870329303042213,0.0972222222222221,1.0,5,0.17155365307909332,2,430.0
degree-preserving + length-constrained (25%),0.6938221987104092,2.220446049250313e-16,0.9197190689750904,5,0.1873955982074833,4,430.0
degree-preserving + length-constrained (25%),0.8017236666081238,0.0972222222222221,0.9862994661931545,5,0.2156871122250863,4,430.0
degree-preserving + length-constrained (25%),0.8700114405984316,0.0972222222222221,1.0,5,0.20393296965341534,2,430.0
degree-preserving + length-constrained (25%),0.8491929733811512,0.0972222222222221,1.0,5,0.2048201302993108,3,430.0
degree-preserving + length-constrained (25%),0.7170032967510527,2.220446049250313e-16,0.9568802081182849,5,0.1677883810480495,4,430.0
degree-preserving + length-constrained (25%),0.7143374381013661,2.220446049250313e-16,1.0,5,0.1482087652300419,3,430.0
degree-preserving + length-constrained (25%),0.8398693029419655,2.220446049250313e-16,1.0,5,0.1279281894945682,2,430.0
degree-preserving + length-constrained (25%),0.8519330794953064,0.0972222222222221,1.0,5,0.1749725784523789,3,430.0
degree-preserving + length-constrained (25%),0.7862347119529458,0.21590909090909083,1.0,5,0.16728566122903743,3,430.0
degree-preserving + length-constrained (25%),0.8051600674869845,0.0972222222222221,1.0,4,0.1374254057592249,2,430.0
degree-preserving + length-constrained (25%),0.806911270259965,0.0972222222222221,0.9740672927297114,5,0.22291608428054976,4,430.0
degree-preserving + length-constrained (25%),0.8403231601742369,0.0972222222222221,1.0,5,0.24316757765631247,3,430.0
degree-preserving + length-constrained (25%),0.7059393139232926,2.220446049250313e-16,1.0,5,0.1367316045807555,3,430.0
degree-preserving + length-constrained (25%),0.7822147852281329,0.21590909090909083,1.0,5,0.16381276351092355,2,430.0
degree-preserving + length-constrained (25%),0.8341681352600347,2.220446049250313e-16,1.0,5,0.16679476971367824,2,430.0
degree-preserving + length-constrained (25%),0.875,2.220446049250313e-16,1.0,5,0.23314774636552316,1,430.0
degree-preserving + length-constrained (25%),0.875,0.0972222222222221,1.0,4,0.20811098743078804,1,430.0
degree-preserving + length-constrained (25%),0.8725266342427576,0.17499999999999982,1.0,4,0.14684866207530278,2,430.0
degree-preserving + length-constrained (25%),0.7000820631980249,2.220446049250313e-16,1.0,5,0.1847992945095861,3,430.0
degree-preserving + length-constrained (25%),0.8565592298059383,0.0972222222222221,1.0,5,0.20370800433503633,2,430.0
degree-preserving + length-constrained (25%),0.8642038603711761,0.0972222222222221,1.0,5,0.1223152766165998,2,430.0
degree-preserving + length-constrained (25%),0.875,0.23863636363636354,1.0,4,0.2244492297498759,1,430.0
degree-preserving + length-constrained (25%),0.861891925363345,0.17499999999999982,1.0,5,0.1753952401909339,3,430.0
degree-preserving + length-constrained (25%),0.675145028950203,2.220446049250313e-16,1.0,5,0.20969660916121358,3,430.0
degree-preserving + length-constrained (25%),0.8340686822546324,0.0972222222222221,1.0,5,0.22347514820526604,2,430.0
degree-preserving + length-constrained (25%),0.7497620261709101,0.1499999999999999,0.9932163972177402,5,0.2563417030775982,4,430.0
degree-preserving + length-constrained (25%),0.8519315274019337,0.0972222222222221,1.0,4,0.2631984585741811,3,430.0
degree-preserving + length-constrained (25%),0.8163218062385558,0.0972222222222221,0.981515461045966,5,0.14697528084891132,4,430.0
degree-preserving + length-constrained (25%),0.7771282801861845,2.220446049250313e-16,1.0,5,0.24094335797988375,2,430.0
degree-preserving + length-constrained (25%),0.8580258265678471,0.0972222222222221,1.0,4,0.17482850336296052,2,430.0
degree-preserving + length-constrained (25%),0.6687750411486268,2.220446049250313e-16,1.0,5,0.13390739236393168,3,430.0
degree-preserving + length-constrained (25%),0.734773758275264,0.1499999999999999,1.0,5,0.15009097161588036,3,430.0
degree-preserving + length-constrained (25%),0.8707114258727116,0.0972222222222221,1.0,5,0.15397024852730679,2,430.0
degree-preserving + length-constrained (25%),0.7941560426428373,0.21590909090909083,1.0,5,0.12912015386936204,3,430.0
degree-preserving + length-constrained (25%),0.873477433094684,0.17499999999999982,1.0,5,0.3110172277829828,2,430.0
degree-preserving + length-constrained (25%),0.8720100803007005,0.0972222222222221,1.0,5,0.2252018954815459,2,430.0
degree-preserving + length-constrained (25%),0.8480746327094091,0.0972222222222221,1.0,5,0.20649356023631527,3,430.0
degree-preserving + length-constrained (25%),0.8663504727341895,0.0972222222222221,1.0,5,0.23084633624821926,2,430.0
degree-preserving + length-constrained (25%),0.875,2.220446049250313e-16,1.0,4,0.20954049424700472,1,430.0
degree-preserving + length-constrained (25%),0.7494195839100903,2.220446049250313e-16,1.0,5,0.2553037857167417,3,430.0
degree-preserving + length-constrained (25%),0.619011046192137,0.2916666666666665,0.8710472038484208,5,0.19628686457120692,4,430.0
degree-preserving + length-constrained (25%),0.6385521561198939,0.17045454545454541,0.9800427247171744,5,0.15895911352916692,4,430.0
degree-preserving + length-constrained (25%),0.8637937044664663,0.0972222222222221,1.0,5,0.1499808738435371,2,430.0
degree-preserving + length-constrained (25%),0.6806913442299014,2.220446049250313e-16,1.0,5,0.2592395730217635,3,430.0
degree-preserving + length-constrained (25%),0.798178661740844,2.220446049250313e-16,1.0,5,0.18698839541076306,3,430.0
degree-preserving + length-constrained (25%),0.68348203599004,2.220446049250313e-16,1.0,5,0.1923334661074535,3,430.0
degree-preserving + length-constrained (25%),0.7740619167582437,2.220446049250313e-16,1.0,5,0.20130954767154396,2,430.0
degree-preserving + length-constrained (25%),0.7821011804085327,2.220446049250313e-16,1.0,5,0.1841716258487831,3,430.0
degree-preserving + length-constrained (25%),0.8505505381736975,0.0972222222222221,1.0,5,0.3114379864393251,2,430.0
degree-preserving + length-constrained (25%),0.875,0.0972222222222221,1.0,4,0.17350585455144163,1,430.0
degree-preserving + length-constrained (25%),0.8189319916255695,0.0972222222222221,0.9902370406647898,5,0.20894521558371892,4,430.0
degree-preserving + length-constrained (25%),0.7759150727178472,0.1499999999999999,1.0,5,0.35531628210865907,2,430.0
degree-preserving + length-constrained (25%),0.870269549646933,0.23863636363636354,1.0,5,0.21372648265612737,2,430.0
degree-preserving + length-constrained (25%),0.7874694147344563,0.21590909090909083,1.0,5,0.24237098848396366,3,430.0
degree-preserving + length-constrained (25%),0.875,2.220446049250313e-16,1.0,5,0.15373193938682006,1,430.0
degree-preserving + length-constrained (25%),0.7631855035440815,0.21590909090909083,1.0,5,0.1549505420070677,3,430.0
degree-preserving + length-constrained (25%),0.8257862572996819,0.0972222222222221,1.0,5,0.19047619047619035,3,430.0
degree-preserving + length-constrained (25%),0.6819023789937153,2.220446049250313e-16,1.0,5,0.17895853137733542,3,430.0
degree-preserving + length-constrained (25%),0.8080048526388124,2.220446049250313e-16,1.0,4,0.2529337416751738,2,430.0
degree-preserving + length-constrained (25%),0.875,2.220446049250313e-16,1.0,4,0.15294209405146653,1,430.0
degree-preserving + length-constrained (25%),0.7566003360669287,2.220446049250313e-16,1.0,4,0.19294837641977813,2,430.0
degree-preserving + length-constrained (25%),0.8556155366513949,0.0972222222222221,1.0,4,0.21802719351363453,2,430.0
degree-preserving + length-constrained (25%),0.740048835130938,2.220446049250313e-16,1.0,5,0.20169325952458472,3,430.0
degree-preserving + length-constrained (25%),0.8046176377586258,0.27083333333333326,1.0,5,0.22690421112551018,3,430.0
degree-preserving + length-constrained (25%),0.7862836658277439,2.220446049250313e-16,1.0,5,0.1737673712090987,3,430.0
degree-preserving + length-constrained (25%),0.8665289949648787,0.0972222222222221,1.0,4,0.1285121289727228,2,430.0
degree-preserving + length-constrained (25%),0.7465423144701424,0.1499999999999999,1.0,4,0.21271766396337155,3,430.0
degree-preserving + length-constrained (25%),0.8583419393542184,0.0972222222222221,1.0,5,0.13052162808212453,3,430.0
degree-preserving + length-constrained (25%),0.8476770215514948,0.0972222222222221,1.0,5,0.13328367515789108,3,430.0
degree-preserving + length-constrained (25%),0.8474016565277012,0.0972222222222221,1.0,4,0.23699056982634736,3,430.0
degree-preserving + length-constrained (25%),0.7459735971878645,2.220446049250313e-16,1.0,5,0.24267952985936536,3,430.0
degree-preserving + length-constrained (25%),0.7720797720797863,2.220446049250313e-16,1.0,4,0.1603136882129278,2,430.0
degree-preserving + length-constrained (25%),0.875,0.0972222222222221,1.0,4,0.16216239873255045,1,430.0
degree-preserving + length-constrained (25%),0.7996896558913891,0.0972222222222221,1.0,5,0.2284552962023625,3,430.0
degree-preserving + length-constrained (25%),0.8692856832374696,0.23863636363636354,1.0,5,0.31777230979121496,3,430.0
degree-preserving + length-constrained (25%),0.7415781156810279,0.1499999999999999,1.0,5,0.1827899467457046,3,430.0
degree-preserving + length-constrained (25%),0.783794672677699,0.21590909090909083,1.0,5,0.2512381448392177,3,430.0
degree-preserving + length-constrained (25%),0.7776497503039759,2.220446049250313e-16,1.0,5,0.15763477212692523,2,430.0
degree-preserving + length-constrained (25%),0.7980827106220303,2.220446049250313e-16,1.0,5,0.206663841163238,3,430.0
degree-preserving + length-constrained (25%),0.8184006375309238,0.0972222222222221,1.0,5,0.18444861361764142,2,430.0
degree-preserving + length-constrained (25%),0.8144336272502892,0.0972222222222221,1.0,5,0.22339838321988914,3,430.0
degree-preserving + length-constrained (25%),0.7617582212490235,0.1499999999999999,1.0,5,0.14264455833584555,3,430.0
degree-preserving + length-constrained (25%),0.6604196907390585,0.22916666666666652,0.9726633346822773,5,0.17105735738993144,4,430.0
degree-preserving + length-constrained (25%),0.79721742584811,2.220446049250313e-16,1.0,5,0.22027409355448158,3,430.0
degree-preserving + length-constrained (25%),0.875,2.220446049250313e-16,1.0,4,0.21477223842072557,1,430.0
degree-preserving + length-constrained (25%),0.8722403511553445,0.0972222222222221,1.0,5,0.24765954983271288,2,430.0
degree-preserving + length-constrained (25%),0.875,2.220446049250313e-16,1.0,4,0.2753404429860541,1,430.0
degree-preserving + length-constrained (25%),0.7637585474925295,0.21590909090909083,1.0,5,0.1644005654430386,3,430.0
degree-preserving + length-constrained (25%),0.8065896355186655,0.27083333333333326,1.0,5,0.17830991678521635,2,430.0
degree-preserving + length-constrained (25%),0.8606643940118173,2.220446049250313e-16,1.0,5,0.19255919920502196,2,430.0
degree-preserving + length-constrained (25%),0.754406751656616,2.220446049250313e-16,1.0,5,0.26576740963159706,2,430.0
degree-preserving + length-constrained (25%),0.8026200076645287,0.27083333333333326,1.0,5,0.20015014723175162,2,430.0
degree-preserving + length-constrained (25%),0.7517983304617892,0.1499999999999999,0.9934817546486625,5,0.22340890104047995,4,430.0
degree-preserving + length-constrained (25%),0.7779095983382076,0.21590909090909083,1.0,5,0.16015099294272117,3,430.0
degree-preserving + length-constrained (25%),0.7628098780227555,0.21590909090909083,1.0,5,0.21996194865488972,3,430.0
degree-preserving + length-constrained (25%),0.750044953528562,2.220446049250313e-16,1.0,5,0.22912257071387343,2,430.0
degree-preserving + length-constrained (25%),0.8628322701927253,2.220446049250313e-16,1.0,5,0.20818959891103705,2,430.0
degree-preserving + length-constrained (25%),0.7360268455151033,2.220446049250313e-16,1.0,5,0.22687669602140914,3,430.0
degree-preserving + length-constrained (25%),0.7935194581944087,0.21590909090909083,1.0,5,0.20556773636303227,3,430.0
degree-preserving + length-constrained (25%),0.6289174862367544,0.17045454545454541,1.0,5,0.16142157190475737,3,430.0
degree-preserving + length-constrained (25%),0.7125985259456169,2.220446049250313e-16,0.9464539171897799,5,0.1829639246084015,4,430.0
degree-preserving + length-constrained (25%),0.762784837951558,2.220446049250313e-16,1.0,5,0.19608540254945628,2,430.0
degree-preserving + length-constrained (25%),0.6964224584933056,2.220446049250313e-16,1.0,5,0.1987342851458509,3,430.0
degree-preserving + length-constrained (25%),0.7919902208888046,2.220446049250313e-16,1.0,5,0.14891526413075207,2,430.0
degree-preserving + length-constrained (25%),0.8044946735542957,2.220446049250313e-16,1.0,5,0.1697552120741055,2,430.0
degree-preserving + length-constrained (25%),0.7773674617696693,0.0972222222222221,0.9885272760411722,5,0.13240708848969363,4,430.0
degree-preserving + length-constrained (25%),0.875,0.0972222222222221,1.0,4,0.13927152270293974,1,430.0
degree-preserving + length-constrained (25%),0.7776258913256537,0.21590909090909083,1.0,5,0.1730630257363921,2,430.0
degree-preserving + length-constrained (25%),0.875,0.17499999999999982,1.0,4,0.19097334148019485,1,430.0
degree-preserving + length-constrained (25%),0.8016158076133708,2.220446049250313e-16,1.0,5,0.14045167718365992,2,430.0
degree-preserving + length-constrained (25%),0.7732662012588785,0.21590909090909083,1.0,5,0.18094365776364962,3,430.0
degree-preserving + length-constrained (25%),0.8159722339524684,0.0972222222222221,1.0,5,0.21760078137148198,3,430.0
degree-preserving + length-constrained (25%),0.866294671324525,0.0972222222222221,1.0,4,0.20088638428673622,2,430.0
degree-preserving + length-constrained (25%),0.6973719143775452,2.220446049250313e-16,1.0,5,0.22428966917142767,3,430.0
degree-preserving + length-constrained (25%),0.8491929261385427,0.0972222222222221,1.0,5,0.1902976585458337,3,430.0
degree-preserving + length-constrained (25%),0.875,2.220446049250313e-16,1.0,4,0.2287276582290253,1,430.0
degree-preserving + length-constrained (25%),0.7410766443533414,0.1499999999999999,0.9873862318072567,5,0.12999257369797568,4,430.0
degree-preserving + length-constrained (25%),0.7479259725255705,0.1499999999999999,1.0,5,0.23714401208843028,3,430.0
degree-preserving + length-constrained (25%),0.7574562975443222,0.21590909090909083,1.0,5,0.25744008971069754,3,430.0
degree-preserving + length-constrained (25%),0.7110026910529845,2.220446049250313e-16,1.0,5,0.22009964021444928,3,430.0
degree-preserving + length-constrained (25%),0.7733127423815542,0.0972222222222221,0.9362768097129183,5,0.21479200790307518,4,430.0
degree-preserving + length-constrained (25%),0.8509448016053414,0.0972222222222221,1.0,5,0.3192942215226926,3,430.0
degree-preserving + length-constrained (25%),0.8474229081700586,0.0972222222222221,1.0,5,0.1591549762875999,3,430.0
degree-preserving + length-constrained (25%),,2.220446049250313e-16,,4,0.24949902661227752,0,430.0
degree-preserving + length-constrained (25%),0.7421921071661144,0.1499999999999999,1.0,5,0.18519860069202843,3,430.0
degree-preserving + length-constrained (25%),0.7831119269467175,2.220446049250313e-16,1.0,5,0.1499737979824446,2,430.0
degree-preserving + length-constrained (25%),0.7503551024203263,2.220446049250313e-16,1.0,5,0.14809355345911945,2,430.0
degree-preserving + length-constrained (25%),0.6975374516063124,0.0972222222222221,0.9036747795103753,5,0.20780571461511854,4,430.0
degree-preserving + length-constrained (25%),0.7645610885894076,0.1499999999999999,1.0,5,0.1838667863196729,2,430.0
degree-preserving + length-constrained (25%),0.8669288122490624,0.0972222222222221,1.0,5,0.12239989692640263,2,430.0
degree-preserving + length-constrained (25%),0.6775874292755559,2.220446049250313e-16,0.9031866135357545,5,0.1848293743885876,4,430.0
degree-preserving + length-constrained (25%),0.875,2.220446049250313e-16,1.0,4,0.1903001961080103,1,430.0
degree-preserving + length-constrained (25%),0.7470424937824636,0.25,1.0,5,0.1703952391918262,3,430.0
degree-preserving + length-constrained (25%),0.7537714725848417,0.1499999999999999,1.0,5,0.2876730509820199,2,430.0
degree-preserving + length-constrained (25%),0.8369083165363691,2.220446049250313e-16,1.0,5,0.22687691981293068,2,430.0
degree-preserving + length-constrained (25%),0.8599553485428582,0.0972222222222221,1.0,5,0.19473516979751393,2,430.0
degree-preserving + length-constrained (25%),0.6391322820096115,0.17045454545454541,1.0,5,0.2580729018962813,3,430.0
degree-preserving + length-constrained (25%),0.7335301788116702,2.220446049250313e-16,1.0,5,0.18823205214224092,3,430.0
degree-preserving + length-constrained (25%),0.7028381646294544,0.1499999999999999,1.0,5,0.13354973336424747,3,430.0
degree-preserving + length-constrained (25%),0.875,0.0972222222222221,1.0,4,0.17918309312996827,1,430.0
degree-preserving + length-constrained (25%),0.8014316651141666,0.21590909090909083,1.0,5,0.2673118362136403,2,430.0
degree-preserving + length-constrained (25%),0.71743494964064,0.25,0.9739524089686705,5,0.16034760533125025,4,430.0
degree-preserving + length-constrained (25%),0.8096350909059671,2.220446049250313e-16,1.0,5,0.14151827553889418,2,430.0
degree-preserving + length-constrained (25%),0.8569341270359565,2.220446049250313e-16,1.0,5,0.2537825041811116,2,430.0
degree-preserving + length-constrained (25%),0.8180987468725645,0.0972222222222221,1.0,5,0.20516580033959386,3,430.0
degree-preserving + length-constrained (25%),0.798721603347335,0.21590909090909083,1.0,5,0.18679614075023887,2,430.0
degree-preserving + length-constrained (25%),0.5124222450699911,0.16666666666666652,0.7671535885256962,5,0.21032626976118407,4,430.0
degree-preserving + length-constrained (25%),0.8582916052936513,0.0972222222222221,1.0,5,0.2283813049281056,3,430.0
degree-preserving + length-constrained (25%),0.7548341876338425,2.220446049250313e-16,1.0,5,0.24836802828911564,3,430.0
degree-preserving + length-constrained (25%),0.7539492036509436,2.220446049250313e-16,1.0,4,0.23371213383543843,3,430.0
degree-preserving + length-constrained (25%),0.7542184135978423,0.1499999999999999,1.0,5,0.20786938074880168,3,430.0
degree-preserving + length-constrained (25%),0.806435842563507,2.220446049250313e-16,1.0,5,0.23166349508026063,2,430.0
degree-preserving + length-constrained (25%),0.8481741697267176,0.17499999999999982,1.0,5,0.19124338535171403,3,430.0
degree-preserving + length-constrained (25%),0.875,0.0972222222222221,1.0,5,0.14205731179471337,1,430.0
degree-preserving + length-constrained (25%),0.8644368214149156,0.17499999999999982,1.0,5,0.2181637185083085,2,430.0
degree-preserving + length-constrained (25%),0.8183439774699615,0.0972222222222221,0.9892447555873062,5,0.13104822216554624,4,430.0
degree-preserving + length-constrained (25%),0.7389384325206638,0.1499999999999999,0.9815892036871682,5,0.2874920381408701,4,430.0
degree-preserving + length-constrained (25%),0.8672881513485324,0.0972222222222221,1.0,5,0.1430312055777433,2,430.0
degree-preserving + length-constrained (25%),0.875,0.0972222222222221,1.0,5,0.12669102446997738,1,430.0
degree-preserving + length-constrained (25%),0.8696930648168419,0.0972222222222221,1.0,4,0.1372145345461584,2,430.0
degree-preserving + length-constrained (25%),0.8053788611925408,2.220446049250313e-16,1.0,5,0.16058568682395913,2,430.0
degree-preserving + length-constrained (25%),0.7519813505447501,0.1499999999999999,1.0,5,0.22194927008157217,3,430.0
degree-preserving + length-constrained (25%),0.8548779684366976,0.0972222222222221,1.0,5,0.1548254052921343,3,430.0
degree-preserving + length-constrained (25%),0.8557369962219656,0.23863636363636354,1.0,5,0.25053076534935304,3,430.0
degree-preserving + length-constrained (25%),0.8494823138083283,0.0972222222222221,1.0,5,0.15703228869895536,3,430.0
degree-preserving + length-constrained (25%),0.8386166319434323,2.220446049250313e-16,1.0,5,0.17938467503238797,2,430.0
degree-preserving + length-constrained (25%),0.8703862570902909,0.0972222222222221,1.0,4,0.20235972933080304,2,430.0
degree-preserving + length-constrained (25%),0.7847498320860433,0.21590909090909083,1.0,4,0.25202505461364477,3,430.0
degree-preserving + length-constrained (25%),0.7673615939259786,0.21590909090909083,1.0,5,0.14837282568622856,3,430.0
degree-preserving + length-constrained (25%),0.8537040944122838,0.17499999999999982,1.0,5,0.29297281838006606,3,430.0
degree-preserving + length-constrained (25%),0.7546399082204567,0.1499999999999999,1.0,5,0.3152358272786918,2,430.0
degree-preserving + length-constrained (25%),0.784187244012647,0.21590909090909083,1.0,5,0.17364799244583273,3,430.0
degree-preserving + length-constrained (25%),0.8086972521403952,0.27083333333333326,1.0,4,0.19540806574923564,2,430.0
degree-preserving + length-constrained (25%),0.8376889662268181,0.17499999999999982,1.0,5,0.2870475169277814,3,430.0
degree-preserving + length-constrained (25%),0.7572312123028564,0.1499999999999999,1.0,5,0.19427640426690818,2,430.0
degree-preserving + length-constrained (25%),0.8453364962287679,2.220446049250313e-16,1.0,5,0.16357531701274575,2,430.0
degree-preserving + length-constrained (25%),0.8377494654785209,0.0972222222222221,0.9830327654312463,5,0.1589592736256712,4,430.0
degree-preserving + length-constrained (25%),0.875,0.17499999999999982,1.0,4,0.20770980486052915,1,430.0
degree-preserving + length-constrained (25%),0.6861276297071404,0.22916666666666652,1.0,5,0.2094918832279441,3,430.0
degree-preserving + length-constrained (25%),0.875,2.220446049250313e-16,1.0,5,0.2165297938517884,1,430.0
degree-preserving + length-constrained (25%),0.875,2.220446049250313e-16,1.0,4,0.14232787036727257,1,430.0
degree-preserving + length-constrained (25%),0.8423393540108315,0.0972222222222221,1.0,5,0.1660934372060492,2,430.0
degree-preserving + length-constrained (25%),0.8520192928895085,2.220446049250313e-16,1.0,5,0.13158461060232884,2,430.0
degree-preserving + length-constrained (25%),0.7754571114176063,2.220446049250313e-16,1.0,5,0.2353424320319637,2,430.0
degree-preserving + length-constrained (25%),0.7618355428820001,2.220446049250313e-16,1.0,5,0.30557279110433133,3,430.0
degree-preserving + length-constrained (25%),0.7487270641092636,0.1499999999999999,1.0,5,0.15690644595176062,3,430.0
degree-preserving + length-constrained (25%),0.7711179790227536,2.220446049250313e-16,1.0,5,0.21136271678316798,3,430.0
degree-preserving + length-constrained (25%),0.7433463913937122,2.220446049250313e-16,1.0,5,0.15993081196154746,3,430.0
degree-preserving + length-constrained (25%),0.875,2.220446049250313e-16,1.0,4,0.17245457830929467,1,430.0
degree-preserving + length-constrained (25%),0.8194370146804351,0.3173076923076923,1.0,5,0.2351345732671305,3,430.0
degree-preserving + length-constrained (25%),0.875,2.220446049250313e-16,1.0,5,0.1117751998626243,1,430.0
degree-preserving + length-constrained (25%),0.8430352521593258,0.0972222222222221,1.0,5,0.19225444957152282,2,430.0
degree-preserving + length-constrained (25%),0.7885050461978989,0.0972222222222221,0.9667986384489476,5,0.17984563148767918,4,430.0
degree-preserving + length-constrained (25%),0.6485272074353945,0.17045454545454541,1.0,5,0.1643049147701574,3,430.0
degree-preserving + length-constrained (25%),0.7891597753527893,2.220446049250313e-16,1.0,5,0.23375319156999197,2,430.0
degree-preserving + length-constrained (25%),0.8306869059407143,0.0972222222222221,1.0,5,0.2102340730276453,3,430.0
degree-preserving + length-constrained (25%),0.875,2.220446049250313e-16,1.0,5,0.15343627612328337,1,430.0
degree-preserving + length-constrained (25%),0.8717394103384017,0.0972222222222221,1.0,4,0.22481098595895688,2,430.0
degree-preserving + length-constrained (25%),0.740526741729117,0.27884615384615374,1.0,5,0.23744737976068164,3,430.0
degree-preserving + length-constrained (25%),0.7605749313327377,0.1499999999999999,1.0,4,0.14664614961063482,2,430.0
degree-preserving + length-constrained (25%),0.7744754754822061,2.220446049250313e-16,1.0,5,0.1980101939872435,3,430.0
degree-preserving + length-constrained (25%),0.8246529660151602,0.0972222222222221,1.0,4,0.13735920052776895,3,430.0
degree-preserving + length-constrained (25%),0.7936441389717324,0.21590909090909083,1.0,4,0.20671257118334319,2,430.0
degree-preserving + length-constrained (25%),0.875,0.0972222222222221,1.0,5,0.266736258065738,1,430.0
degree-preserving + length-constrained (25%),0.7974290412424565,2.220446049250313e-16,1.0,5,0.21450630522432867,2,430.0
degree-preserving + length-constrained (25%),0.7575439420367636,0.1499999999999999,1.0,5,0.21653387498986787,2,430.0
degree-preserving + length-constrained (25%),0.7900556656073587,0.0972222222222221,0.9657960987573462,5,0.1884842334723945,4,430.0
degree-preserving + length-constrained (25%),0.6461950462052268,2.220446049250313e-16,0.9293770251175051,5,0.22021923488169004,4,430.0
degree-preserving + length-constrained (25%),0.8169532172859286,2.220446049250313e-16,1.0,4,0.1917499087379284,2,430.0
degree-preserving + length-constrained (25%),0.875,0.0972222222222221,1.0,5,0.1791906669039267,1,430.0
degree-preserving + length-constrained (25%),0.809353311837467,0.0972222222222221,1.0,5,0.2013121266670167,2,430.0
degree-preserving + length-constrained (25%),0.8559849072361752,0.0972222222222221,1.0,4,0.1568470621642729,2,430.0
degree-preserving + length-constrained (25%),0.875,2.220446049250313e-16,1.0,4,0.15494805281218205,1,430.0
degree-preserving + length-constrained (25%),0.6698014919467987,0.22916666666666652,0.984975886699899,5,0.22663498669391557,4,430.0
degree-preserving + length-constrained (25%),0.7583204083115245,0.3583333333333334,0.990870647022362,5,0.20501671241697728,4,430.0
degree-preserving + length-constrained (25%),0.613711191151399,0.2916666666666665,0.8535849330713235,5,0.19019407861430981,4,430.0
degree-preserving + length-constrained (25%),0.802199372490477,0.0972222222222221,0.9837055707722042,5,0.2372669181843322,4,430.0
degree-preserving + length-constrained (25%),0.7948491920360088,2.220446049250313e-16,1.0,4,0.1856690172917156,2,430.0
degree-preserving + length-constrained (25%),0.6714370508683418,2.220446049250313e-16,0.9299390029441335,5,0.15011172437501186,4,430.0
degree-preserving + length-constrained (25%),0.8182102994363882,0.0972222222222221,1.0,5,0.19178488373517733,3,430.0
degree-preserving + length-constrained (25%),0.8160837611016927,0.0972222222222221,1.0,5,0.1515210927033297,3,430.0
degree-preserving + length-constrained (25%),0.875,0.0972222222222221,1.0,4,0.23670715249662622,1,430.0
degree-preserving + length-constrained (25%),0.8397473706422118,0.0972222222222221,1.0,5,0.1910115329168669,2,430.0
degree-preserving + length-constrained (25%),0.7550005914698814,2.220446049250313e-16,1.0,5,0.21963716805793232,2,430.0
degree-preserving + length-constrained (25%),0.7320417671054544,2.220446049250313e-16,1.0,5,0.21984737867926396,3,430.0
degree-preserving + length-constrained (25%),0.748118264976857,0.3214285714285714,1.0,5,0.1489284830487504,3,430.0
degree-preserving + length-constrained (25%),0.7517471864900804,0.1499999999999999,0.9938269464449331,5,0.14927669013405354,4,430.0
degree-preserving + length-constrained (25%),0.8644205057234828,0.17499999999999982,1.0,5,0.20926461796006224,2,430.0
degree-preserving + length-constrained (25%),0.7294301066311746,0.1499999999999999,1.0,5,0.1480017503618537,3,430.0
degree-preserving + length-constrained (25%),0.7757289562158194,2.220446049250313e-16,1.0,5,0.14668363076304947,2,430.0
degree-preserving + length-constrained (25%),0.8594483429240707,0.0972222222222221,1.0,5,0.21451873692219903,3,430.0
degree-preserving + length-constrained (25%),0.6559791628154474,2.220446049250313e-16,0.9237961374130167,5,0.12341883095348649,4,430.0
degree-preserving + length-constrained (25%),0.7230085912560393,0.1499999999999999,1.0,5,0.2400650564713065,3,430.0
degree-preserving + length-constrained (25%),0.731629784154439,0.1499999999999999,0.9866599593939894,5,0.3016825311703981,4,430.0
degree-preserving + length-constrained (25%),0.8438393367626216,0.17499999999999982,1.0,5,0.25677182111678953,3,430.0
degree-preserving + length-constrained (25%),0.5944652345061703,2.220446049250313e-16,0.8381168543992504,5,0.22384844933841297,4,430.0
degree-preserving + length-constrained (25%),0.7744358095896655,2.220446049250313e-16,1.0,5,0.16982434426619697,3,430.0
degree-preserving + length-constrained (25%),0.8183098983192527,0.0972222222222221,0.9711811672966189,5,0.12744176679868435,4,430.0
degree-preserving + length-constrained (25%),0.7531173216413949,2.220446049250313e-16,1.0,5,0.1461349441833374,2,430.0
degree-preserving + length-constrained (25%),0.7432485358202305,2.220446049250313e-16,1.0,5,0.17990543167798778,3,430.0
degree-preserving + length-constrained (25%),0.8532026420994663,0.0972222222222221,1.0,4,0.17171220805239118,3,430.0
degree-preserving + length-constrained (25%),0.7036748182501222,0.3035714285714284,0.984223664116925,5,0.22118472857492188,4,430.0
degree-preserving + length-constrained (25%),0.8662552487005426,0.0972222222222221,1.0,5,0.14005242451488298,2,430.0
degree-preserving + length-constrained (25%),0.8417392621038975,2.220446049250313e-16,1.0,5,0.2693511714502257,2,430.0
degree-preserving + length-constrained (25%),0.875,2.220446049250313e-16,1.0,4,0.2102171830034626,1,430.0
degree-preserving + length-constrained (25%),0.6934236656950374,2.220446049250313e-16,1.0,4,0.1931864232552164,3,430.0
degree-preserving + length-constrained (25%),0.8180769540600672,0.0972222222222221,1.0,5,0.2706502215303557,3,430.0
degree-preserving + length-constrained (25%),0.7653549658591203,0.1499999999999999,1.0,5,0.17301649272491804,2,430.0
degree-preserving + length-constrained (25%),0.6613259940471061,2.220446049250313e-16,1.0,5,0.18824277727561856,3,430.0
degree-preserving + length-constrained (25%),0.7636513394521616,2.220446049250313e-16,0.938132830088458,5,0.1895628668446464,4,430.0
degree-preserving + length-constrained (25%),0.7601979578996518,0.1499999999999999,1.0,5,0.23375629971388046,2,430.0
degree-preserving + length-constrained (25%),0.8415291318413787,0.0972222222222221,1.0,4,0.1756800359817745,2,430.0
degree-preserving + length-constrained (25%),0.8732813333553315,0.17499999999999982,1.0,5,0.21349570966722575,2,430.0
degree-preserving + length-constrained (25%),0.8633573613790932,0.0972222222222221,1.0,5,0.2089100781144636,2,430.0
degree-preserving + length-constrained (25%),0.744443875548773,0.3214285714285714,0.9951957849503626,5,0.10694780797480608,4,430.0
degree-preserving + length-constrained (25%),0.8540095439299635,0.33653846153846145,1.0,5,0.17054712504989278,3,430.0
degree-preserving + length-constrained (25%),0.7910823846091668,0.17499999999999982,0.963560916812199,5,0.16705649644099851,4,430.0
degree-preserving + length-constrained (25%),0.6454198474371753,0.17045454545454541,1.0,5,0.145358737283794,3,430.0
degree-preserving + length-constrained (25%),0.875,2.220446049250313e-16,1.0,5,0.1450130414018589,1,430.0
degree-preserving + length-constrained (25%),0.8593713677321904,0.0972222222222221,1.0,5,0.1800842945654273,3,430.0
degree-preserving + length-constrained (25%),0.7816241218248401,0.1499999999999999,1.0,5,0.26217991179490696,3,430.0
degree-preserving + length-constrained (25%),0.7584284322160895,2.220446049250313e-16,1.0,5,0.22788139307984911,3,430.0
degree-preserving + length-constrained (25%),0.875,2.220446049250313e-16,1.0,4,0.20852253103956486,1,430.0
degree-preserving + length-constrained (25%),0.6720088036743053,2.220446049250313e-16,1.0,5,0.24880893005581284,3,430.0
degree-preserving + length-constrained (25%),0.760224080991319,0.21590909090909083,0.9925786132234328,5,0.183037516868652,4,430.0
degree-preserving + length-constrained (25%),0.7592683256022728,0.1499999999999999,1.0,5,0.16825666720645716,2,430.0
degree-preserving + length-constrained (25%),0.8304152974451973,2.220446049250313e-16,1.0,4,0.1688341881639568,2,430.0
degree-preserving + length-constrained (25%),0.6642704086043119,0.22916666666666652,1.0,5,0.1235041651590374,3,430.0
degree-preserving + length-constrained (25%),0.8719889001665688,0.0972222222222221,1.0,5,0.24266952765032135,2,430.0
degree-preserving + length-constrained (25%),0.8535982528394335,0.0972222222222221,1.0,4,0.2372990658637204,2,430.0
degree-preserving + length-constrained (25%),0.8171184897949588,0.0972222222222221,0.9801318254125044,5,0.15011755485893408,4,430.0
degree-preserving + length-constrained (25%),0.7695477522746004,2.220446049250313e-16,1.0,5,0.20454545454545459,2,430.0
degree-preserving + length-constrained (25%),0.8475135547592707,0.0972222222222221,1.0,5,0.15778344009715894,3,430.0
degree-preserving + length-constrained (25%),0.7716797297784896,0.2980769230769229,1.0,5,0.21139894829358397,3,430.0
degree-preserving + length-constrained (25%),0.8655598079134235,0.0972222222222221,1.0,5,0.15628906576369084,3,430.0
degree-preserving + length-constrained (25%),0.875,0.0972222222222221,1.0,4,0.16639179658320324,1,430.0
degree-preserving + length-constrained (25%),0.8200426420267033,2.220446049250313e-16,1.0,5,0.15399454533359958,2,430.0
degree-preserving + length-constrained (25%),0.7520633295570871,0.1499999999999999,1.0,5,0.11741122565864837,2,430.0
degree-preserving + length-constrained (25%),0.7505347170191818,0.21590909090909083,0.9806205595111366,5,0.17584050569891907,4,430.0
degree-preserving + length-constrained (25%),0.875,2.220446049250313e-16,1.0,5,0.15647561241381225,1,430.0
degree-preserving + length-constrained (25%),0.875,0.0972222222222221,1.0,4,0.13677791084113688,1,430.0
degree-preserving + length-constrained (25%),0.6216419624770473,2.220446049250313e-16,0.8659760252557414,5,0.17216021865746922,4,430.0
degree-preserving + length-constrained (25%),0.875,2.220446049250313e-16,1.0,4,0.152367407751398,1,430.0
degree-preserving + length-constrained (25%),0.8599910364462526,0.23863636363636354,1.0,5,0.246870587928409,3,430.0
degree-preserving + length-constrained (25%),0.8084496632637401,0.357142857142857,1.0,5,0.21673964923758615,3,430.0
degree-preserving + length-constrained (25%),0.875,2.220446049250313e-16,1.0,4,0.17961388186623772,1,430.0
degree-preserving + length-constrained (25%),0.8669288715966708,0.0972222222222221,1.0,4,0.2266449389576043,2,430.0
degree-preserving + length-constrained (25%),0.875,2.220446049250313e-16,1.0,5,0.12871041823500806,1,430.0
degree-preserving + length-constrained (25%),0.8681239804244234,0.0972222222222221,1.0,5,0.13683155905452005,2,430.0
degree-preserving + length-constrained (25%),0.875,0.17499999999999982,1.0,4,0.14105245788663978,1,430.0
degree-preserving + length-constrained (25%),0.8215685908063382,0.0972222222222221,0.9896194335044686,5,0.21795031026230194,4,430.0
degree-preserving + length-constrained (25%),0.7638422460543466,0.1499999999999999,1.0,5,0.12153525910236285,3,430.0
degree-preserving + length-constrained (25%),0.8224320883428364,0.0972222222222221,1.0,5,0.18051337716322724,3,430.0
degree-preserving + length-constrained (25%),0.84502091344719,0.0972222222222221,1.0,5,0.19698879118893287,3,430.0
degree-preserving + length-constrained (25%),0.7851257509987157,2.220446049250313e-16,1.0,5,0.15478817982905657,3,430.0
degree-preserving + length-constrained (25%),0.7868960526327857,2.220446049250313e-16,1.0,5,0.16413948704336567,2,430.0
degree-preserving + length-constrained (25%),0.8640983871983434,0.2916666666666665,1.0,5,0.19283425026943335,3,430.0
degree-preserving + length-constrained (25%),0.875,2.220446049250313e-16,1.0,4,0.16688189092548056,1,430.0
degree-preserving + length-constrained (25%),0.8511832175709562,0.0972222222222221,1.0,5,0.2041514194771381,3,430.0
degree-preserving + length-constrained (25%),0.875,2.220446049250313e-16,1.0,4,0.15068071212961232,1,430.0
degree-preserving + length-constrained (25%),0.875,2.220446049250313e-16,1.0,5,0.22550551848608158,1,430.0
degree-preserving + length-constrained (25%),0.6535916738595209,0.17045454545454541,0.9889868118287397,5,0.17353489453313542,4,430.0
degree-preserving + length-constrained (25%),0.7505064824824486,0.1499999999999999,1.0,5,0.23655843944377508,2,430.0
degree-preserving + length-constrained (25%),0.8648101925734022,0.0972222222222221,1.0,4,0.1638141213185098,2,430.0
degree-preserving + length-constrained (25%),0.6550879148755644,0.17045454545454541,0.9927854401286269,5,0.22115539895764513,4,430.0
degree-preserving + length-constrained (25%),0.848112808844272,0.0972222222222221,1.0,5,0.23793048307142128,3,430.0
degree-preserving + length-constrained (25%),0.7546354868050058,0.1499999999999999,1.0,5,0.1275317310288956,2,430.0
degree-preserving + length-constrained (25%),0.8234191007003986,2.220446049250313e-16,1.0,5,0.19049407300164545,2,430.0
degree-preserving + length-constrained (25%),0.8074515645070708,0.0972222222222221,1.0,5,0.22280168677749534,3,430.0
degree-preserving + length-constrained (25%),0.8473594618979052,0.0972222222222221,1.0,4,0.17798483814942212,3,430.0
degree-preserving + length-constrained (25%),0.754952793204124,0.21590909090909083,1.0,5,0.18676282235093955,3,430.0
degree-preserving + length-constrained (25%),0.8445062514006352,0.0972222222222221,1.0,5,0.26269979939170385,3,430.0
degree-preserving + length-constrained (25%),0.8505391280949135,2.220446049250313e-16,1.0,5,0.14893753817468747,2,430.0
degree-preserving + length-constrained (25%),0.7819095518350359,0.1499999999999999,1.0,5,0.2239204186914916,2,430.0
degree-preserving + length-constrained (25%),0.8611562549362028,0.0972222222222221,1.0,4,0.18439304416275082,2,430.0
degree-preserving + length-constrained (25%),0.8164057160919806,0.0972222222222221,1.0,5,0.23624365867663888,3,430.0
degree-preserving + length-constrained (25%),0.7458231470708907,2.220446049250313e-16,1.0,5,0.1727412062965712,3,430.0
degree-preserving + length-constrained (25%),0.6893860692139637,0.34375,1.0,5,0.3406061111274563,3,430.0
degree-preserving + length-constrained (25%),0.7264336040648172,2.220446049250313e-16,1.0,5,0.23032925937728455,3,430.0
degree-preserving + length-constrained (25%),0.8124479872803525,2.220446049250313e-16,1.0,5,0.1493695393536023,2,430.0
degree-preserving + length-constrained (25%),0.8363578125072095,2.220446049250313e-16,1.0,4,0.16374720810227972,2,430.0
degree-preserving + length-constrained (25%),0.7572672384926056,0.1499999999999999,1.0,4,0.20382472312031363,2,430.0
degree-preserving + length-constrained (25%),0.8368047367873317,0.0972222222222221,1.0,5,0.1489271691906947,2,430.0
degree-preserving + length-constrained (25%),0.6924700017186818,2.220446049250313e-16,1.0,5,0.25409809246474513,3,430.0
degree-preserving + length-constrained (25%),0.7539640446676579,2.220446049250313e-16,1.0,4,0.31946031045108525,2,430.0
degree-preserving + length-constrained (25%),0.8066403058221145,2.220446049250313e-16,1.0,5,0.22683000301235068,2,430.0
degree-preserving + length-constrained (25%),0.875,2.220446049250313e-16,1.0,5,0.20473801375552392,1,430.0
degree-preserving + length-constrained (25%),0.875,0.0972222222222221,1.0,5,0.22394732713833543,1,430.0
degree-preserving + length-constrained (25%),0.841597094940677,0.17499999999999982,1.0,5,0.20160106354998075,3,430.0
degree-preserving + length-constrained (25%),0.8581230277159131,0.0972222222222221,1.0,5,0.15926306907601595,2,430.0
degree-preserving + length-constrained (25%),0.8688813568967391,0.0972222222222221,1.0,5,0.14656013115928046,2,430.0
degree-preserving + length-constrained (25%),0.875,0.0972222222222221,1.0,4,0.16999627944800844,1,430.0
degree-preserving + length-constrained (25%),0.7262324157287079,2.220446049250313e-16,1.0,4,0.1501159665007229,3,430.0
degree-preserving + length-constrained (25%),0.847721491602857,0.17499999999999982,1.0,5,0.2154149159663865,3,430.0
degree-preserving + length-constrained (25%),0.5746187002316772,0.22115384615384626,0.8080999535761015,5,0.17396536184931677,4,430.0
degree-preserving + length-constrained (25%),0.7959764404378495,2.220446049250313e-16,1.0,4,0.16632258247391019,3,430.0
degree-preserving + length-constrained (25%),0.8304641475378691,0.0972222222222221,1.0,5,0.18661716642275028,3,430.0
degree-preserving + length-constrained (25%),0.7152694238015265,2.220446049250313e-16,1.0,5,0.16613374444476148,3,430.0
degree-preserving + length-constrained (25%),0.8022534402574939,0.0972222222222221,1.0,5,0.18277764788403095,3,430.0
degree-preserving + length-constrained (25%),0.8720377801422483,0.17499999999999982,1.0,5,0.14230002769818295,2,430.0
degree-preserving + length-constrained (25%),0.8471782571387487,0.0972222222222221,1.0,5,0.21697555580978523,2,430.0
degree-preserving + length-constrained (25%),0.6904820843560584,0.22916666666666652,1.0,5,0.1374447810022872,3,430.0
degree-preserving + length-constrained (25%),0.8664439380608684,0.2916666666666665,1.0,4,0.19179170723326278,2,430.0
degree-preserving + length-constrained (25%),0.8383727761361517,0.0972222222222221,0.9827865423780979,5,0.1367959332298434,4,430.0
degree-preserving + length-constrained (25%),0.6662922482748721,2.220446049250313e-16,1.0,5,0.177981139128501,3,430.0
degree-preserving + length-constrained (25%),0.8638531695437497,0.0972222222222221,1.0,5,0.19370980088443157,2,430.0
degree-preserving + length-constrained (25%),0.7325920510830966,0.1499999999999999,0.9867058286015191,5,0.2573439513597462,4,430.0
degree-preserving + length-constrained (25%),0.7849203508218043,2.220446049250313e-16,1.0,5,0.14545477305159848,3,430.0
degree-preserving + length-constrained (25%),0.754707100782783,0.1499999999999999,1.0,5,0.1653480518607121,2,430.0
degree-preserving + length-constrained (25%),0.8530322529002705,0.0972222222222221,1.0,5,0.21755636924262867,3,430.0
degree-preserving + length-constrained (25%),0.7997759001820686,0.27083333333333326,1.0,5,0.1979282825373615,3,430.0
degree-preserving + length-constrained (25%),0.8285765459951182,2.220446049250313e-16,1.0,4,0.1910584584336834,2,430.0
degree-preserving + length-constrained (25%),0.7218211117101698,2.220446049250313e-16,1.0,5,0.23117935890309438,3,430.0
degree-preserving + length-constrained (25%),0.8249566745370218,2.220446049250313e-16,1.0,5,0.24081955632327945,2,430.0
degree-preserving + length-constrained (25%),0.7490915081165657,0.1499999999999999,1.0,5,0.24802934482545613,3,430.0
degree-preserving + length-constrained (25%),0.8198186000800889,0.0972222222222221,0.977261992125851,5,0.19570914313425603,4,430.0
degree-preserving + length-constrained (25%),0.7569697093716734,2.220446049250313e-16,0.9377485509810916,5,0.1436830211035781,4,430.0
degree-preserving + length-constrained (25%),0.8123944698071421,0.0972222222222221,1.0,4,0.16033193515907207,2,430.0
degree-preserving + length-constrained (25%),0.7421262073409634,0.1499999999999999,0.9913396345746258,5,0.1634769844683741,4,430.0
degree-preserving + length-constrained (25%),0.7953525401867454,0.21590909090909083,1.0,5,0.24437055428200816,3,430.0
degree-preserving + length-constrained (25%),0.7288984816654258,0.1499999999999999,1.0,4,0.2515063750457738,3,430.0
degree-preserving + length-constrained (25%),0.8177927130027678,0.17499999999999982,0.9886142193708061,5,0.19109057984875732,4,430.0
degree-preserving + length-constrained (25%),0.8659280976000376,0.0972222222222221,1.0,5,0.1565636945271769,2,430.0
degree-preserving + length-constrained (25%),0.875,2.220446049250313e-16,1.0,4,0.150446887741701,1,430.0
degree-preserving + length-constrained (25%),0.760553978591346,0.1499999999999999,1.0,4,0.20380554678213825,3,430.0
degree-preserving + length-constrained (25%),0.8369951371673683,0.0972222222222221,1.0,5,0.1985212376947202,2,430.0
degree-preserving + length-constrained (25%),0.8628464693174376,0.0972222222222221,1.0,4,0.14296213718093354,3,430.0
degree-preserving + length-constrained (25%),0.618707562045405,2.220446049250313e-16,0.8726977713059334,5,0.13576187949505025,4,430.0
degree-preserving + length-constrained (25%),0.6978799316890747,0.1499999999999999,1.0,5,0.14650902492474482,3,430.0
degree-preserving + length-constrained (25%),0.7201372642723811,0.1499999999999999,0.989936188251675,5,0.1783923709049171,4,430.0
degree-preserving + length-constrained (25%),0.7879169541223421,0.0972222222222221,0.985304667866734,5,0.15921594939135442,4,430.0
degree-preserving + length-constrained (25%),0.7638825967269949,0.1499999999999999,1.0,5,0.19136620288291062,2,430.0
degree-preserving + length-constrained (25%),0.6524512416232164,0.17045454545454541,1.0,5,0.15507381618931393,3,430.0
degree-preserving + length-constrained (25%),0.8516875775756414,0.0972222222222221,1.0,5,0.23350390648297237,2,430.0
degree-preserving + length-constrained (25%),0.8343273767236756,0.0972222222222221,1.0,4,0.21620189190851846,3,430.0
degree-preserving + length-constrained (25%),0.8169002589011256,2.220446049250313e-16,1.0,5,0.14699937038141642,2,430.0
degree-preserving + length-constrained (25%),0.6613855584694777,2.220446049250313e-16,0.8904523748034965,5,0.20994384956907797,4,430.0
degree-preserving + length-constrained (25%),0.8032762971915979,0.0972222222222221,1.0,5,0.20394722925951403,3,430.0
degree-preserving + length-constrained (25%),0.8287510773136713,0.0972222222222221,1.0,4,0.1520842652821267,3,430.0
degree-preserving + length-constrained (25%),0.8310143928971168,0.0972222222222221,1.0,5,0.25720754123410194,3,430.0
degree-preserving + length-constrained (25%),0.8550574359957397,0.0972222222222221,1.0,4,0.20700854201080776,3,430.0
degree-preserving + length-constrained (25%),0.863378151703277,0.2916666666666665,1.0,5,0.1684233476352477,3,430.0
degree-preserving + length-constrained (25%),0.8099077707312636,0.0972222222222221,1.0,4,0.18603770988164048,2,430.0
degree-preserving + length-constrained (25%),0.784356533373445,0.0972222222222221,0.9775985547707013,5,0.14150682448995155,4,430.0
degree-preserving + length-constrained (25%),0.8317435640270103,0.0972222222222221,1.0,5,0.14659087903553503,3,430.0
degree-preserving + length-constrained (25%),0.6335479823376802,2.220446049250313e-16,0.9017510746304217,5,0.16393662986077773,4,430.0
degree-preserving + length-constrained (25%),0.8320351761437272,0.0972222222222221,1.0,4,0.20958026852917944,3,430.0
degree-preserving + length-constrained (25%),0.6350817057224603,0.17045454545454541,1.0,5,0.15109135395721773,3,430.0
degree-preserving + length-constrained (25%),0.8703702852389565,0.0972222222222221,1.0,5,0.15705650347251987,2,430.0
degree-preserving + length-constrained (25%),0.8502021033874603,0.0972222222222221,0.9889810422652303,5,0.16102955442022904,4,430.0
degree-preserving + length-constrained (25%),0.7716223841905578,0.2980769230769229,0.9966242199489285,5,0.15847332786311008,4,430.0
degree-preserving + length-constrained (25%),0.8597427866445502,0.0972222222222221,1.0,5,0.20233123082168425,2,430.0
degree-preserving + length-constrained (25%),0.745240173136428,0.1499999999999999,1.0,5,0.13509985892108212,3,430.0
degree-preserving + length-constrained (25%),0.6749249472065899,2.220446049250313e-16,1.0,5,0.1593044638955975,3,430.0
degree-preserving + length-constrained (25%),0.8348344497674343,0.17499999999999982,0.9819708014921477,5,0.21376421764525055,4,430.0
degree-preserving + length-constrained (25%),0.6421950557869289,0.17045454545454541,1.0,5,0.2700872284597744,3,430.0
degree-preserving + length-constrained (25%),0.7140234586559695,0.3035714285714284,1.0,5,0.11659460772407104,3,430.0
degree-preserving + length-constrained (25%),0.875,2.220446049250313e-16,1.0,4,0.23192811619836773,1,430.0
degree-preserving + length-constrained (25%),0.8542163627890387,0.0972222222222221,1.0,5,0.2626251781120871,3,430.0
degree-preserving + length-constrained (25%),0.6854833257621691,0.22916666666666652,0.9810796941617784,5,0.13973929992307355,4,430.0
degree-preserving + length-constrained (25%),0.8368202940629443,0.0972222222222221,0.9892520386885651,5,0.24959423673794823,4,430.0
degree-preserving + length-constrained (25%),0.875,0.0972222222222221,1.0,4,0.2231669167328607,1,430.0
degree-preserving + length-constrained (25%),0.7723191670052572,0.21590909090909083,1.0,5,0.22828582079303106,3,430.0
degree-preserving + length-constrained (25%),0.875,2.220446049250313e-16,1.0,5,0.22197038824949222,1,430.0
degree-preserving + length-constrained (25%),0.875,2.220446049250313e-16,1.0,4,0.15340909090909083,1,430.0
degree-preserving + length-constrained (25%),0.7499957431500504,0.1499999999999999,1.0,5,0.22483018009909717,3,430.0
degree-preserving + length-constrained (25%),0.8724851038605443,0.17499999999999982,1.0,4,0.2080144832000611,2,430.0
degree-preserving + length-constrained (25%),0.8025083314500308,0.21590909090909083,1.0,4,0.1803454692942691,2,430.0
degree-preserving + length-constrained (25%),0.8576106423900547,0.0972222222222221,1.0,5,0.16019742589249308,3,430.0
degree-preserving + length-constrained (25%),0.8299592338428443,0.17499999999999982,0.9818390107519072,5,0.16294872219828305,4,430.0
degree-preserving + length-constrained (25%),0.7677123874814633,2.220446049250313e-16,1.0,4,0.20849074087273867,3,430.0
degree-preserving + length-constrained (25%),0.6724511022673378,0.22916666666666652,0.9967815994542882,5,0.2247537356842476,4,430.0
degree-preserving + length-constrained (25%),0.8306476001444143,2.220446049250313e-16,1.0,5,0.1660871284645693,2,430.0
degree-preserving + length-constrained (25%),0.8629749231008159,0.0972222222222221,1.0,4,0.16703449383987945,2,430.0
degree-preserving + length-constrained (25%),0.780580775364748,2.220446049250313e-16,1.0,5,0.18840196698411515,2,430.0
degree-preserving + length-constrained (25%),0.7683792518190895,0.0972222222222221,1.0,5,0.2286186626253457,3,430.0
degree-preserving + length-constrained (25%),0.826421633263341,0.0972222222222221,1.0,5,0.14477462437395672,3,430.0
degree-preserving + length-constrained (25%),0.8052222012952084,0.27083333333333326,1.0,5,0.16950208125025845,2,430.0
degree-preserving + length-constrained (25%),0.8244252101118945,2.220446049250313e-16,1.0,5,0.20761119101964198,2,430.0
degree-preserving + length-constrained (25%),0.8510602133233516,0.0972222222222221,1.0,5,0.1345119603803333,3,430.0
degree-preserving + length-constrained (25%),0.761103880788291,0.1499999999999999,1.0,5,0.274810571058954,3,430.0
degree-preserving + length-constrained (25%),0.7707391531742522,0.1499999999999999,1.0,4,0.21986593954815703,2,430.0
degree-preserving + length-constrained (25%),0.8627417973884033,0.0972222222222221,1.0,5,0.20399549668239625,2,430.0
degree-preserving + length-constrained (25%),0.7372892415492185,0.1499999999999999,0.9918561470271705,5,0.23370238463920723,4,430.0
degree-preserving + length-constrained (25%),0.7487134463591425,0.0972222222222221,0.9775351335101735,5,0.2632827900632492,4,430.0
degree-preserving + length-constrained (25%),0.7228346223456654,0.1499999999999999,0.9766588188795896,5,0.23630772633725072,4,430.0
degree-preserving + length-constrained (25%),0.875,2.220446049250313e-16,1.0,4,0.17958652667920372,1,430.0
degree-preserving + length-constrained (25%),0.788030308384597,0.21590909090909083,1.0,4,0.2220349253831837,2,430.0
degree-preserving + length-constrained (25%),0.869464561453744,0.0972222222222221,1.0,4,0.13284378207259417,2,430.0
degree-preserving + length-constrained (25%),0.798181457401995,2.220446049250313e-16,1.0,5,0.18195912020383687,3,430.0
degree-preserving + length-constrained (25%),0.816142406677056,0.0972222222222221,1.0,5,0.18508486044007366,3,430.0
degree-preserving + length-constrained (25%),0.869686380499952,0.0972222222222221,1.0,5,0.16504591915014855,2,430.0
degree-preserving + length-constrained (25%),0.8642701950443517,0.23863636363636354,1.0,5,0.26291548175089474,3,430.0
degree-preserving + length-constrained (25%),0.8382723297386871,2.220446049250313e-16,1.0,5,0.12441441974918754,2,430.0
degree-preserving + length-constrained (25%),0.7511157017361882,0.25,1.0,5,0.18082664020799988,3,430.0
degree-preserving + length-constrained (25%),0.7881211915695563,2.220446049250313e-16,1.0,4,0.21477407083740307,2,430.0
degree-preserving + length-constrained (25%),0.8587093397587011,0.0972222222222221,1.0,4,0.11915106951871657,2,430.0
degree-preserving + length-constrained (25%),0.7026697175135139,0.3035714285714284,1.0,5,0.23159043387457412,3,430.0
degree-preserving + length-constrained (25%),0.875,2.220446049250313e-16,1.0,5,0.15838292903420215,1,430.0
degree-preserving + length-constrained (25%),0.8514127900834496,0.0972222222222221,1.0,5,0.22282451799769531,3,430.0
degree-preserving + length-constrained (25%),0.8311493932216147,0.0972222222222221,1.0,5,0.16540671303296028,3,430.0
degree-preserving + length-constrained (25%),0.8696359081179321,0.0972222222222221,1.0,5,0.1366135504282736,2,430.0
degree-preserving + length-constrained (25%),0.8132056886468741,0.0972222222222221,1.0,4,0.21014707995975657,2,430.0
degree-preserving + length-constrained (25%),0.8557555197980964,0.0972222222222221,1.0,5,0.20979658258746936,2,430.0
degree-preserving + length-constrained (25%),0.8457626181549691,0.0972222222222221,1.0,4,0.24280119788067267,3,430.0
degree-preserving + length-constrained (25%),0.868476320951463,0.0972222222222221,1.0,5,0.17389714437684922,2,430.0
degree-preserving + length-constrained (25%),0.7569600970667867,0.1499999999999999,1.0,5,0.303697820608144,3,430.0
degree-preserving + length-constrained (25%),0.7511172106767989,0.1499999999999999,1.0,5,0.16559180841985566,2,430.0
degree-preserving + length-constrained (25%),0.7578298406733566,2.220446049250313e-16,1.0,5,0.20961685823754783,3,430.0
degree-preserving + length-constrained (25%),0.8390958914054796,0.0972222222222221,1.0,5,0.2572715143428952,3,430.0
degree-preserving + length-constrained (25%),0.6650859922999175,2.220446049250313e-16,1.0,5,0.15644422833428806,3,430.0
degree-preserving + length-constrained (25%),0.6497413299374482,0.17045454545454541,1.0,4,0.2064175811608635,3,430.0
degree-preserving + length-constrained (25%),0.7504342431761823,2.220446049250313e-16,1.0,4,0.1801687325221072,2,430.0
degree-preserving + length-constrained (25%),0.7583130482484299,0.1499999999999999,1.0,5,0.18894733084227822,2,430.0
degree-preserving + length-constrained (25%),0.7622242606871097,2.220446049250313e-16,1.0,5,0.1376314597095366,2,430.0
degree-preserving + length-constrained (25%),,2.220446049250313e-16,,4,0.2131757811561833,0,430.0
degree-preserving + length-constrained (25%),0.7375063021913664,0.1499999999999999,1.0,5,0.2558869183262328,3,430.0
degree-preserving + length-constrained (25%),0.8714235747936794,0.0972222222222221,1.0,4,0.17544303428012709,2,430.0
